step,sample_average_reward,constant_step_reward,sample_average_optimal_percent,constant_step_optimal_percent
1,-0.010261881192067862,-0.0035985428176011,100.0,100.0
2,-0.03655367902294862,-0.03705113802954671,10.4,9.45
3,-0.01904673378437872,0.01611564196659236,10.35,10.65
4,0.008045397943890944,0.030252739579311943,10.549999999999999,9.35
5,-0.01462924983650966,-0.024006081878204057,10.15,8.85
6,0.011588388075192434,-0.015142970510119792,10.4,10.35
7,0.022169795163731486,0.013020896477385578,9.8,10.4
8,-0.005104610567850628,0.04501208390405628,9.9,10.9
9,0.005922759057050207,-0.006548492527841258,10.2,11.0
10,-0.011626962922791747,-0.0291952867902208,11.4,10.8
11,0.018224723365015506,0.0027491077210736892,11.65,10.4
12,-0.00249987032555899,-0.001342768948304297,10.8,10.4
13,-0.0272382750826874,-0.045290807883911904,11.75,10.299999999999999
14,-0.02612557969860019,0.033092926282877154,11.25,10.0
15,-0.0097953031562659,-0.008707056517983685,10.299999999999999,10.9
16,0.017194062276715556,0.03529458410396083,11.3,10.45
17,-0.015745189365817636,-0.009492304182902964,11.25,11.25
18,-0.035228268869227336,-0.02994910652576228,11.5,10.45
19,-0.009526613691181608,0.02481830434282675,11.200000000000001,11.700000000000001
20,6.438528458934378e-05,0.013665641293577526,10.35,12.0
21,0.03486249331828534,0.026639513412409697,9.6,10.7
22,0.03994635036381943,-0.013223448366629732,10.15,11.05
23,0.0033761226978897235,0.023047049217711193,11.3,12.15
24,0.018702590986090402,-0.011166510211356609,10.65,12.049999999999999
25,-0.002441558145649731,0.0020298413353700426,10.549999999999999,12.5
26,0.006269669539579538,-0.01227533592292615,10.6,11.35
27,-0.0037605987462236996,0.02217392848454779,10.2,11.5
28,-0.009571502300491868,-0.04298481111803005,10.95,11.5
29,-0.03435943215720604,-0.053385078891589534,11.15,11.95
30,-0.000744315241760983,0.02472808613826247,11.65,12.45
31,-0.029048525241025646,0.06266783615050905,10.9,11.799999999999999
32,0.03969587872604023,0.010577730904984614,11.05,11.899999999999999
33,-0.004198212289202906,0.0018091981288199275,11.55,12.2
34,0.021328871062753118,0.04314810467784745,12.35,12.6
35,0.015311371959447151,0.032962489188475816,12.0,12.6
36,-0.016864070520357117,-0.022325322116444116,11.4,12.65
37,0.03311839897543513,-0.0007612609564380461,11.75,12.4
38,-0.004453160681661135,-0.01494799462649985,12.15,11.4
39,0.0109132169302096,0.021153277972264295,11.450000000000001,11.95
40,-0.011763523399943186,0.037158106953753677,11.95,11.0
41,-0.009056432013179858,-0.03698932167594808,11.55,11.600000000000001
42,0.01476123891544741,0.008821990476720706,11.200000000000001,12.25
43,0.027824494395149238,0.009338797882362797,11.450000000000001,12.049999999999999
44,0.014384907741645993,0.010127742390008436,12.2,12.45
45,-0.0007422910244134578,0.013378072564490792,12.45,12.2
46,0.01477578426924216,0.042564010353333785,11.700000000000001,12.950000000000001
47,0.008251630139639666,0.019457195504001896,11.600000000000001,12.950000000000001
48,0.02532525531703903,0.030755325960836,11.75,12.2
49,0.033830027464673826,0.057556802791083814,12.35,13.05
50,-0.013677087467634682,0.01151904279862139,12.15,13.350000000000001
51,-0.026747056223276288,-0.0011300069776400434,11.75,12.9
52,0.03666818457820933,0.039289073861182584,11.5,13.65
53,0.008703499782425307,0.001412527956276648,12.5,12.35
54,-0.0012252745826189803,-0.031737041797153136,12.65,13.0
55,-0.01422108482323313,-0.001148368869063521,12.049999999999999,12.5
56,0.055395574275225304,0.03233098286851813,12.7,11.75
57,0.06019007485033838,-0.004369359762092182,12.6,12.7
58,0.03561299825588474,0.018738433382600977,12.9,11.85
59,0.03702532246786322,0.02448651036728131,12.65,12.25
60,0.054638782425537866,-0.003666778325700147,12.65,11.4
61,0.008411179138476606,0.03554235025353394,13.3,12.65
62,0.03149416821847874,0.025657606695406864,13.65,12.85
63,0.00842303337653045,0.04187509528298485,13.05,12.1
64,0.008374457192992416,0.037593939151690944,12.25,12.7
65,0.020364074438736977,-0.0009543992072948866,13.15,14.099999999999998
66,0.025425870019767864,0.022873600998288144,13.700000000000001,12.9
67,0.030867249053073323,-0.005463928003799609,13.350000000000001,13.65
68,0.01776710956965502,0.0283156328681522,13.450000000000001,14.499999999999998
69,-0.019849211846939514,0.01529398784358002,12.950000000000001,14.45
70,0.033571235276754395,-0.009448057649337895,12.8,13.8
71,0.036967406093584725,0.013303745836943858,13.25,13.8
72,0.019371722814327433,0.03971183285790561,13.700000000000001,13.25
73,0.055975423701117785,0.02816577449193662,13.200000000000001,13.25
74,-0.02785142612365481,0.019015860814744726,13.350000000000001,12.85
75,-0.02768225417770331,0.023374721144353832,13.750000000000002,13.3
76,-0.022894416265815516,0.035373359859763594,12.8,13.5
77,-0.016600068547991256,0.016491787511998302,13.65,14.299999999999999
78,0.053698062999730456,0.03802864475105255,13.900000000000002,14.85
79,0.033556735876298364,0.02217950830514996,14.35,13.600000000000001
80,0.009908142017737822,0.02538196160477262,12.7,13.600000000000001
81,0.02061869367752644,0.011197800772390703,13.15,12.65
82,0.00031649085740420357,0.04305713833979798,13.450000000000001,13.950000000000001
83,0.005694693553273624,0.017031142982556507,13.4,14.35
84,0.010483817292002357,0.027902332993375887,13.5,14.249999999999998
85,0.00460884446936141,-0.00016497575686034692,13.8,14.649999999999999
86,0.0004989320768803278,0.038082225116705774,13.600000000000001,15.0
87,0.03590912930829138,0.034904685060639,13.3,13.850000000000001
88,0.0021296604897243867,0.006041203075288742,13.5,14.6
89,0.055094722051066004,0.08084374881062628,13.100000000000001,15.8
90,-0.01034435032632549,-0.010907077080676045,13.700000000000001,15.75
91,-0.009906689629014191,0.021798675023306898,14.7,15.25
92,0.030179473992906224,0.01955987016593176,14.000000000000002,15.8
93,-0.0025190131126882685,0.0054697930221520455,14.35,15.25
94,0.02070375548275656,0.018749476541149074,14.35,15.950000000000001
95,0.01677653971137946,0.043655940170843385,14.45,15.55
96,-0.0012146011631399038,0.0024003165444933783,14.85,16.25
97,0.054476632207333155,-0.0038902042905825185,14.299999999999999,16.1
98,0.016553337010497465,0.048381461807354816,14.099999999999998,15.45
99,0.02446151674857351,0.017342884420071838,14.35,16.1
100,-0.0018688241137282304,0.03761907258876822,14.2,16.0
101,-0.010113285379860849,0.03073436060746993,14.099999999999998,16.400000000000002
102,0.01940066354395887,0.039259920778930604,13.8,16.150000000000002
103,0.043735507983371516,0.026588551942840075,13.900000000000002,15.2
104,0.06749515353981503,0.02543046073246035,13.25,14.2
105,-0.0015733469310987118,-0.0018814622184383687,13.750000000000002,15.25
106,0.057748255327926004,0.02670613307785785,14.6,14.649999999999999
107,0.04233367959228194,0.024020708852584803,14.649999999999999,15.5
108,0.03568076739023503,0.027035837753070346,14.099999999999998,16.0
109,0.02959496621673862,0.05468756372212861,14.899999999999999,15.9
110,0.015433721095159348,0.0338772425204362,13.900000000000002,16.55
111,0.008877872115026946,0.044900926075546896,14.399999999999999,15.950000000000001
112,0.033185576113350435,0.01609575055281386,13.8,15.9
113,0.046724869665995775,0.013444753975846933,13.200000000000001,15.8
114,-0.020550624279056618,0.04979687262979934,14.399999999999999,16.2
115,0.021182201285208837,0.008825220720398924,15.65,16.75
116,-0.002783038829427326,0.01886621975409048,15.15,16.75
117,0.038757582931101424,0.054785143764676664,15.049999999999999,16.25
118,0.015861387502523628,-0.00713430939852324,13.850000000000001,16.650000000000002
119,-0.022347879342945312,0.034756977233468586,14.649999999999999,16.5
120,0.04570308422926276,0.02132111711873656,14.2,17.65
121,0.043850303120493025,0.022715992751110796,14.6,16.3
122,0.05558451075552678,0.05132333621350783,15.35,16.6
123,0.012788140498340081,0.029056379626973317,13.700000000000001,16.650000000000002
124,0.01983091043934487,0.026331843645352414,13.950000000000001,16.400000000000002
125,-0.011032515656885539,0.02864303778891219,13.700000000000001,16.650000000000002
126,0.021368879676921165,0.036064670941427505,13.850000000000001,17.150000000000002
127,0.08006987662372696,0.0284043336742481,15.1,16.650000000000002
128,0.0272554853539606,0.0070642133649411465,14.45,15.65
129,0.013338282597823074,-0.002450304488464461,14.899999999999999,17.05
130,0.011442522575583706,0.017282768107932556,14.549999999999999,17.299999999999997
131,0.03757772776267523,0.02680638484173642,15.15,17.05
132,0.04199169387846367,0.011625609822692656,15.25,16.6
133,0.03291126933654579,0.03963568365535629,14.399999999999999,16.55
134,0.04336229462772698,0.05043759453820235,15.2,17.1
135,0.01829353043806538,0.04320533452094121,14.899999999999999,16.900000000000002
136,0.07172307249570287,0.016654140705933917,15.65,16.35
137,0.04250604102473149,0.019140226211562115,15.0,17.05
138,0.0602281407439414,0.022530188677036513,15.9,17.9
139,0.004982388673871277,0.0644335487710325,15.299999999999999,16.8
140,0.02768029427965824,0.004706000748137879,16.05,17.1
141,0.06416129699951088,0.005463893792718073,16.05,17.25
142,0.0945301827011856,0.017624861474574153,15.950000000000001,17.2
143,0.06737424293816249,0.01994608229999912,15.950000000000001,18.05
144,0.04160393197410379,-0.019610996574427192,17.05,18.45
145,0.06123220720648058,0.04345337859927904,16.900000000000002,17.599999999999998
146,-0.001806820195568815,0.008672565054369885,16.85,18.05
147,0.01618125806627933,0.03416425022383087,17.45,18.099999999999998
148,0.037149475921322686,0.07380319373752942,16.55,18.3
149,0.034811069485768585,0.030361503486307444,16.55,18.6
150,0.020437324386141185,0.05178691130407228,17.0,19.35
151,0.03858644007251605,0.04018673820188474,17.25,18.8
152,0.054352622149774474,0.06385596421499294,15.85,18.65
153,0.03871516424409295,0.06173459004316268,16.45,18.7
154,0.06307865618980704,0.05242789886267816,16.0,18.25
155,0.07987544685194638,0.08086626670474834,16.150000000000002,18.6
156,0.04054197921485526,0.03263507645997761,16.8,18.15
157,0.06299961144766823,0.07060529055459398,16.45,17.95
158,0.07642935442965965,0.03688044946481446,17.05,18.35
159,0.08363588969797256,0.0468992971226896,16.900000000000002,18.85
160,0.08350964039250443,0.09096646661674379,16.45,18.05
161,0.05116338090521202,0.05409865042211982,15.9,18.85
162,0.009365975052606798,0.02959914666174341,16.1,18.95
163,0.024700262327290844,0.06602766692763913,16.75,20.150000000000002
164,0.021292841784160195,0.048624650977478215,16.950000000000003,18.8
165,0.0498081860384768,0.04486249736311484,16.6,19.7
166,0.045240989080749035,0.0539655741048912,16.900000000000002,19.3
167,0.06423353629387131,0.042832652890894156,16.950000000000003,19.8
168,0.01596834178736877,0.019332918049420354,16.55,20.200000000000003
169,0.029531650870524926,0.03568115358984508,17.25,19.5
170,0.014547451520148542,0.06243004690584372,17.25,19.650000000000002
171,0.070990767022771,0.03663792495140835,17.349999999999998,18.25
172,0.051328813768617386,0.01324859326762971,17.5,19.35
173,0.043233495777471036,0.08319017110287368,16.3,20.150000000000002
174,0.040842007321600746,0.041226399087444576,17.1,20.1
175,0.06984298273447283,0.06583681860002841,17.45,20.25
176,0.04759552295950222,0.08717680913113944,17.65,20.05
177,0.03198551189388494,0.058321907939818354,17.4,20.3
178,0.0781504695180746,0.07547619157052586,17.8,20.75
179,0.049640728297782884,0.09216558647968409,17.75,19.3
180,0.052639150438462075,0.01844097224583409,17.299999999999997,19.75
181,0.042798693344017376,0.04522354960611544,17.7,20.349999999999998
182,0.046462527559481916,0.04425907385551149,17.599999999999998,19.400000000000002
183,0.09077367937213904,0.052387806183804085,18.4,19.5
184,0.054568576174581294,0.04797308550525784,18.3,19.7
185,0.05379446072588509,0.023008482343250654,18.65,19.900000000000002
186,0.014969616928129526,0.047645109845139096,17.95,19.75
187,0.056231148591678985,0.06861601837439531,18.15,18.95
188,0.08999988710811208,0.05624369350703181,18.9,18.5
189,0.014532623237579383,0.09132908275295648,18.65,19.1
190,0.05678668601183695,0.052376472914464206,18.35,19.35
191,0.09888803798836675,0.05867971870477184,18.95,20.65
192,0.06618240453866525,0.044863477037273926,18.4,21.45
193,0.03589585804996349,0.04407880091467778,18.8,21.7
194,0.022404599854487936,0.0631026481691175,18.5,21.45
195,0.02054465729978902,0.045696631321714254,18.2,21.7
196,0.0027670370876431215,0.04138228994587929,19.1,21.8
197,0.06439639057454337,0.06508988061317193,19.2,22.6
198,0.07951025172832515,0.10053827074738057,19.6,22.5
199,0.0835417376090625,0.08887413238656718,18.45,23.1
200,0.06028552965085697,0.07821774475018564,18.4,23.05
201,0.0589298600254427,0.07609377043548701,18.0,22.900000000000002
202,0.045094744242739696,0.08927696683969616,18.55,23.0
203,0.10880544026073523,0.07390725757913764,18.6,22.7
204,0.04772170985490567,0.08234498634398384,19.25,23.200000000000003
205,0.04699327911848175,0.07059240511297686,20.1,23.200000000000003
206,0.06443990260236393,0.011075787492946043,20.25,22.5
207,0.031827844386522655,0.05760277079741196,20.200000000000003,22.55
208,0.06210304800102907,0.05391915291504922,21.15,22.35
209,0.119761586919425,0.0960368667223161,20.349999999999998,21.95
210,0.03374719276687972,0.03450289840600074,20.65,22.15
211,0.07026356472901844,0.05444268644339541,20.150000000000002,22.1
212,0.051957526254220836,0.049216446667346814,20.599999999999998,22.3
213,0.08373538781359371,0.08470096031923818,20.599999999999998,22.650000000000002
214,0.09397880378854452,0.05249223060426853,20.9,21.8
215,0.05822832592477416,0.04268739369698808,20.65,23.25
216,0.09179103170182455,0.07785274122103916,20.1,23.150000000000002
217,0.028217308927750186,0.0476280748794695,20.05,23.25
218,0.06873166404383241,0.09877911513362547,20.95,22.75
219,0.039035874093824065,0.0729617974377495,20.599999999999998,23.45
220,0.04852900320718898,0.05490028046916598,20.45,23.150000000000002
221,0.10261012742851586,0.07254617497761634,20.75,22.85
222,0.05790414682239718,0.11615219445158577,19.900000000000002,23.599999999999998
223,0.07732281730055197,0.08959947167110896,20.45,23.1
224,0.07638370446120436,0.0888053049670482,20.549999999999997,22.55
225,0.09158891772776176,0.07397833801504917,21.2,22.0
226,0.041072577415937346,0.07760004416435623,21.45,22.75
227,0.07951231582319876,0.11315110877174664,20.95,23.150000000000002
228,0.09094418156844011,0.08992657766483114,20.9,23.200000000000003
229,0.0893454178154619,0.09586329694483735,20.599999999999998,22.45
230,0.083676301750912,0.07980423180054262,20.45,22.650000000000002
231,0.07832839803577298,0.10854343778879828,20.4,22.5
232,0.061306174233321374,0.04427485867371189,21.5,21.65
233,0.09411306465113077,0.06570016171128948,20.150000000000002,22.15
234,0.06657452848268718,0.05618814344750602,21.7,22.400000000000002
235,0.1005333594376117,0.07035642123545248,20.75,23.599999999999998
236,0.0951774736794801,0.019225630575061572,20.9,23.35
237,0.14595896156016808,0.05556850249314008,20.7,23.45
238,0.06556304894948206,0.10737493473568456,20.849999999999998,23.150000000000002
239,0.0522061341665258,0.11363802076799526,21.2,24.05
240,0.11077538971723501,0.07619303252251182,21.75,23.65
241,0.10718446367949871,0.09114043191652405,21.7,23.75
242,0.05697156906563356,0.049314867358039825,20.7,23.9
243,0.07142827291895244,0.08998940091523483,21.9,23.599999999999998
244,0.060524883930458656,0.08432811096858736,21.349999999999998,23.5
245,0.14000060423740535,0.05040885368269367,21.3,23.45
246,0.09789578232362088,0.11094493246556794,21.5,23.849999999999998
247,0.07634666373954652,0.0970308657435391,21.349999999999998,23.849999999999998
248,0.09905104394084986,0.0730080769484464,21.45,23.849999999999998
249,0.07014276380133219,0.06559128402692922,22.2,23.599999999999998
250,0.05979706231861901,0.05919236325424076,21.8,24.05
251,0.08455871956146083,0.13513704817771974,22.35,24.55
252,0.11836123242315773,0.12869539850882114,21.6,23.3
253,0.08509648802226404,0.07030128283206105,22.650000000000002,23.400000000000002
254,0.10963114668436737,0.07002608308740677,22.05,24.45
255,0.05165046353134292,0.07121768511672374,21.6,23.5
256,0.09235545925636249,0.1108246238133392,22.7,23.25
257,0.08848333270301698,0.11629285595548049,22.55,24.75
258,0.08021066488425582,0.06366438044832254,22.2,23.849999999999998
259,0.08507745308480001,0.08208022287632585,22.2,25.15
260,0.10067010560956027,0.09546422730574047,22.45,24.8
261,0.11788419074908918,0.10066886978991688,22.650000000000002,25.15
262,0.11099415399627173,0.07400645899545451,22.25,24.95
263,0.06938176007517174,0.12797516091064237,22.15,25.0
264,0.10492090443684893,0.13736835602644723,22.2,24.6
265,0.05799563013288875,0.08937952077088103,22.3,25.15
266,0.07007065567143245,0.11817721306190854,22.75,25.0
267,0.10201857711210302,0.06788148482679082,23.25,24.65
268,0.09268824488681571,0.030474509828410833,22.05,24.7
269,0.10531316631758508,0.06815563460774572,21.85,24.45
270,0.1135605911261782,0.08524961249417115,22.55,25.05
271,0.11711600094530236,0.09141806117728536,22.3,25.2
272,0.08484737604744148,0.07489254330404889,22.55,24.3
273,0.09372661787685088,0.11948085674666759,21.45,25.2
274,0.07996967024929243,0.08246214306038398,22.05,25.35
275,0.11394185643022865,0.08182508788644254,22.05,25.650000000000002
276,0.07988353764987645,0.09659081490279968,22.95,25.1
277,0.07270164421930307,0.08681438385124875,22.400000000000002,25.4
278,0.09670558789908192,0.08689427021641162,21.95,24.15
279,0.1296784411974263,0.11609169785333177,23.45,24.95
280,0.14328700835919733,0.07309800891482877,21.65,25.45
281,0.1054317428477481,0.06945323861841322,22.3,24.6
282,0.07580121460809831,0.08744720881894957,22.55,25.05
283,0.12126779061723617,0.11366232412585427,23.200000000000003,25.35
284,0.08698200257714865,0.12858489699573472,22.25,26.3
285,0.0756204204643456,0.06857385075744866,23.25,25.45
286,0.09194628222672542,0.12075900391664245,24.099999999999998,25.75
287,0.11444903887911143,0.09566932900012887,23.1,25.75
288,0.10353588215709932,0.12507637687496606,23.5,25.6
289,0.08647225178936142,0.059468392741594545,22.85,26.05
290,0.12679329206936116,0.09015326325192885,23.1,26.8
291,0.06397039304522738,0.10332370413941266,22.85,26.6
292,0.07278816736846903,0.0869920343577489,22.3,25.95
293,0.0981843911358176,0.12959848370613233,22.650000000000002,25.75
294,0.1043026323299512,0.08877321284736288,22.8,26.35
295,0.09301294013237653,0.09397268655379151,23.1,26.25
296,0.07724097954091909,0.1427852440810473,23.150000000000002,27.0
297,0.07625017556408517,0.09927872489045167,24.0,26.05
298,0.07611377739987202,0.133037857421051,23.599999999999998,26.8
299,0.09402965468896002,0.09754220423300078,23.549999999999997,26.650000000000002
300,0.06308488041180499,0.07992382590100516,23.599999999999998,26.05
301,0.13913113758210308,0.08692833380735598,24.4,26.450000000000003
302,0.12143218305779285,0.15506784340551805,23.65,27.0
303,0.07625500756995592,0.13634848445067543,23.150000000000002,26.900000000000002
304,0.09940007505611011,0.0989918872461813,23.799999999999997,27.3
305,0.09114221019086025,0.1123209021197521,23.1,26.650000000000002
306,0.12231186259281594,0.08489816512577983,24.65,27.750000000000004
307,0.10494820485458738,0.09450582439713492,23.25,28.1
308,0.10083211086922717,0.14648362700365294,23.150000000000002,27.3
309,0.11046719488832744,0.12863523267871965,24.15,27.700000000000003
310,0.07635860053724967,0.1685567890915671,23.5,27.3
311,0.08610039284514914,0.08243693040890437,24.25,27.450000000000003
312,0.12186745475426171,0.10904662206698237,23.849999999999998,26.75
313,0.09350824861586125,0.10052271884290984,24.099999999999998,27.85
314,0.05966883366884345,0.1302502195262453,23.75,28.299999999999997
315,0.09472998413955261,0.11942074620806066,24.05,27.55
316,0.12913157965787087,0.126218432995947,23.75,27.750000000000004
317,0.0673631803209696,0.1251050059182719,24.25,27.6
318,0.08658651528667625,0.12140025739093961,22.900000000000002,28.249999999999996
319,0.14405014885393444,0.1454365934249035,24.25,28.9
320,0.0919350997026543,0.14113755453001947,23.599999999999998,28.1
321,0.10593551702910296,0.09944054234939335,23.400000000000002,28.199999999999996
322,0.11882957819376393,0.1334124056850778,24.8,28.799999999999997
323,0.1531052645098992,0.0776774749722244,24.05,28.95
324,0.11468528286059944,0.13732105921116955,24.25,28.449999999999996
325,0.1407818145115912,0.11990740817140158,24.6,28.799999999999997
326,0.10512804057523405,0.12277154730595644,24.4,28.349999999999998
327,0.09041684033596244,0.1623564101988115,24.7,28.999999999999996
328,0.08805850776328777,0.11839729361123011,24.6,29.7
329,0.10992337720428073,0.12992653305213792,24.9,29.4
330,0.12633051899248907,0.15076762620815176,25.35,29.45
331,0.12517535442234465,0.13135580591563925,25.3,28.65
332,0.09082763894927498,0.14489235941988665,24.7,28.249999999999996
333,0.1297224592253756,0.1427377415323712,24.349999999999998,29.15
334,0.08751001886285795,0.07012944036270025,24.75,29.25
335,0.1171425985115569,0.1378043767307242,25.25,28.749999999999996
336,0.10152509333248706,0.11105556223640455,25.55,29.25
337,0.09493984390438939,0.11927275132437433,25.35,29.45
338,0.12550864702327874,0.09792151732525446,24.85,29.849999999999998
339,0.12337834321859213,0.1424156401713639,25.15,29.349999999999998
340,0.11361713950775325,0.14493374636602646,25.1,29.5
341,0.12805300778427767,0.15871560415949307,24.2,28.9
342,0.1673947783388898,0.1287033623911086,24.95,29.849999999999998
343,0.1000471625399058,0.14668706793624534,25.45,29.549999999999997
344,0.0846186235383255,0.15003164141321712,24.85,29.4
345,0.11471127742772107,0.12384992791406998,24.25,29.599999999999998
346,0.11589948119350596,0.1324169679265396,24.25,30.2
347,0.15292360703820224,0.14308175169903511,23.95,31.2
348,0.08824178783191788,0.14906975188151503,23.799999999999997,29.5
349,0.12868049362737452,0.09749918877104616,23.9,29.45
350,0.1357419753513916,0.11365245736229616,24.4,29.849999999999998
351,0.10997611259302804,0.12260141725185364,24.7,30.0
352,0.0931395395710268,0.13748285182801095,24.2,29.95
353,0.124919379018564,0.10048316947061403,25.05,30.85
354,0.13025140563876336,0.15741337023123111,24.5,29.799999999999997
355,0.11263274401143848,0.10022407826094439,23.95,29.95
356,0.12508710032112835,0.1217999630949386,24.25,30.0
357,0.11867527144004178,0.13211288986804534,24.15,30.45
358,0.1468832009195055,0.1569489236748277,25.15,30.599999999999998
359,0.1117992527205989,0.14062156942512347,24.2,30.45
360,0.12617341100821297,0.08538837178230418,25.55,30.0
361,0.08485295242484621,0.11444396804073369,25.85,30.15
362,0.10242485913309074,0.11091169453485739,24.7,29.849999999999998
363,0.128309041061276,0.11725810640772633,24.65,30.65
364,0.09339213278646542,0.16120314682624337,26.200000000000003,30.2
365,0.1394337288539403,0.14940656581558046,24.75,30.5
366,0.13434184723096154,0.15333414365685533,25.2,30.5
367,0.15896071669050527,0.14151456690637088,25.2,30.95
368,0.10093638664468452,0.14136650355792738,24.75,31.2
369,0.15921978200926365,0.10577113887776336,24.55,30.2
370,0.12021309147584792,0.11505837047668084,23.599999999999998,29.95
371,0.10875365540239307,0.13410292564442688,24.3,30.599999999999998
372,0.15223777965579272,0.11518536527758404,24.349999999999998,30.9
373,0.11220576234479057,0.19137019018564605,25.45,30.4
374,0.15655129625685998,0.1548342705629441,24.45,30.55
375,0.13671363588611193,0.16171167041343779,25.7,30.2
376,0.09596451092033169,0.11157932332403855,25.45,29.75
377,0.13163661669154056,0.08663297679412084,25.8,30.0
378,0.11290306086424914,0.139263438459175,25.95,31.3
379,0.11514036793947705,0.16981513889214964,25.6,30.4
380,0.15370907716199753,0.20360393248651776,25.75,30.349999999999998
381,0.11779404640844714,0.11893773901280684,27.1,29.799999999999997
382,0.14751003984493452,0.1371946036002029,26.35,30.25
383,0.1399889158056077,0.15294787642399893,26.400000000000002,31.75
384,0.1240414854404532,0.14538002576243278,26.1,32.1
385,0.14364448898865537,0.1531674536709828,26.25,31.55
386,0.09805980068809848,0.12200168172056503,26.25,32.35
387,0.13190820840140205,0.12743391251829753,26.200000000000003,32.05
388,0.09310010840244756,0.1384969493693721,26.55,32.35
389,0.12128328904080325,0.15174877427153324,26.35,31.75
390,0.13641750130553867,0.14272050360483918,25.95,32.1
391,0.13268472844028747,0.1668534431838209,25.5,31.15
392,0.09232443056131011,0.1288727376191781,26.05,31.55
393,0.14828623817714445,0.13267973738065483,25.25,32.15
394,0.10664497117045921,0.1243510436287728,25.900000000000002,31.35
395,0.14444227065859677,0.1502990248334492,25.55,31.900000000000002
396,0.1202720804749385,0.14997745957745962,25.7,32.75
397,0.1395719020551032,0.15655061128086323,25.3,32.65
398,0.1399820345161902,0.1023117825649219,25.35,33.300000000000004
399,0.10102218305009078,0.14343866178469472,25.85,32.5
400,0.11892041046961194,0.19267638695460837,25.650000000000002,33.0
401,0.148057617718624,0.14366412896496222,26.150000000000002,33.050000000000004
402,0.14803178448939977,0.14496860487094557,26.200000000000003,31.25
403,0.11165090197477916,0.1515181054290788,25.900000000000002,31.7
404,0.1393918767361002,0.15414733557555535,25.7,32.550000000000004
405,0.09167486148102537,0.16346752303005793,26.3,32.35
406,0.15065537289753378,0.1603803791505826,26.1,32.15
407,0.17192706599652618,0.16106772887499585,27.35,32.45
408,0.09437708791015806,0.13633370621844218,27.1,31.95
409,0.13585442179258475,0.11946624790944171,26.700000000000003,32.25
410,0.15950088838864254,0.16518285659599508,26.55,33.75
411,0.09801527394211905,0.15625229898579687,26.8,33.35
412,0.11508831441837689,0.14156569630202703,27.1,33.2
413,0.14027035622528503,0.16483945888402007,26.35,32.35
414,0.15815464929867534,0.16562963559562457,27.6,32.550000000000004
415,0.16359482908485876,0.17590836063693674,27.650000000000002,32.800000000000004
416,0.13892272816796192,0.143799794085512,27.3,32.1
417,0.15076477353048073,0.14421044113747325,27.250000000000004,32.75
418,0.14059107260053405,0.1518858222133105,27.0,32.25
419,0.20086078443498223,0.1338262467589023,27.6,31.85
420,0.12808867407008315,0.16105158059949287,28.15,33.1
421,0.14428204250749077,0.17014931378176032,27.900000000000002,32.75
422,0.15305989387402122,0.1434311900997672,27.700000000000003,31.45
423,0.10205749748939423,0.16637952048204505,28.249999999999996,32.25
424,0.15485406596917578,0.16653956733855513,27.500000000000004,32.85
425,0.1457055650185005,0.18288111543373745,27.6,32.85
426,0.13784905972436023,0.18107614455611196,28.1,32.6
427,0.17801703336032312,0.19815539915412592,28.7,33.25
428,0.14277819137437586,0.20741233144698298,27.900000000000002,32.4
429,0.15888341327897723,0.1536240232733582,27.750000000000004,33.35
430,0.1322447512785419,0.15757002805177184,27.700000000000003,33.0
431,0.1577348351023358,0.15603958839020635,27.900000000000002,32.35
432,0.12513292333225723,0.17732523132434574,28.15,33.4
433,0.17066599275361222,0.14284760058939092,28.799999999999997,32.7
434,0.12022301276777296,0.15222830450006816,27.750000000000004,32.1
435,0.1519279956752062,0.1796378896275098,27.6,31.85
436,0.16404932263797412,0.18824540449171795,27.250000000000004,32.45
437,0.13336584122698822,0.160364872310248,28.1,32.35
438,0.1404438297529126,0.17494051275906183,29.75,33.0
439,0.13164550695540958,0.1714939132141166,27.900000000000002,32.6
440,0.1359381355107844,0.1581279884720985,28.9,31.95
441,0.14273695746052784,0.20222329485959348,28.299999999999997,32.0
442,0.16112376333061473,0.198350860935608,28.7,31.4
443,0.17964865877293615,0.1738361347559118,28.1,32.65
444,0.1749393599188178,0.18549470073243032,27.400000000000002,31.8
445,0.13988074764700703,0.1910423701960533,27.700000000000003,31.95
446,0.15063394856435108,0.18577100267707605,27.900000000000002,32.550000000000004
447,0.14653199215849752,0.14484665381159448,27.05,31.5
448,0.12797630497671067,0.18017764601494435,27.250000000000004,32.85
449,0.13499904085611933,0.15081952926036457,26.650000000000002,32.2
450,0.14471273561727266,0.15598508235933867,27.450000000000003,32.7
451,0.13772106378852633,0.20717525404456166,27.35,32.9
452,0.16799991631532948,0.19677364591244764,27.6,32.6
453,0.15419008697767222,0.1676472259707824,28.499999999999996,32.5
454,0.18088235748165277,0.1664319398961469,27.35,34.050000000000004
455,0.15112158136211665,0.12818560388120595,26.75,32.85
456,0.14818520006300473,0.17446259099645794,28.449999999999996,33.15
457,0.11665800110896815,0.13903668210192544,27.55,34.300000000000004
458,0.1206017629234145,0.18118276062676142,28.65,33.85
459,0.15576663187105505,0.16342501723805886,28.799999999999997,34.0
460,0.1626087950125155,0.14714013809686408,28.299999999999997,34.599999999999994
461,0.14981257277860563,0.20455191706270884,28.199999999999996,33.95
462,0.15052946824075678,0.18962716455206788,28.499999999999996,33.0
463,0.13277428422630821,0.1791833586946146,27.750000000000004,33.050000000000004
464,0.16219940973432848,0.20655508668520808,27.450000000000003,33.0
465,0.1371407290687178,0.19822568412094568,27.1,33.45
466,0.1393339612082401,0.14995046904032586,27.200000000000003,33.050000000000004
467,0.11098107849354923,0.18678139797857998,27.1,32.95
468,0.16760901122806432,0.158317848682914,28.000000000000004,34.4
469,0.1676411368931655,0.1810821072843242,27.500000000000004,32.75
470,0.18814756149613912,0.18941580957669846,28.749999999999996,33.95
471,0.15757377175659376,0.18416647659791027,28.499999999999996,33.85
472,0.14302221818077684,0.20141337755054065,28.499999999999996,34.849999999999994
473,0.17273173291532748,0.16909793955345007,27.750000000000004,34.050000000000004
474,0.15726334436892597,0.13795595104378872,28.549999999999997,33.75
475,0.16290855410314356,0.1926251776277637,27.800000000000004,34.300000000000004
476,0.1342582917827166,0.17373720550739852,28.050000000000004,33.95
477,0.14173799844328086,0.21665390292338055,27.900000000000002,33.75
478,0.10664769826214782,0.17524427304444964,29.75,34.1
479,0.16211883521554019,0.2132480678166562,28.499999999999996,33.1
480,0.13283024673575022,0.19961546338739436,29.349999999999998,34.050000000000004
481,0.16734596584330055,0.17503789492891564,28.65,34.599999999999994
482,0.13413909666236037,0.18975644830495486,28.799999999999997,34.849999999999994
483,0.1892537597456577,0.182597088026282,27.3,33.900000000000006
484,0.17818091538460898,0.22041820901215284,28.549999999999997,35.35
485,0.12022705265051059,0.20237067391613442,28.199999999999996,35.25
486,0.11136384772771389,0.1948355474290558,27.55,35.449999999999996
487,0.12027018944706554,0.19319030571816928,29.25,36.15
488,0.11615536171005397,0.1691236344585493,29.099999999999998,36.3
489,0.13863722092621583,0.18048845573467467,28.599999999999998,36.15
490,0.11531450173992291,0.18049349908283,28.799999999999997,35.8
491,0.15346486427632267,0.16423436375406147,29.299999999999997,36.0
492,0.16748667730497574,0.17481123749018715,28.349999999999998,35.699999999999996
493,0.1801106755051967,0.19114698041089784,28.849999999999998,34.849999999999994
494,0.17380088383763068,0.1668138323758187,28.9,34.849999999999994
495,0.13929272990550584,0.2053277878048968,28.999999999999996,34.55
496,0.20195224713889603,0.1928338270737746,28.749999999999996,34.35
497,0.20194186323647542,0.23603049671696255,29.099999999999998,35.0
498,0.19576364345204258,0.21959998566685332,28.4,34.699999999999996
499,0.15989540021630438,0.21154169296322425,29.049999999999997,34.699999999999996
500,0.19781358486238917,0.18891519288705513,29.75,33.95
501,0.17116875465239847,0.1952054369110137,30.0,33.900000000000006
502,0.15829948282846193,0.17795161116937397,29.15,34.5
503,0.19794854504548043,0.2071770868097479,29.65,34.55
504,0.18794740320995657,0.21553120352026692,28.999999999999996,34.2
505,0.17247701800961193,0.2185555495789007,29.799999999999997,34.25
506,0.15499177746504536,0.16954473479993196,29.25,35.35
507,0.15092896066032613,0.16128604701492316,29.849999999999998,35.15
508,0.13842442620480952,0.1765948556788427,29.5,35.75
509,0.15485984163682998,0.20539871375029647,28.249999999999996,36.35
510,0.19006137525992478,0.15623607331540101,29.549999999999997,35.65
511,0.16635533250246357,0.17412425997353237,29.65,36.449999999999996
512,0.15950079778242998,0.20773692660736118,30.25,35.55
513,0.18220654544710524,0.23633918936257184,29.599999999999998,35.9
514,0.17431945907702084,0.21026108192171075,28.849999999999998,36.15
515,0.13993369397505648,0.1794771090903347,28.95,36.3
516,0.17302267985013642,0.1853732442623707,29.099999999999998,36.3
517,0.19365549422586054,0.16949552248843128,28.349999999999998,35.3
518,0.15157292386833526,0.16703688607163583,28.95,35.449999999999996
519,0.17889046366305406,0.16067552906894636,29.799999999999997,36.6
520,0.1826614355907373,0.19557684760068192,29.5,36.95
521,0.14802434379502025,0.16999092702303104,28.4,35.6
522,0.17570258499074456,0.22817099258632947,28.799999999999997,36.1
523,0.19179416159263682,0.2150486839818133,28.7,35.85
524,0.18396995716244072,0.17369733464993328,29.75,36.8
525,0.19273375095796288,0.19630347273756213,30.25,36.85
526,0.19415620147972332,0.18505816144942072,29.5,36.3
527,0.15543570217508831,0.18644424268583593,29.849999999999998,36.6
528,0.20870496457188148,0.21011794747717386,28.799999999999997,36.1
529,0.18856509355889364,0.2054280114716579,29.299999999999997,36.199999999999996
530,0.17294932672268545,0.23900221241991554,29.4,36.449999999999996
531,0.18572168990418325,0.21016129387830593,29.099999999999998,36.85
532,0.1831799827457173,0.17807052848825197,28.799999999999997,36.35
533,0.16245108632916788,0.22710655839441973,29.5,37.05
534,0.17232243646481613,0.2103992813481028,28.95,37.05
535,0.1599114118228634,0.18958507429430127,29.299999999999997,36.4
536,0.1572222528239417,0.18338612157730302,29.4,36.449999999999996
537,0.1577084805820979,0.20330315015808093,29.75,36.7
538,0.18818250040843384,0.23006345556597074,29.2,36.9
539,0.19484764778106717,0.18388388043635767,29.299999999999997,36.0
540,0.21975761444534464,0.21626481532786374,29.5,36.449999999999996
541,0.16569350467687058,0.2446683709468233,28.249999999999996,36.15
542,0.17823363829875546,0.2169093323514333,29.65,35.699999999999996
543,0.1825358012638324,0.18345551241078054,29.549999999999997,36.05
544,0.18786459856765836,0.21607247036112034,29.95,35.3
545,0.17988077025504692,0.22597910422640485,29.65,36.449999999999996
546,0.17660172969479027,0.17973196789576495,29.549999999999997,35.9
547,0.1782546714526387,0.2100871388720355,29.45,35.55
548,0.1661487558220152,0.16912107873343835,29.799999999999997,36.05
549,0.17354436609382917,0.19092480970661926,29.799999999999997,35.199999999999996
550,0.18223094225643893,0.1988138153097658,29.75,36.1
551,0.2040246790414006,0.22179574997663087,30.2,37.15
552,0.18586767940990112,0.2024834209877646,30.0,36.6
553,0.16816950135293351,0.2099744699248834,29.549999999999997,37.7
554,0.15502335222557037,0.19168487891698138,30.2,37.8
555,0.1686334156864434,0.20343585915085885,30.55,36.9
556,0.18146691460853087,0.219912850246899,30.0,36.1
557,0.18579871127867795,0.24513350609225504,30.3,37.3
558,0.18023618670241784,0.24551224765040885,29.4,37.4
559,0.20303985898142843,0.23456778013403098,29.9,37.1
560,0.18275723918593972,0.21776118342228568,29.849999999999998,36.8
561,0.1970048269644413,0.18424151487593765,30.2,37.05
562,0.1874129354873548,0.20296806704276527,29.25,36.75
563,0.1635405526846167,0.23323415846944584,30.25,38.0
564,0.17121187587119033,0.19687890537357144,29.9,37.65
565,0.15788734663077078,0.17731398568800208,29.849999999999998,37.75
566,0.221583008599604,0.2255806367857527,30.25,36.1
567,0.1962620777582248,0.1852425184629433,29.549999999999997,37.3
568,0.21479544567862066,0.22015940953194865,29.799999999999997,36.5
569,0.1594791822918167,0.208356667852796,30.5,36.8
570,0.20271404237378027,0.2692221113355557,29.65,37.4
571,0.1632735045552857,0.24959932381846245,28.499999999999996,36.75
572,0.19384014541022218,0.1921869428000972,29.9,36.1
573,0.22767312084760852,0.1894301000037563,29.95,36.1
574,0.1746375050209631,0.2372172092030599,28.9,35.8
575,0.1948353175539247,0.23391092684848255,29.9,36.85
576,0.2108556770366867,0.22676912513422198,29.95,36.95
577,0.17610879308358812,0.20536828759309445,29.5,37.7
578,0.22959616810804795,0.2233785895943445,30.599999999999998,36.4
579,0.19171582466557333,0.20379258321721716,29.9,36.35
580,0.16928584481955292,0.20577165611911774,29.95,37.3
581,0.20907916054340883,0.23505471715468185,29.599999999999998,37.0
582,0.18322583091949793,0.20908698629403125,30.099999999999998,36.85
583,0.18477888963096145,0.22321096513184135,30.15,37.55
584,0.15870516495091705,0.22904850232493876,29.7,38.6
585,0.1962481329811377,0.24421447481351982,30.3,37.35
586,0.1756528084427248,0.20240647553572694,30.049999999999997,37.95
587,0.17264354512728008,0.1935016373341676,30.3,37.75
588,0.1866652646349728,0.20674601855020358,29.4,37.85
589,0.19720034879174825,0.2379371670621186,30.349999999999998,38.95
590,0.17655104108722877,0.20139955038684756,30.5,37.55
591,0.19915092896324132,0.2164601279718169,30.0,37.55
592,0.20507165831405091,0.21257888216868948,29.5,38.0
593,0.2122500773791932,0.2071571625122731,30.65,38.25
594,0.1939780147849225,0.2091887205790995,30.7,38.15
595,0.20501091249941714,0.2006245115084291,30.0,38.05
596,0.19170975122546804,0.2097949341413451,30.15,38.25
597,0.209488936574432,0.22963934389944482,30.2,37.05
598,0.19850531961371887,0.21962147224561546,30.3,38.25
599,0.19480971337616243,0.2117990559699931,30.049999999999997,37.65
600,0.18023679430811848,0.2159657629211821,30.65,38.45
601,0.24557968943488226,0.24778193376535837,31.0,39.25
602,0.2133243790579651,0.21099687843354908,30.15,38.6
603,0.20758071172625814,0.26121141788581276,31.2,38.9
604,0.18887677050854468,0.20086115703587507,31.6,38.5
605,0.20855745977084342,0.19852066655079836,31.35,38.15
606,0.19176841477317805,0.23035569758742208,31.1,37.7
607,0.26556213876843593,0.21668790154195403,31.2,37.65
608,0.22536162885756536,0.2250055800731058,30.7,37.45
609,0.17460198415471614,0.22184671610039527,30.75,37.55
610,0.12071639298212403,0.24789182862289721,30.75,37.0
611,0.19732236972502404,0.23811058288451306,30.65,37.85
612,0.2209801136904614,0.23672834127031553,29.5,37.35
613,0.1660124756170473,0.19644107977826405,30.049999999999997,38.0
614,0.18964146588872205,0.20247558124410941,30.0,38.550000000000004
615,0.18737287602272698,0.2510690274122893,30.55,38.1
616,0.15254835900594818,0.24168759916737406,30.3,38.25
617,0.16457547513299747,0.22181320980201252,30.45,39.0
618,0.22499797769089794,0.23172666696632607,30.75,39.4
619,0.23927778318184995,0.21927353388478144,31.35,38.800000000000004
620,0.2325315611204115,0.2648836077736158,30.55,39.4
621,0.20602122140580256,0.2423084233819774,30.9,39.25
622,0.21609918953485693,0.24200005783515804,30.75,39.25
623,0.21459240577550961,0.22177614971179577,29.4,38.4
624,0.17520725458662098,0.25810089788833707,29.549999999999997,39.85
625,0.17453842661260413,0.24859478927311365,29.7,38.9
626,0.181318590994468,0.20762164257519375,30.15,39.0
627,0.15466959152286644,0.2502399815971301,29.45,39.0
628,0.19316652066519993,0.2222868779578112,30.0,40.050000000000004
629,0.16177113088415357,0.25028944094300587,30.5,39.45
630,0.13860669023630035,0.22548518769906695,29.549999999999997,39.050000000000004
631,0.2206722443655981,0.25206329215464346,29.599999999999998,39.95
632,0.18981141787501604,0.2337561778411673,28.7,39.550000000000004
633,0.20111346404213803,0.23382865884195211,30.2,39.0
634,0.17125297752805746,0.26003204808902086,30.349999999999998,40.35
635,0.20564955876716032,0.24707435858997678,29.65,39.35
636,0.2146598342835369,0.26974445535401764,30.349999999999998,38.9
637,0.2201092221199786,0.24566319238616177,30.3,39.85
638,0.2326053409426486,0.20117057040602726,30.15,39.7
639,0.18223966195263375,0.20158249547120075,30.599999999999998,38.550000000000004
640,0.231678056105762,0.24056968699456283,30.2,38.95
641,0.20578002907553017,0.24069856689468275,30.0,39.0
642,0.16899979644214447,0.23764262868621364,29.75,38.65
643,0.20578242393172042,0.20105877962721733,30.0,39.550000000000004
644,0.15936430497083623,0.20257923404552564,30.5,38.95
645,0.18469500067856895,0.23022752891289144,29.849999999999998,40.35
646,0.18269115684752313,0.2329441670195217,29.5,39.7
647,0.19612825185704436,0.2428549778794924,29.65,40.550000000000004
648,0.20024452799524037,0.2614855627436401,30.3,40.1
649,0.2071097438404819,0.22207040392741265,30.15,39.4
650,0.1793939622122229,0.22453944495414263,29.799999999999997,39.5
651,0.2207969752615387,0.19849330219371256,29.65,40.150000000000006
652,0.28239655467509384,0.23146246976593454,30.85,39.35
653,0.1846468748657063,0.23446643265867875,30.049999999999997,40.65
654,0.1907861591379228,0.20402405457618966,30.599999999999998,40.400000000000006
655,0.21143225717662187,0.22116083725961114,31.1,40.400000000000006
656,0.2080252660305747,0.24443245824992071,30.95,40.699999999999996
657,0.20054483032840548,0.25527900858042196,30.9,39.900000000000006
658,0.2461299717893022,0.26679524881808286,30.95,40.550000000000004
659,0.18830976627724397,0.2295759688817503,30.049999999999997,40.949999999999996
660,0.21457942220108175,0.21755371831684653,30.55,40.65
661,0.17986320855960283,0.25346792253223255,29.7,40.949999999999996
662,0.16178679617385824,0.23154869567030908,29.5,40.550000000000004
663,0.16871053104298675,0.2318866700088858,30.4,40.65
664,0.19649647922535315,0.25981389219039713,29.65,41.099999999999994
665,0.1718285396787694,0.2410538586678822,30.099999999999998,41.65
666,0.2304908456134953,0.2696405722242795,30.599999999999998,41.449999999999996
667,0.24672086400735443,0.23812105669930442,30.3,41.0
668,0.2092450649831797,0.24909768548131214,30.65,40.699999999999996
669,0.21894992669755203,0.24504759735214884,31.75,39.900000000000006
670,0.19677933469290942,0.25639706590104483,31.45,40.75
671,0.2261952014477667,0.2549419360420756,30.95,40.75
672,0.1958361299454154,0.273302219840258,31.15,41.099999999999994
673,0.24364455112320207,0.23487294756061206,31.35,40.6
674,0.23368023574050822,0.23755908933107953,31.1,41.65
675,0.16604176762064396,0.22235537668615887,32.1,41.75
676,0.22440055956947277,0.23455402230847744,31.55,41.5
677,0.2097486101705408,0.24514254502868932,31.05,41.5
678,0.23623523950465214,0.25304325167929287,31.6,41.75
679,0.1911321190858275,0.22521071135944107,31.4,40.6
680,0.1853872467582285,0.23748101442813185,30.0,40.550000000000004
681,0.19379696771341834,0.2531703888228021,31.1,41.85
682,0.20492650374787275,0.22957308663223602,31.900000000000002,41.75
683,0.2362160494317777,0.23624572184402104,31.3,41.0
684,0.23733526460502846,0.24626178843899046,31.1,40.150000000000006
685,0.24502397676494242,0.27826582838495256,31.05,40.75
686,0.25029996796612597,0.23278833851192754,31.25,40.0
687,0.2312232644491935,0.26174746723259407,31.05,40.400000000000006
688,0.20722824473982285,0.21820018028129481,31.1,40.9
689,0.2250108545081338,0.26946863180774017,32.25,40.75
690,0.21462692004735773,0.24652187520148047,31.3,40.849999999999994
691,0.24012224158079457,0.26313018447529823,32.0,40.699999999999996
692,0.2191536873560849,0.17420062536051312,30.8,40.300000000000004
693,0.21950290438466893,0.30896282660577123,31.55,41.949999999999996
694,0.21552841625883348,0.26705196730414443,31.05,40.35
695,0.20757243595506833,0.20355144368662884,31.5,41.3
696,0.23015333131944365,0.23717495362063448,30.65,41.699999999999996
697,0.22218750497554715,0.23131625300578973,31.1,40.849999999999994
698,0.20184841711895718,0.2373200788895116,30.599999999999998,41.85
699,0.19782143355102036,0.28762050644367804,30.7,41.8
700,0.18705567737998569,0.2460088164616466,30.55,41.699999999999996
701,0.1659976591047489,0.28900548929486897,31.0,41.349999999999994
702,0.25703307597450387,0.28093666097364944,31.05,42.25
703,0.1969508803362109,0.28004472262997293,30.0,42.35
704,0.2359395748982907,0.2835085921591408,31.55,42.0
705,0.2519003617622343,0.26472792098593584,30.2,41.85
706,0.2302027414349339,0.2460489901665635,31.2,41.5
707,0.21186697548446531,0.301074526379841,30.75,41.15
708,0.2554267038626698,0.2364712026939825,30.25,41.25
709,0.2032599796335393,0.21131798789645187,30.95,40.699999999999996
710,0.18982509086763816,0.27587410793638634,30.95,40.65
711,0.24489215131469183,0.26976983475370436,31.5,40.75
712,0.18823825076276463,0.2579747818519897,31.05,41.55
713,0.23372383567980756,0.25980301676644024,30.85,41.75
714,0.25355041713236104,0.2443516499515116,30.95,41.699999999999996
715,0.22790089628526947,0.23935843778778212,31.1,41.25
716,0.23567655401497042,0.2373053240446302,30.3,40.75
717,0.20067591999590895,0.2785838549275345,31.3,42.35
718,0.22331580994184588,0.26322378024596527,32.0,41.949999999999996
719,0.23216553294030878,0.26069163037733273,30.95,42.9
720,0.18557431578853908,0.30939021302226916,31.1,42.6
721,0.2198939611177637,0.28466571735715207,31.8,42.4
722,0.22871726639263695,0.2993852550092406,31.45,41.5
723,0.2307440265346121,0.243681149844703,32.0,41.699999999999996
724,0.17716322762782508,0.3009031180348645,31.4,42.4
725,0.22934100329279805,0.27852771634646756,32.05,42.699999999999996
726,0.24441458751680067,0.2708731434208726,32.05,41.65
727,0.21210766201970513,0.28658288631646894,31.85,41.85
728,0.24226901017901986,0.2819556011004533,31.35,41.449999999999996
729,0.2702164719616795,0.2545656066907932,32.15,41.85
730,0.25626566416882823,0.2899542158865935,31.75,41.6
731,0.21539480960144478,0.3162191590333065,32.45,42.6
732,0.2527986137685317,0.2807816486234755,32.1,42.0
733,0.20400472411331924,0.24509191052658585,31.55,42.35
734,0.24056745947986885,0.26485462531693427,31.5,41.85
735,0.23212497748488664,0.27897825432047907,32.35,42.449999999999996
736,0.17189921560340227,0.2963344167074639,31.5,41.9
737,0.25116638174403627,0.23055936309259817,32.550000000000004,42.4
738,0.2405016540666748,0.3057096445523499,33.050000000000004,41.4
739,0.19523830121553198,0.27423006530078603,32.75,41.8
740,0.24710685828134388,0.25617803060242805,32.45,41.75
741,0.19945943702352215,0.2630916197587533,31.6,41.85
742,0.23699386886287757,0.3034708221537937,31.95,42.0
743,0.22543474793893484,0.2638105511505989,31.15,41.949999999999996
744,0.21340150063402588,0.2702636953180468,31.15,41.65
745,0.2454034715128779,0.27582709091872076,31.55,42.05
746,0.2446578840088019,0.25101099709608177,31.7,41.25
747,0.21755896396586014,0.26230835925045615,31.5,41.349999999999994
748,0.22182642196616534,0.2960644773453223,31.35,41.75
749,0.2310637513126989,0.31504766446502447,30.9,42.35
750,0.24437326450134408,0.2542000859973076,31.15,42.65
751,0.23255641114705977,0.24147282960356142,30.4,42.3
752,0.23940681731344218,0.28197233501617647,30.5,43.3
753,0.2156285758373687,0.3174612268948297,30.8,43.05
754,0.23928861769029938,0.25723506117008677,30.9,42.25
755,0.25041333982704567,0.20905360850818686,31.35,42.95
756,0.2638301547154228,0.2453414165393558,31.3,43.35
757,0.20187795482341403,0.26261272823492243,31.0,42.3
758,0.25651708464821193,0.31949914699128756,31.1,42.0
759,0.2689932064059245,0.2989572411869728,30.599999999999998,42.85
760,0.2534204214360354,0.26993472946376756,30.049999999999997,42.55
761,0.2331910120556218,0.2496555346554751,30.45,41.55
762,0.2503541347366055,0.27879542647478783,30.85,42.699999999999996
763,0.2442504535590236,0.2755496868045207,31.0,43.0
764,0.23748231240618586,0.24472379749254664,31.05,42.95
765,0.24401639899088623,0.25132311415011455,31.15,42.05
766,0.2488319267601371,0.2461323794507566,30.349999999999998,42.65
767,0.22953519325298677,0.29622525246676956,31.45,42.15
768,0.20596390713876717,0.286306487977013,31.55,41.699999999999996
769,0.24012335088949505,0.2870710433095617,31.55,41.5
770,0.2551844520357007,0.25953636178702055,31.45,42.25
771,0.22941170518135867,0.28855065641778826,31.35,42.5
772,0.22475452307747612,0.2299706596318812,31.15,43.15
773,0.26840633648014217,0.2369652066031974,30.75,43.0
774,0.23728382325271016,0.27636001899248097,31.1,43.1
775,0.24199763329821872,0.2866923123851904,31.45,43.05
776,0.22661600539213075,0.2572138262221164,30.95,42.449999999999996
777,0.21358151132334427,0.32113913386148046,30.349999999999998,42.05
778,0.2108475191881447,0.26176936711127713,31.45,43.55
779,0.24027856850182097,0.2890838038700893,31.900000000000002,42.6
780,0.2617778111140837,0.3165631045568938,31.8,43.45
781,0.27089417275081595,0.2663260873362835,30.45,42.55
782,0.25193341191704727,0.2571101196231197,31.65,43.15
783,0.2187278814691652,0.29050903281997625,31.65,42.95
784,0.2754370756567347,0.3259659704967208,32.25,43.4
785,0.23319660827567076,0.261100669764986,30.9,42.95
786,0.21854540276116757,0.24819210943363237,30.8,44.0
787,0.2530765088173864,0.2905481547791325,30.5,43.45
788,0.272767071113421,0.2811481149214069,30.8,43.0
789,0.2629780672719263,0.267527769443759,31.25,43.1
790,0.21339691328052746,0.24028988729554598,31.2,43.25
791,0.2412899644994302,0.25770928002529697,30.7,42.4
792,0.23448107965234727,0.2785561406244782,31.45,43.25
793,0.25626623102856333,0.2966897648095469,31.8,42.8
794,0.24117424789211328,0.33372994750177726,31.1,41.5
795,0.21805698548183758,0.2706940325794659,32.4,43.2
796,0.2712159200528283,0.25031141697450415,32.2,43.0
797,0.21851081406814285,0.30963976694818485,33.15,44.15
798,0.23297023317336138,0.2806747849764781,32.35,43.35
799,0.22733238481478638,0.24273075568199792,32.15,43.5
800,0.23280206684630406,0.2782020049812713,32.35,43.4
801,0.23418764801641925,0.25238314151675567,33.25,42.699999999999996
802,0.21989331245588006,0.2719527873953443,32.95,44.15
803,0.23340469512605355,0.28664919925321736,32.75,44.35
804,0.2629635999274718,0.27895655286151755,33.25,44.05
805,0.24904084160213083,0.2886761182576586,32.15,43.25
806,0.2664559055816231,0.29344596383763155,32.95,42.65
807,0.220701543850751,0.2939448080429612,32.0,43.8
808,0.234227460068901,0.29194839666847916,32.45,44.0
809,0.22908493434932434,0.32104347619943885,32.65,43.35
810,0.19349446883696833,0.28146921617447274,32.2,43.25
811,0.25651494418774134,0.32177469003420245,31.95,43.6
812,0.21819762475154486,0.31128946384552203,32.4,43.65
813,0.23276845884828026,0.28407096897623063,32.35,43.3
814,0.2712379323819102,0.2812039000060354,32.4,43.25
815,0.22436532508867366,0.31365723107246085,31.65,44.7
816,0.2507152203346924,0.27353386678597624,31.7,43.7
817,0.24334602000259423,0.26113114110446317,31.55,43.9
818,0.26322049621728183,0.3205741551626175,31.2,42.85
819,0.22007995615241174,0.28343382124875227,31.7,44.0
820,0.21163799551952678,0.30418254604148953,31.5,43.35
821,0.18561282914729066,0.32338749767212344,31.8,44.75
822,0.2316715107629274,0.31663954171575,31.85,44.5
823,0.23255852583187833,0.2643928393869612,31.75,43.75
824,0.23747781294130493,0.3267664645985331,31.7,45.35
825,0.27617067513187715,0.2778278838933678,31.5,44.5
826,0.23033755378110127,0.24259559874758907,31.45,44.0
827,0.2761260188480491,0.2762714806133896,32.25,45.050000000000004
828,0.2725624410888294,0.2946352925728137,31.85,44.800000000000004
829,0.3204253742725387,0.3349098354622171,32.5,45.15
830,0.23818127591520455,0.29716212138363896,32.800000000000004,44.4
831,0.24588101560866948,0.2868955317939011,32.25,44.2
832,0.2538995888803884,0.2999194446362727,32.5,43.6
833,0.28673109128035,0.2860883636256868,33.0,44.4
834,0.29470512537812615,0.2862324993674395,33.0,44.45
835,0.23604353358677443,0.2974009264902912,32.75,44.3
836,0.29890254531382315,0.2853418958470394,32.65,45.2
837,0.1965340124689362,0.26708434244567586,32.4,45.6
838,0.24341208000150366,0.3318134624929262,31.65,46.35
839,0.234618409911652,0.27974159303819135,32.6,44.7
840,0.2832225151349637,0.2557086196251731,31.8,45.4
841,0.23286090204084922,0.30142256074563384,32.6,45.0
842,0.25354472212341317,0.3047118891147329,33.4,45.25
843,0.24119111406894195,0.26609705357755153,32.300000000000004,45.550000000000004
844,0.24102632309148994,0.30175536337565456,32.35,44.35
845,0.26603446062019465,0.27082835573898717,33.25,45.0
846,0.23519050428042892,0.2930952233637442,32.35,45.2
847,0.2528812105875801,0.29651604440581597,32.95,45.1
848,0.26510224539410465,0.25518251037242673,32.35,45.4
849,0.24442154442003408,0.32726823739729805,32.9,44.45
850,0.26146302518020487,0.294721065325807,32.75,46.650000000000006
851,0.2441304984099138,0.30400171510754714,32.9,45.15
852,0.23097748984188757,0.31969915168728946,33.550000000000004,45.7
853,0.2807413102310044,0.32422529908379444,33.050000000000004,45.35
854,0.21169654937238727,0.32420458642390976,33.1,45.65
855,0.22346321336271832,0.28545844111152646,32.45,45.45
856,0.25090504263329755,0.27935405396630353,33.300000000000004,44.95
857,0.2347888807344117,0.3133431972080114,32.7,45.0
858,0.24695246599587825,0.2651289040069505,32.15,44.3
859,0.28724008260428524,0.3160878343135587,31.95,44.55
860,0.24428623991849024,0.27742291501471855,31.8,45.25
861,0.255238444080293,0.322236902702079,32.300000000000004,45.550000000000004
862,0.2772066579852145,0.3402244270527968,32.4,45.800000000000004
863,0.24720501627822083,0.3223477788332423,31.8,45.95
864,0.29202693494550097,0.2961384018725414,31.65,45.65
865,0.23794031728286125,0.3472378535406477,31.900000000000002,46.2
866,0.2954385359569891,0.3328704534764251,31.7,45.5
867,0.24943159997538444,0.3076347507638111,31.65,46.300000000000004
868,0.26410067557217853,0.2944539572431125,31.8,45.5
869,0.28341504944989343,0.32922062843650896,32.65,45.550000000000004
870,0.2312010555168631,0.32613940453183227,32.1,45.85
871,0.2431744533808726,0.2778678831776167,33.0,46.300000000000004
872,0.25781085502247586,0.2858243451751842,32.25,45.050000000000004
873,0.24459353094586217,0.2821706178517405,32.25,44.800000000000004
874,0.2888224659016588,0.3396788726653592,32.0,45.65
875,0.32706977184742586,0.3053680370871058,31.6,44.9
876,0.27009693333122564,0.325483445258306,32.75,45.1
877,0.24042062364809758,0.30476609597055737,31.75,45.6
878,0.22810004705529524,0.3336084520728698,32.1,44.95
879,0.2713191590862992,0.30908573628298736,32.75,44.9
880,0.242518057560961,0.32122424126952953,31.75,44.65
881,0.22512804107987158,0.32637225688477006,33.15,44.85
882,0.26785074327495456,0.3386810469005078,32.2,44.45
883,0.24178980813493747,0.3240820431780554,33.1,44.65
884,0.246288926869872,0.30607643253306394,32.2,44.55
885,0.26261773215574913,0.35473849336548213,32.6,44.95
886,0.2594939641803521,0.30938626616067255,31.95,45.25
887,0.2557370609349435,0.3238156262333752,32.45,45.550000000000004
888,0.20981665972343477,0.30717967638951327,32.9,45.300000000000004
889,0.2834999512906269,0.25811073681279445,32.4,45.2
890,0.2582027810847875,0.29598413286801095,32.0,44.85
891,0.24205541047478957,0.33544320936598165,33.75,44.55
892,0.308328249675088,0.3694134330095857,32.0,45.9
893,0.21459878512856836,0.3378323229020049,32.15,45.5
894,0.24580776929248593,0.34159104258433043,32.2,45.300000000000004
895,0.28032680029157614,0.25440424530845773,32.85,45.6
896,0.2563749577985074,0.3188654574277841,31.4,44.7
897,0.2759667034473663,0.34019295538848565,33.15,45.25
898,0.2991882354153089,0.25758309349911956,33.75,44.95
899,0.2555881042233779,0.32186737858484854,33.050000000000004,45.050000000000004
900,0.2635230203378545,0.3197937627928458,32.95,45.2
901,0.27665590022985365,0.32568534546341277,33.15,43.95
902,0.2228933119153149,0.2997253386636087,32.95,44.9
903,0.24596762303684763,0.3291764960047056,33.550000000000004,44.95
904,0.23810925903443036,0.346939804357743,33.4,44.55
905,0.24037113434481905,0.2995911409608659,32.95,45.1
906,0.27509408460276774,0.36072755622364683,33.650000000000006,46.45
907,0.25087016361333264,0.2870947691698846,34.0,44.7
908,0.2596575694502987,0.3432080118426715,33.45,45.050000000000004
909,0.2483801184744608,0.32469444855362417,32.95,45.85
910,0.2824852562720119,0.3188465444057094,34.449999999999996,46.85
911,0.2437411795320183,0.28450932213409574,33.75,45.550000000000004
912,0.21930224402177736,0.31094245928374825,34.150000000000006,45.75
913,0.25670583904989963,0.28920967132373565,34.449999999999996,47.3
914,0.28652990182171956,0.30689454224535906,33.550000000000004,46.150000000000006
915,0.24586010371229083,0.30680653434845534,33.800000000000004,46.2
916,0.26642084777072206,0.3090079860877558,33.7,46.650000000000006
917,0.2538367833447147,0.3091795089232232,33.85,47.8
918,0.25416685694905766,0.3037662582255101,33.900000000000006,46.7
919,0.2893812736053202,0.27476736236561355,33.1,46.1
920,0.288830221755105,0.2966306422900639,34.4,46.25
921,0.3051140294446655,0.2889424740930287,33.4,46.7
922,0.27782668287434076,0.2965676762382121,34.300000000000004,46.5
923,0.27349314690483345,0.3297899614318196,34.150000000000006,47.05
924,0.2765951815569946,0.31051039589204193,33.45,46.949999999999996
925,0.29661830615510315,0.3507426742803793,33.25,45.75
926,0.2687922938390244,0.32911136208960073,33.6,46.7
927,0.24241526026390142,0.33971893966139793,34.150000000000006,46.150000000000006
928,0.3054220417965046,0.3176109285378224,34.2,46.7
929,0.2959667999489031,0.31021092335683503,34.0,46.25
930,0.25476939997727566,0.32895803204415053,34.55,47.4
931,0.27258428427203596,0.32430741708826044,33.95,47.55
932,0.2502794847369062,0.3518963591661711,33.7,47.15
933,0.2649803795848652,0.30692454342361325,34.55,47.05
934,0.2849481189050604,0.31494274080935275,34.4,45.800000000000004
935,0.2738859574008617,0.29502960555690333,34.9,46.949999999999996
936,0.2997269512354879,0.3299329648176889,33.95,46.650000000000006
937,0.21362655968135327,0.2889446778824248,34.050000000000004,46.800000000000004
938,0.252072502082747,0.31305797730252943,35.15,46.0
939,0.2537503742464826,0.3536718054713648,33.650000000000006,46.800000000000004
940,0.2377494474500094,0.3327423361505163,34.150000000000006,47.099999999999994
941,0.2609891618939571,0.3805573544442648,34.35,46.75
942,0.20707621592323316,0.34100245273392726,34.1,46.75
943,0.29783845464188957,0.33792608361916443,34.8,46.1
944,0.2990550484166687,0.342225089027962,35.25,47.15
945,0.2521317127226317,0.3269363850076853,34.0,47.9
946,0.2406112120680888,0.3428746358915489,34.65,47.75
947,0.2734788107062756,0.339982128248361,34.300000000000004,48.25
948,0.28786079395491,0.31293808587899663,34.699999999999996,48.0
949,0.30006360414997363,0.3161047798485033,34.849999999999994,46.550000000000004
950,0.283391132121533,0.30213191212707746,34.5,47.349999999999994
951,0.26755471113224666,0.3499791423280943,34.050000000000004,48.1
952,0.2564790860153308,0.3745555032702557,34.0,46.7
953,0.2732527892923821,0.3236461803587806,34.0,46.75
954,0.19758660407121212,0.3213162964018553,34.75,46.650000000000006
955,0.31407026461669113,0.33556114861438413,34.55,47.05
956,0.3145935791695488,0.3688717324028065,34.050000000000004,47.25
957,0.2823413212084111,0.31318984347043854,34.699999999999996,48.449999999999996
958,0.26914991220273293,0.332675786432318,33.85,47.349999999999994
959,0.27443810804042607,0.3283742491109383,34.949999999999996,46.9
960,0.2463451074349693,0.3013372193316327,34.599999999999994,47.9
961,0.3265216310374696,0.30173817891912835,34.599999999999994,45.75
962,0.2569389307615717,0.3311507551714158,35.15,46.7
963,0.28128626727421907,0.3266673147386753,34.8,47.25
964,0.257754682938026,0.3112743674337615,34.599999999999994,46.6
965,0.27659242210838936,0.3272609752956206,34.75,46.6
966,0.29553632149748843,0.3304976753645874,34.1,45.9
967,0.26569826894257603,0.3219903392422278,34.2,46.150000000000006
968,0.3102429114311891,0.3568701624930585,33.550000000000004,45.800000000000004
969,0.24479749402109713,0.30213816073481126,34.0,45.85
970,0.2443568433784436,0.2838774696432249,33.5,44.85
971,0.27709661649029704,0.29701261331610807,33.4,46.85
972,0.256637912708204,0.33517947279776683,33.550000000000004,45.9
973,0.2825077199493142,0.3719937351263495,33.95,47.0
974,0.25299656947400717,0.348004032463601,34.25,44.9
975,0.2625400370167683,0.31071749570617613,34.150000000000006,46.300000000000004
976,0.29062859397876195,0.37758098150448893,34.65,46.5
977,0.3095448070772758,0.3381983736508818,34.300000000000004,45.7
978,0.29609261256784475,0.3248208088394935,34.699999999999996,45.65
979,0.28101991136352267,0.3386194293667499,34.1,45.1
980,0.3465588652058592,0.3411060685156909,33.900000000000006,46.7
981,0.29193762391140643,0.36016907291633304,35.0,45.75
982,0.26592313996032246,0.3415530348103188,35.449999999999996,46.45
983,0.29397940885285084,0.3524962112456585,35.699999999999996,46.45
984,0.27754019917704675,0.3204405994230701,33.550000000000004,46.550000000000004
985,0.25334002507011005,0.3203551111608971,35.949999999999996,46.150000000000006
986,0.29494310565201726,0.339831644224392,36.15,47.65
987,0.2849305244084361,0.3102402753609072,35.55,46.7
988,0.26383742153627304,0.34216548681201037,35.15,46.400000000000006
989,0.23696033443583767,0.34384723393549244,34.75,46.150000000000006
990,0.2483593483597953,0.33239316951749664,34.9,46.0
991,0.2652419120072409,0.33785305740383054,35.25,46.550000000000004
992,0.26058321035188386,0.32741946162759594,35.9,46.150000000000006
993,0.29105902908861675,0.2912123779877108,35.3,46.85
994,0.28005631550283744,0.3635649944859097,35.15,45.4
995,0.23448258010225562,0.3130300189590162,34.75,47.4
996,0.28249124715112495,0.37720137189825553,34.150000000000006,46.75
997,0.2928162947508356,0.35146735768490406,34.599999999999994,46.45
998,0.27881693759103804,0.2952471690728466,33.900000000000006,46.45
999,0.2507336491406048,0.33843095469849127,34.55,45.800000000000004
1000,0.2358673830755128,0.32602993545525694,35.3,46.6
1001,0.2990634409750221,0.3066482474701893,34.1,45.45
1002,0.2773506557743768,0.3387992193957275,34.75,45.7
1003,0.2783599119762223,0.3173983972799018,33.300000000000004,45.25
1004,0.26433874454832385,0.3121892044525113,34.699999999999996,46.6
1005,0.26498593659336983,0.3241074334302493,34.4,46.949999999999996
1006,0.2396038581613072,0.34902844967107094,34.65,45.4
1007,0.3003314657154559,0.36558971863972956,35.3,45.4
1008,0.32984420787384133,0.3568402157208829,34.9,47.4
1009,0.24702715911622478,0.3444054338381055,34.050000000000004,45.85
1010,0.2634215977429633,0.34942595319096714,35.55,47.05
1011,0.2682902480643857,0.3212322440811277,35.15,46.0
1012,0.2760807202495006,0.2921805126479403,35.0,46.550000000000004
1013,0.24258192637561626,0.35665077504541787,35.0,46.0
1014,0.3143128795069773,0.3019242026282774,36.25,45.800000000000004
1015,0.27337773229486934,0.3420691224010261,35.199999999999996,46.550000000000004
1016,0.282844540002639,0.30932788077325324,34.55,46.050000000000004
1017,0.2906316987434204,0.3379888520454472,35.9,46.300000000000004
1018,0.3224899721554593,0.313752607982454,35.75,46.650000000000006
1019,0.29804495204414444,0.3624805572888665,35.15,45.7
1020,0.2815395846965576,0.35532406570017167,35.3,46.25
1021,0.2822059171581998,0.3649447058088304,33.95,46.75
1022,0.29627017882821155,0.3382465726854833,35.05,44.65
1023,0.30399894532139865,0.3718220570423899,35.15,46.2
1024,0.28496739623434003,0.32745393079800944,34.8,45.5
1025,0.31533088719221564,0.3229057458872567,34.75,45.550000000000004
1026,0.2878000417397497,0.3378317180690183,35.65,46.550000000000004
1027,0.274402303994311,0.31221149158205297,33.900000000000006,46.400000000000006
1028,0.3081388074199911,0.34538591388625506,35.75,46.650000000000006
1029,0.28343120347187983,0.3205431671566148,34.8,45.75
1030,0.3069187966926097,0.41365562109353016,35.35,46.25
1031,0.30112500485766436,0.3831802197041843,35.0,46.85
1032,0.29325961970948244,0.3180823827725824,34.449999999999996,47.8
1033,0.3040429215312445,0.3663201184519312,34.75,46.650000000000006
1034,0.32184270354891126,0.31891149131664476,36.0,47.3
1035,0.29640702895305887,0.3667842592093484,35.099999999999994,47.349999999999994
1036,0.2837140165402287,0.3366379689202181,35.65,46.6
1037,0.2811864179126387,0.31962302832347267,34.9,47.349999999999994
1038,0.30137136331584063,0.3461126402395542,35.5,48.15
1039,0.306033194241475,0.3517001227108833,35.699999999999996,47.3
1040,0.2846604302687275,0.34503862508797145,35.55,46.75
1041,0.2615265996210776,0.32569605882577934,34.75,46.050000000000004
1042,0.25534079492928563,0.3313335498383749,35.0,47.8
1043,0.29487042387858103,0.36700921679220605,34.9,48.1
1044,0.2696228415993198,0.35832556713928476,35.05,49.25
1045,0.2810659446724809,0.35788597428398916,35.35,48.15
1046,0.2704406856803169,0.3726102014680308,35.099999999999994,47.75
1047,0.29966682343945295,0.34958573208549,33.95,48.5
1048,0.2912036119145829,0.35522302473107936,34.4,48.949999999999996
1049,0.26896812180787355,0.34720166699155586,34.35,49.1
1050,0.3434696963802579,0.3825428640804507,34.65,48.1
1051,0.24831624845651515,0.33239109204566997,33.7,48.85
1052,0.2456043191364447,0.3689435402943044,34.0,48.3
1053,0.31441375591838755,0.3704478319513827,34.65,47.949999999999996
1054,0.28370821344316904,0.3618974069485315,33.75,49.4
1055,0.3255742631532941,0.33124900516232414,33.800000000000004,48.1
1056,0.30459910950634445,0.3180003924141389,34.150000000000006,48.3
1057,0.3386844440387621,0.3333486818707961,34.8,48.5
1058,0.2689422090561312,0.34612129758025845,35.15,48.8
1059,0.2621643438395506,0.35715532722288434,34.449999999999996,49.05
1060,0.27056081733507625,0.3949254300953897,34.35,49.45
1061,0.2947851951261867,0.3521763931088783,34.55,49.7
1062,0.2847144561993418,0.3875143871249289,34.5,49.05
1063,0.28892871390904484,0.3365625776452768,34.150000000000006,48.6
1064,0.2742520900374199,0.3915695652245861,34.35,48.85
1065,0.29052737136925216,0.37050863586758376,35.199999999999996,48.75
1066,0.2890875383061786,0.35804446027795855,34.5,48.15
1067,0.2914519234333084,0.36381852967334166,35.199999999999996,50.0
1068,0.2812026731839081,0.3861636631105117,34.599999999999994,49.65
1069,0.28994766904578445,0.3694114609205848,35.55,49.55
1070,0.30697773176224336,0.3697130039299208,35.4,49.65
1071,0.31751165773661877,0.3701103912487309,34.4,49.4
1072,0.32973603993007156,0.329110420843211,35.15,48.5
1073,0.30249785164911364,0.3679149299118036,33.85,50.2
1074,0.2947072086355457,0.3700800104560368,34.5,49.0
1075,0.2775989072584911,0.3781176509944726,34.949999999999996,49.25
1076,0.2729502560667863,0.3605195470305309,34.1,49.3
1077,0.26857524267943267,0.36285007618813075,34.35,49.05
1078,0.27196762340474817,0.36641474354051295,34.35,49.55
1079,0.3065411201851996,0.34433828563476176,33.85,48.5
1080,0.25906203271193534,0.3347198019352387,34.75,48.65
1081,0.2969575407882413,0.3267144178917005,34.699999999999996,48.15
1082,0.2894283522337198,0.3411138624945348,34.35,48.35
1083,0.3161629381537796,0.32597621880409794,35.15,48.1
1084,0.24731295214989807,0.3210823595239967,35.5,47.699999999999996
1085,0.32218311972790875,0.37491904364703244,34.050000000000004,47.949999999999996
1086,0.28859333893471556,0.3593083537269777,34.25,48.9
1087,0.2986391504650783,0.38103131796890427,35.05,48.949999999999996
1088,0.2857648644305629,0.3531809727096786,33.95,47.699999999999996
1089,0.3479131748016002,0.3428805382675017,34.599999999999994,48.199999999999996
1090,0.24545964887035165,0.3386147549073078,34.25,47.75
1091,0.2865216115523497,0.32660802990294235,34.25,48.75
1092,0.2721631431705158,0.3532084401637239,35.3,47.8
1093,0.2882832529526328,0.3319673060992703,34.9,47.449999999999996
1094,0.2865836673394353,0.36049906026775963,35.05,47.65
1095,0.3047177735497977,0.3439027584702225,34.8,47.75
1096,0.3170772066666485,0.35012213922619567,35.699999999999996,48.3
1097,0.2695471372631078,0.34040307626916105,34.65,48.25
1098,0.3223476554938053,0.34304426273852845,34.449999999999996,48.85
1099,0.27849785973951147,0.3781476853846185,34.75,49.85
1100,0.3334656477721082,0.37374029624855043,35.0,49.0
1101,0.30568874675775315,0.37880676927997875,33.45,49.7
1102,0.3046935553460501,0.35753438518084624,34.9,49.1
1103,0.26332991490146546,0.40803263080983027,34.75,48.05
1104,0.26764848934736146,0.34876142317170816,35.05,48.8
1105,0.31409084342512006,0.36955168256981424,34.9,47.8
1106,0.2773544755466901,0.3296498030255787,34.8,48.6
1107,0.31732973369084516,0.37865868426229543,36.0,49.05
1108,0.32122891741488163,0.33217240459565517,35.35,49.05
1109,0.3337223359393907,0.35504033770408294,35.6,49.75
1110,0.2987772292053637,0.35595794623682914,35.4,49.9
1111,0.3491885938396267,0.4082831668691145,35.4,49.2
1112,0.31401314820915416,0.360498059101671,36.1,49.3
1113,0.3236007686456502,0.38791329773929356,35.55,47.8
1114,0.3120772733073164,0.35553553538704946,35.15,48.3
1115,0.3012928801858451,0.35945514903159814,35.25,46.650000000000006
1116,0.29825475521837247,0.3867955098217669,34.35,48.55
1117,0.3098606953768952,0.33758248298802335,34.599999999999994,48.8
1118,0.31797206401365236,0.3624174626079523,35.699999999999996,49.35
1119,0.3030240611611614,0.3602041064369461,34.849999999999994,48.4
1120,0.2958630631908477,0.3769656256017504,35.75,48.949999999999996
1121,0.30042798933490306,0.33525806081274,34.0,49.1
1122,0.3210746463536088,0.3865828583456196,35.15,48.1
1123,0.33135496015598176,0.3444769986375279,34.050000000000004,49.2
1124,0.30066679361462406,0.3988820043418931,34.1,49.55
1125,0.2983410391725804,0.3885047844050945,35.3,48.35
1126,0.2944449564366396,0.38600704352105114,35.25,49.05
1127,0.28134040543287,0.3402416135368302,35.5,47.9
1128,0.30735309484533174,0.3648394651679977,34.5,48.35
1129,0.28214783736612886,0.36682439755152124,34.65,48.199999999999996
1130,0.29846742119230085,0.39754278820532707,35.05,48.449999999999996
1131,0.31862159178181765,0.36667435267329807,35.15,47.85
1132,0.3129390901122182,0.39053354309738336,35.35,46.75
1133,0.31896784644560305,0.3787495506642791,34.949999999999996,48.1
1134,0.30254501817858637,0.38637208694898734,34.4,47.699999999999996
1135,0.29236956269357883,0.3537241259336149,34.9,47.449999999999996
1136,0.33729196596224026,0.3704767590373222,35.65,47.0
1137,0.35030916327368583,0.37289954326422436,35.65,48.8
1138,0.3215239784556633,0.36241741154943896,36.3,48.55
1139,0.30383959877059896,0.3659912557326189,36.0,46.85
1140,0.339409436977061,0.38832847532683273,34.75,48.85
1141,0.3247200822629521,0.37116456420062527,35.55,47.9
1142,0.2824522207062624,0.327610788934012,36.25,47.5
1143,0.3346940531498624,0.3481242432646096,36.1,48.8
1144,0.30578304662950156,0.39563258260465933,35.15,48.55
1145,0.31357900077329337,0.4004831364995986,35.199999999999996,47.099999999999994
1146,0.2859558745715524,0.3635572129459703,35.699999999999996,47.699999999999996
1147,0.32585729654585177,0.39765117966517366,34.65,48.5
1148,0.2733892339546055,0.3414982779250942,35.15,48.05
1149,0.31664751598266766,0.35522778477332645,36.75,48.55
1150,0.3423112053029723,0.35488934328484983,34.949999999999996,47.699999999999996
1151,0.30657834422888436,0.3987129359058922,36.0,47.5
1152,0.30100279988067247,0.3716174613686357,35.199999999999996,49.05
1153,0.32804749788755655,0.3391472743792251,34.35,47.5
1154,0.35572718588207436,0.3369797968401659,35.3,47.85
1155,0.31409441656351894,0.37209508741825836,35.3,49.3
1156,0.29303029322696744,0.3723629230732473,35.15,48.65
1157,0.30135641696492393,0.42430004831819607,35.699999999999996,48.35
1158,0.37702735527227976,0.40407877954437854,34.949999999999996,48.4
1159,0.3029676067109267,0.4096630934743631,36.15,48.6
1160,0.3193982691715095,0.361047642329598,35.4,48.199999999999996
1161,0.2989551423644598,0.3705211536729846,35.4,47.5
1162,0.2913525890402899,0.36688588564249397,35.85,48.0
1163,0.3127882987317337,0.399949419796479,35.55,48.4
1164,0.3274994576718509,0.3539783369488626,35.8,48.75
1165,0.3317435784220449,0.3861246291499147,35.35,48.75
1166,0.31240288559423246,0.3607268396883089,35.85,49.0
1167,0.3168475345879283,0.3982383740337651,35.949999999999996,49.15
1168,0.3042934751331221,0.387111759961392,35.75,50.1
1169,0.30015068403194795,0.35018194034159333,35.699999999999996,50.05
1170,0.3132668098523933,0.3847429193768625,36.199999999999996,49.5
1171,0.36339045116636487,0.36690556240328137,36.199999999999996,50.1
1172,0.33925317998925847,0.38573081632809647,35.3,50.64999999999999
1173,0.2909769245738622,0.41008200438197845,34.55,51.2
1174,0.31268219283417187,0.3760194251805956,35.15,50.849999999999994
1175,0.3057166118600809,0.3929832413797073,35.0,49.2
1176,0.29374317214967516,0.3905106467058731,34.65,51.0
1177,0.3012352127922276,0.38009128479264764,34.599999999999994,50.14999999999999
1178,0.3226979126788509,0.3857228524977747,35.05,50.449999999999996
1179,0.31952456370879906,0.3938134534618569,36.25,50.24999999999999
1180,0.36685038934057135,0.412739548113127,35.8,50.8
1181,0.3345874939300595,0.34523235542542363,36.0,49.85
1182,0.3309270054226427,0.43646884393406965,35.8,50.6
1183,0.34595586188902744,0.3539978862702068,35.699999999999996,51.449999999999996
1184,0.329321783615505,0.3848007233207165,36.4,49.65
1185,0.30948200925889363,0.40029735689488904,35.25,51.05
1186,0.3317744118837841,0.3576876103649553,36.3,50.24999999999999
1187,0.3343440370900904,0.3871184541131071,36.15,50.9
1188,0.29013421882980456,0.38547628573801435,35.25,50.949999999999996
1189,0.32088653507810666,0.3870699098595842,36.05,49.8
1190,0.3063932439300607,0.33806066591481154,35.5,50.5
1191,0.30543821461165804,0.40384905458626885,35.5,51.2
1192,0.29367102051199706,0.36661295261670795,35.099999999999994,50.2
1193,0.3393713473235654,0.36881561501930515,35.949999999999996,49.9
1194,0.31250205227268224,0.39398696337364436,34.9,50.24999999999999
1195,0.33133057568223656,0.3741280416366502,35.55,49.2
1196,0.312826848128695,0.389586373286009,35.6,51.05
1197,0.27236081128322687,0.37509497591267366,36.55,49.5
1198,0.35667399836166086,0.36439414764786404,35.449999999999996,50.949999999999996
1199,0.32759376884014474,0.3517076594485469,35.55,49.75
1200,0.33920564974558565,0.37650113176249955,35.099999999999994,50.14999999999999
1201,0.3572283906747417,0.3878491391071095,34.9,50.64999999999999
1202,0.28741599453460287,0.41587528646724287,36.6,49.75
1203,0.304604143059013,0.3667185349328626,35.55,49.8
1204,0.3386061621529486,0.3536152295605203,35.199999999999996,50.949999999999996
1205,0.3125629937221169,0.3674940388380676,35.099999999999994,50.55
1206,0.3711248297680555,0.39858336374441783,35.85,49.65
1207,0.3775037356434267,0.4007039931282819,36.35,51.4
1208,0.3266317015772762,0.3825927415601137,35.85,51.24999999999999
1209,0.34390040009339207,0.3856947034417793,37.05,51.0
1210,0.3504486079591956,0.3693009714396072,35.75,51.2
1211,0.3245087941557441,0.38209752244276046,34.849999999999994,50.9
1212,0.3295080608999274,0.3911493616962014,35.699999999999996,51.2
1213,0.3248877715200937,0.3493241568824632,36.35,50.1
1214,0.27600125803384323,0.3443658853196642,34.8,50.1
1215,0.35134747829663227,0.38922541222601387,35.9,50.449999999999996
1216,0.3395079111910856,0.36735140141030653,35.55,50.8
1217,0.322663924466857,0.38910927970602655,35.5,50.5
1218,0.3585035733679204,0.37543001090562067,34.849999999999994,50.8
1219,0.31990115561967986,0.36537640926168446,35.05,50.14999999999999
1220,0.29983859453295403,0.39210974681164734,35.8,51.55
1221,0.3209482753451089,0.40884669636958176,36.15,51.55
1222,0.34510566303524265,0.39510673892806436,36.15,51.24999999999999
1223,0.3397701524450193,0.373050593035082,35.099999999999994,51.0
1224,0.3367733005444548,0.4003632780720547,36.15,51.05
1225,0.35804008206958166,0.4016993473857313,35.05,52.25
1226,0.3009395207570774,0.4277200197801473,35.9,52.0
1227,0.3209019790259039,0.388199937801561,35.449999999999996,51.5
1228,0.32453212057089176,0.43097481635263657,35.449999999999996,52.400000000000006
1229,0.3076788580248832,0.39668541887706793,36.15,51.300000000000004
1230,0.36887346116612646,0.3839336392308958,35.449999999999996,52.25
1231,0.32980526719294734,0.40893377628709365,35.05,52.0
1232,0.336442747326778,0.36910489015385595,35.699999999999996,52.7
1233,0.3289166759979043,0.41703580781127764,35.6,52.949999999999996
1234,0.3380517799947595,0.40993993606947593,35.5,52.15
1235,0.33064118623502675,0.40095383587009825,35.55,53.05
1236,0.3412666782445259,0.4481931263249033,35.75,53.2
1237,0.31268472564608146,0.42952090794370745,35.5,52.75
1238,0.3159469529707811,0.4287467321667144,36.5,53.1
1239,0.3025978875869801,0.43432255333808983,36.55,53.15
1240,0.3171392535359761,0.3809090167589052,36.75,52.55
1241,0.3146826852269462,0.41117620793642673,36.25,52.849999999999994
1242,0.3707601135798434,0.4043414374563948,36.0,52.6
1243,0.3397257009945332,0.4287181375183981,35.949999999999996,53.0
1244,0.31292771411586695,0.42835107294029034,36.05,52.449999999999996
1245,0.3840598065557421,0.4345924808925091,36.05,53.1
1246,0.29436733894835626,0.3724798498807784,36.05,52.55
1247,0.3353683103552645,0.41648391215291236,35.949999999999996,51.7
1248,0.3525585877682524,0.42093749095824023,35.8,52.25
1249,0.35449582552083114,0.39282304723305755,36.15,53.7
1250,0.3387294933768209,0.38641603946026637,35.099999999999994,52.849999999999994
1251,0.290120716772459,0.3857846860910804,35.4,51.9
1252,0.3400126920176931,0.413052013913089,35.6,52.15
1253,0.3248575250560417,0.37667223040865133,35.55,50.9
1254,0.3321215785312157,0.3749964678082872,36.15,51.449999999999996
1255,0.33730116101175817,0.3879764594432662,36.05,51.2
1256,0.3299596033030511,0.4249385019377527,36.199999999999996,52.55
1257,0.3428818369818868,0.420681687143751,35.15,50.7
1258,0.3572984149679815,0.4145167233298016,36.15,50.55
1259,0.31822706791600464,0.40032189067481355,35.15,51.5
1260,0.3864154995152726,0.40868047678259894,35.449999999999996,52.400000000000006
1261,0.3255567744169391,0.4262459159590602,35.25,51.849999999999994
1262,0.31191860620766726,0.3903242085386545,35.5,51.0
1263,0.32747517249469676,0.4257921766871498,36.05,52.5
1264,0.33256546305215123,0.3808043032467913,35.8,52.55
1265,0.30869417032502067,0.385896723609305,36.15,51.800000000000004
1266,0.3320867666796793,0.41389145898167706,36.199999999999996,51.4
1267,0.305061849312167,0.442112480632657,36.05,51.5
1268,0.3496111681920843,0.3954647144016481,36.25,51.949999999999996
1269,0.35258971594697913,0.39165825577675695,35.199999999999996,50.24999999999999
1270,0.35692997828684714,0.41612198047013055,36.05,51.74999999999999
1271,0.32265293019702285,0.4355855237924748,36.65,52.400000000000006
1272,0.32112420998677293,0.40347328881639644,36.55,51.9
1273,0.3255206399405831,0.3795708619537943,36.199999999999996,51.349999999999994
1274,0.3702078340203601,0.39714716450558685,36.7,50.2
1275,0.36478898046628383,0.4505205063380137,36.1,51.849999999999994
1276,0.37626429047095894,0.39633579138257974,36.75,50.64999999999999
1277,0.34391968857172184,0.4214928963625115,35.9,52.449999999999996
1278,0.3651542192746243,0.428650239022513,36.95,51.7
1279,0.3510824601048214,0.39685864260793347,37.8,51.9
1280,0.28276386217428867,0.3850319961886457,35.5,51.4
1281,0.3344675601933622,0.3990250145561688,37.25,51.24999999999999
1282,0.3301510280844824,0.4339880025311878,36.6,51.5
1283,0.37560734850023575,0.3756456600964045,36.3,52.05
1284,0.33046659021790536,0.4302124578413353,36.199999999999996,51.449999999999996
1285,0.34115507844262344,0.42495712215639764,36.5,50.74999999999999
1286,0.36327818291766756,0.40452492505915144,36.9,52.25
1287,0.36560695809550303,0.39338855407360823,36.35,50.24999999999999
1288,0.32802981683623217,0.40004380809062595,37.2,50.9
1289,0.335551306179925,0.44028133710496764,36.7,51.849999999999994
1290,0.34698946764116706,0.42147814408379286,36.35,50.7
1291,0.3329126653323982,0.43787774777839467,37.7,50.949999999999996
1292,0.33039715128768865,0.4315206125876822,37.4,51.6
1293,0.31138231231294194,0.4278460047219221,36.95,51.449999999999996
1294,0.31755700829482464,0.386403171524072,36.95,52.349999999999994
1295,0.33086506908345026,0.4079796222007921,37.15,51.449999999999996
1296,0.3347718323175901,0.39308706989604547,36.65,51.15
1297,0.33413334342480117,0.40534521742537244,36.65,52.0
1298,0.32414863708564357,0.4503720728355441,36.15,52.55
1299,0.3714003057321277,0.42058026351010025,37.15,51.849999999999994
1300,0.33862193502959703,0.392362130562271,36.199999999999996,51.6
1301,0.3682661103125019,0.4063383686838058,36.3,52.65
1302,0.32527799802173774,0.39309152320164165,36.3,52.15
1303,0.3535849176947105,0.4540510795210467,37.3,52.15
1304,0.40018337748168653,0.46927546702521805,37.35,52.2
1305,0.3310731828883742,0.4212820935649963,35.8,51.5
1306,0.35811388242966946,0.4110622146262675,36.15,52.449999999999996
1307,0.34094667975095827,0.46041513269313544,37.05,52.05
1308,0.3379826609278014,0.3742152056500785,36.6,51.300000000000004
1309,0.3933219032937123,0.4283670369319301,37.25,52.25
1310,0.299574128129567,0.4049411389927085,37.2,51.65
1311,0.31846107196204615,0.4129266460045783,36.5,51.949999999999996
1312,0.38342704324258997,0.4157443012533942,36.9,52.2
1313,0.37321950463134296,0.3959636363869371,37.7,52.349999999999994
1314,0.36499639386733124,0.4365250653622873,37.4,51.74999999999999
1315,0.30365021422008875,0.430471806695085,35.449999999999996,51.2
1316,0.34455687010849384,0.42793878408440844,36.05,51.2
1317,0.3435039143414354,0.39987042511158005,35.5,51.949999999999996
1318,0.34415522617823285,0.4578552805891117,36.4,51.4
1319,0.35867899570788886,0.3997013074977117,37.25,51.4
1320,0.30779615351789746,0.41415323193438885,37.0,51.849999999999994
1321,0.38413316583642815,0.4222662164696181,36.35,51.0
1322,0.34884646666958385,0.43226471716856907,37.1,51.5
1323,0.31331039184155984,0.4416909810272896,36.35,52.400000000000006
1324,0.3647748222091164,0.4182434428091236,36.199999999999996,51.15
1325,0.30322921383530127,0.41772453292017275,37.15,50.74999999999999
1326,0.3359179262580603,0.40268404486667203,36.9,50.64999999999999
1327,0.338594251446366,0.3720515738482559,37.6,49.6
1328,0.3546030439755071,0.38290593016914887,36.9,50.55
1329,0.3871210700171349,0.4218914964337446,36.7,50.349999999999994
1330,0.3346292643361883,0.4465554206115132,36.7,51.5
1331,0.28888898720569767,0.3827026194870145,36.7,51.15
1332,0.39361431858343776,0.44448253590424985,36.8,51.24999999999999
1333,0.34269612676767597,0.45975834958225326,36.95,51.74999999999999
1334,0.3520704273817181,0.4386274385187325,36.5,53.0
1335,0.3423550112263615,0.409015800452275,36.65,51.65
1336,0.36876026286321667,0.41592434651093985,37.85,52.349999999999994
1337,0.3635938057534741,0.44862638902097945,37.5,51.9
1338,0.31146336176797174,0.37811574840042217,35.75,52.6
1339,0.3652148153720343,0.41164808382992635,37.15,52.300000000000004
1340,0.32357995480878704,0.43769810241704726,36.05,53.25
1341,0.36850392474636956,0.44554185203958063,36.25,51.74999999999999
1342,0.3178591134731222,0.3943413886302459,35.25,51.949999999999996
1343,0.40006220228847844,0.4395373608626486,36.7,51.7
1344,0.3378714187489401,0.44372881873166864,35.6,51.4
1345,0.3423568688733356,0.4687514589344223,36.4,51.4
1346,0.34993269185568704,0.4016393126895578,35.65,51.05
1347,0.3753732340963269,0.3875870861886515,36.55,50.8
1348,0.36194812431458606,0.4273668525677193,36.4,51.1
1349,0.36651626705171864,0.3981827923637424,36.15,50.55
1350,0.3731202836700959,0.44147581444312034,36.05,50.55
1351,0.34414830055910717,0.4392431992022384,35.55,51.24999999999999
1352,0.3189485946387216,0.41193254835786675,35.75,51.24999999999999
1353,0.35045521045066913,0.4277925993624299,36.9,50.5
1354,0.3396975265693545,0.40809791239084336,37.3,51.4
1355,0.3681043832566626,0.4332713537415541,36.3,51.849999999999994
1356,0.325495490556925,0.3895907957590221,36.6,51.449999999999996
1357,0.3504640410300276,0.4244670085498824,36.85,50.64999999999999
1358,0.3457256728812654,0.4397297983386467,37.35,52.849999999999994
1359,0.34145498090302584,0.4522244783418954,37.15,51.949999999999996
1360,0.33109359002864425,0.42531031685395265,37.15,52.75
1361,0.3174187215185654,0.39410350518072373,37.05,52.400000000000006
1362,0.3338783542575721,0.4358368704016729,36.8,52.300000000000004
1363,0.32090559336750357,0.42852769653970413,36.15,52.65
1364,0.37871839760561976,0.4041504933541612,35.85,51.349999999999994
1365,0.3246808991852412,0.42204821348575294,36.15,52.2
1366,0.3727764664932089,0.3757864850810686,36.1,52.25
1367,0.3690152620678834,0.4464457179025815,36.55,53.449999999999996
1368,0.3327446863210836,0.40447094835987096,36.3,52.25
1369,0.317686581937827,0.40103495010170015,36.65,53.1
1370,0.34538597539609744,0.4690417597659529,36.6,53.05
1371,0.3084766156768639,0.4355101777739693,36.25,51.7
1372,0.3459810740439972,0.44306013469559247,36.55,52.449999999999996
1373,0.3325147623613043,0.43461678572312074,36.6,51.5
1374,0.35211014418607134,0.4297300076471613,36.4,51.349999999999994
1375,0.3423524568062807,0.4428222267377552,35.8,51.4
1376,0.32506814425987113,0.4755730678037414,36.0,51.800000000000004
1377,0.36939937383972216,0.43213989092300337,36.15,51.849999999999994
1378,0.3001219165227459,0.4312755145259612,37.1,53.1
1379,0.37707263133585106,0.4530786500030915,37.75,52.1
1380,0.3543377255681953,0.4428643426106679,37.1,52.15
1381,0.34571776439277035,0.42583334043225984,35.75,52.7
1382,0.37604129052130314,0.39647981007264693,37.35,51.9
1383,0.32313213654560363,0.46608193842168233,36.199999999999996,51.7
1384,0.3839572271053594,0.4217343397671259,37.0,52.849999999999994
1385,0.3275577164743213,0.3851159644433744,37.25,52.349999999999994
1386,0.33735405544453373,0.4605213398400031,37.3,52.75
1387,0.3177804586401973,0.42812346176678834,37.6,51.800000000000004
1388,0.36295359869622185,0.4143599430510992,36.85,52.0
1389,0.35897288091900514,0.4088034294143697,37.45,51.5
1390,0.3558190366552886,0.44551464665039325,37.7,52.349999999999994
1391,0.35989302999557254,0.3971826545864228,37.55,51.55
1392,0.39385850468522626,0.41525823914452226,37.95,52.25
1393,0.3365461966942876,0.41885778043432353,36.15,51.449999999999996
1394,0.32358722610789326,0.45593504208644925,37.0,52.2
1395,0.35038473904882145,0.47377593221502357,37.4,53.05
1396,0.33526406142590204,0.41237398334466796,36.7,52.449999999999996
1397,0.35488750888076637,0.4856516302226446,37.25,52.900000000000006
1398,0.350096640417284,0.4845659578748127,37.6,52.300000000000004
1399,0.32202106830319005,0.47353110856085573,37.75,52.800000000000004
1400,0.33892968959831216,0.4522191208574128,37.7,53.05
1401,0.38299459587129775,0.45745784715076676,37.25,53.400000000000006
1402,0.38399419949669533,0.4125603865894185,37.55,52.05
1403,0.3590902021572933,0.42730407835304357,37.8,51.05
1404,0.35311090451948207,0.4411608254848605,37.45,52.449999999999996
1405,0.36085475803667644,0.4539557817085273,37.9,52.800000000000004
1406,0.3645357760784614,0.43581244689442733,37.9,51.849999999999994
1407,0.34157679481463,0.45223978776467677,37.95,53.900000000000006
1408,0.3229738752964329,0.4723870682821678,38.4,53.15
1409,0.3566042470660276,0.4382878600335256,37.15,53.25
1410,0.36204806309734977,0.44553033860246105,37.1,54.1
1411,0.36245019821314484,0.44640826833347913,37.85,53.400000000000006
1412,0.3778500663552426,0.40232736893015225,36.65,53.849999999999994
1413,0.3186269174469919,0.44766499754460054,37.6,52.75
1414,0.3859881493319059,0.44596087223499764,38.35,52.300000000000004
1415,0.3900210486569877,0.4445519089884513,37.4,52.800000000000004
1416,0.3187917470268595,0.4293819053896276,37.55,51.74999999999999
1417,0.34744392900508525,0.47109510361700196,37.85,52.6
1418,0.3608715068840183,0.44924330455263023,37.75,52.5
1419,0.3526308973170474,0.4360004364682076,38.0,52.400000000000006
1420,0.34281601639447934,0.4175966239803756,38.1,51.6
1421,0.3398172482652169,0.37977521536359693,37.55,51.74999999999999
1422,0.364574939216382,0.47272454502266725,38.1,52.349999999999994
1423,0.34575982198146676,0.4379532018900039,38.75,52.300000000000004
1424,0.3779328310239737,0.45825855356121076,38.25,52.349999999999994
1425,0.3563415442841,0.4167006617289054,37.7,51.65
1426,0.3616194794881237,0.42979693905468935,37.95,52.15
1427,0.35971228611907236,0.4527999832556748,37.5,52.849999999999994
1428,0.3874149087539937,0.4225189733239581,37.9,51.55
1429,0.3608250529707459,0.43566565113004047,38.25,52.25
1430,0.32168760973709887,0.46672409691791644,37.75,51.949999999999996
1431,0.32005649209140324,0.43564682493089857,38.2,52.15
1432,0.3290923991984515,0.43304945070038525,37.1,52.400000000000006
1433,0.37882443301101415,0.45851803737646024,37.95,51.74999999999999
1434,0.3708652186542707,0.4456051107848505,37.85,53.449999999999996
1435,0.3205003842828026,0.41916951821901555,37.05,52.949999999999996
1436,0.37022219894565966,0.4386455991092272,38.3,53.15
1437,0.3378405983191546,0.4062432872232555,37.5,52.5
1438,0.35500843090882517,0.38607205719556575,37.75,53.349999999999994
1439,0.3282542287778035,0.4567119996514006,37.6,52.449999999999996
1440,0.34659393689045864,0.443159566943256,37.25,51.849999999999994
1441,0.34019830638011145,0.44576818046814765,38.1,52.55
1442,0.3523560175490766,0.4062031277408366,37.65,51.9
1443,0.36873781979188863,0.4273376992935152,38.5,52.25
1444,0.33905177031809525,0.4161402749947406,36.7,52.449999999999996
1445,0.3496415564678032,0.46588959967686827,37.4,52.349999999999994
1446,0.36560307395956376,0.42947922456083565,37.65,52.5
1447,0.3549325711167944,0.4378734683358205,36.85,53.1
1448,0.3203888761837584,0.4698518467082949,37.65,52.400000000000006
1449,0.3706989575178124,0.4712151620820414,37.15,53.15
1450,0.3741751200168399,0.43629648728483755,37.05,52.2
1451,0.34089378751935573,0.4466105565656267,37.15,51.05
1452,0.32713044216826986,0.4185631390302309,37.15,51.9
1453,0.3764743587692684,0.42941399098382116,36.65,51.65
1454,0.32924708792635204,0.4539172062387604,38.35,52.0
1455,0.40050994118355043,0.4025425827024437,37.65,52.05
1456,0.3483508715726938,0.42858809011560345,37.95,53.05
1457,0.39787934596264507,0.4603809154617566,37.8,52.949999999999996
1458,0.35959870347394157,0.42558700134465915,36.65,52.849999999999994
1459,0.331648549682129,0.4328423810610321,37.15,53.7
1460,0.34746780343115613,0.4741524523962947,38.5,52.300000000000004
1461,0.3471063470734463,0.4339498982563147,37.85,52.849999999999994
1462,0.36224926948692077,0.43622799873587714,37.35,52.949999999999996
1463,0.37564345928034865,0.4377265262653099,37.55,52.7
1464,0.37696205622212836,0.45608642006773864,37.4,52.6
1465,0.36613504537244784,0.4196121013687925,37.55,52.75
1466,0.35696076054967635,0.453502716402735,38.5,53.349999999999994
1467,0.34040658229540954,0.44448569823944734,38.35,52.7
1468,0.3774394475657596,0.48785572957096585,37.9,52.900000000000006
1469,0.37001402503028197,0.44651375080603706,38.25,53.7
1470,0.3598203928241908,0.47662419035766646,37.6,54.1
1471,0.3579829367854314,0.4469474708869506,37.85,52.800000000000004
1472,0.38698352366610833,0.4727263162139163,37.2,52.55
1473,0.34408731153045313,0.41855077654497835,38.45,52.900000000000006
1474,0.37944092033134497,0.4609158500407603,37.9,52.900000000000006
1475,0.3676477774721077,0.46800686637506284,37.05,51.849999999999994
1476,0.3772622041660462,0.4556199025187212,37.35,51.800000000000004
1477,0.3666880326224936,0.454790040563875,37.3,53.05
1478,0.3902444397555424,0.3854106068969647,38.45,51.7
1479,0.3274584865473504,0.4637748822199695,37.85,52.349999999999994
1480,0.33144582812750195,0.46352052200719585,36.35,52.800000000000004
1481,0.34040957649950654,0.4626373129734556,37.6,53.55
1482,0.37503267914062804,0.4219932007019105,37.2,52.900000000000006
1483,0.36078579652136045,0.46194123159137634,37.15,54.300000000000004
1484,0.346117033414551,0.4152191119200396,37.45,53.7
1485,0.3518763941908066,0.4537958849537205,37.6,53.449999999999996
1486,0.3699885472857105,0.41123018568976694,36.65,53.849999999999994
1487,0.35244987237748776,0.4975774037519077,37.65,53.849999999999994
1488,0.33861886120072565,0.4122961698793616,38.550000000000004,53.449999999999996
1489,0.34598348751738606,0.411635303063586,38.0,52.75
1490,0.36758324975190587,0.46226281835812694,38.15,52.949999999999996
1491,0.3804702262699175,0.4351710022567829,38.4,53.300000000000004
1492,0.3893063355823067,0.4488704237440822,37.7,52.75
1493,0.3497066461341059,0.4242271119571187,37.4,52.900000000000006
1494,0.36503763199339656,0.44830769607280435,37.7,53.05
1495,0.36021103974735147,0.409488804332215,36.95,52.300000000000004
1496,0.3930689614151963,0.4245747324295286,37.4,52.349999999999994
1497,0.34765799970260164,0.4847728986407495,36.4,54.25
1498,0.3668949560681289,0.46842112898798316,37.5,53.7
1499,0.395379663441775,0.46857053420880895,37.2,54.2
1500,0.3729504614366206,0.4986648918565742,37.1,53.349999999999994
1501,0.34201863718606745,0.4223232753808486,38.75,52.949999999999996
1502,0.36467748951350903,0.41985187318742406,38.25,53.949999999999996
1503,0.4052928998299743,0.4331653025728626,37.1,54.50000000000001
1504,0.3691424723638622,0.440285995790301,38.15,53.449999999999996
1505,0.38572706548776164,0.4732863460605122,38.800000000000004,53.1
1506,0.37692028296098395,0.4112367753888822,38.6,53.65
1507,0.3991835656645658,0.45376794587440655,37.25,53.800000000000004
1508,0.3236875867308502,0.42435982712704584,38.5,52.300000000000004
1509,0.3727916916226997,0.4875839284154924,37.85,53.449999999999996
1510,0.3850558934741199,0.4240234946123393,38.05,52.949999999999996
1511,0.345958717674412,0.4366712894323256,37.2,52.400000000000006
1512,0.34490453361232065,0.46146930943209535,37.3,53.55
1513,0.37029360191619903,0.4721309632460036,37.8,52.900000000000006
1514,0.3697777058833483,0.4482228972287362,38.6,53.800000000000004
1515,0.32343261301103604,0.46543098343615125,38.550000000000004,55.1
1516,0.3972567520091625,0.48187488187006433,39.25,53.349999999999994
1517,0.3557066114944392,0.4809136441188224,37.85,53.849999999999994
1518,0.383284563502258,0.47637618269799875,38.45,53.15
1519,0.3661354434850733,0.4468440532808671,37.7,53.75
1520,0.4281933127474141,0.479952313130626,38.35,54.800000000000004
1521,0.39589165593444336,0.4559386818229744,37.2,54.449999999999996
1522,0.3513657958770916,0.4676921824843808,38.3,52.849999999999994
1523,0.36603781820950443,0.45587376696016446,38.2,54.900000000000006
1524,0.39005466185241394,0.45727850262304115,39.1,54.65
1525,0.3596926738625556,0.4611115597884452,38.15,53.7
1526,0.37840635992140437,0.4379443511213557,38.7,53.900000000000006
1527,0.37638722251916623,0.4833658365721324,37.35,54.25
1528,0.3585266623122206,0.47874306713154,37.75,53.800000000000004
1529,0.3511254637434172,0.46760565216667205,38.550000000000004,53.6
1530,0.37981198909639136,0.4604365597663894,37.5,55.05
1531,0.41340890445944706,0.4468836408737619,38.6,54.2
1532,0.370916890521148,0.4201486803825842,38.15,54.0
1533,0.3880115319663141,0.445857517265327,38.4,53.0
1534,0.3731744975897162,0.4305479054513809,37.7,54.05
1535,0.4087964163689643,0.46126623356904034,37.1,53.75
1536,0.41221889767106235,0.4464524198475407,37.9,54.7
1537,0.36866671676864116,0.47292471417585785,37.7,54.65
1538,0.37289806159009625,0.47304417625823236,36.6,53.05
1539,0.3826841341339642,0.4453532181071605,38.0,53.0
1540,0.3457262999990013,0.43755634899517176,37.5,55.00000000000001
1541,0.36386602247215627,0.4424515541060361,37.6,54.50000000000001
1542,0.39806047244928094,0.4191868690333374,37.8,54.15
1543,0.39324664207042004,0.4653408845366598,37.65,53.400000000000006
1544,0.36851898415218604,0.44485362022136316,38.65,53.15
1545,0.3459044417846217,0.48551366391136275,37.7,54.55
1546,0.3775896739547122,0.4458225999290465,39.050000000000004,53.800000000000004
1547,0.32652489505033416,0.48114967172906353,37.85,54.05
1548,0.3859374192326343,0.45821990964163034,37.4,53.400000000000006
1549,0.3795460020399413,0.46590892002971995,37.2,54.2
1550,0.35113902082417775,0.4558161462662708,37.5,54.75
1551,0.3517974684012169,0.4286383340485279,37.25,54.15
1552,0.3882240508032477,0.456532945387035,37.75,53.400000000000006
1553,0.34880126942314416,0.5086288436961863,37.05,53.5
1554,0.4217174679235322,0.4508352036316196,37.95,53.6
1555,0.3667148770981907,0.4054373892628245,37.35,54.0
1556,0.38080247531624295,0.4726270140603855,37.6,53.25
1557,0.3768564883251402,0.4326115824092275,38.1,53.65
1558,0.3713748668376617,0.45333356351373044,37.75,52.849999999999994
1559,0.3513970363583626,0.4526460315881032,37.55,53.25
1560,0.37276734664750666,0.4367827226776045,37.35,53.300000000000004
1561,0.38138501552860327,0.43603096353972864,38.0,52.55
1562,0.38955812801528694,0.4582096203326401,37.95,52.6
1563,0.379731811032343,0.45923323847870323,37.65,53.55
1564,0.38043644086444406,0.4982012915978544,37.45,53.6
1565,0.4141885794909656,0.4820151744723916,36.9,53.5
1566,0.38330147239981877,0.45819139668247066,38.35,54.0
1567,0.4101005598064128,0.4661645014830766,37.3,53.949999999999996
1568,0.36043811066842135,0.4962700406103839,37.5,53.1
1569,0.3392156808095159,0.46747969286825075,37.35,53.800000000000004
1570,0.38102334860293297,0.4582462558071037,36.6,53.449999999999996
1571,0.35871648272592643,0.43614502985824743,37.55,54.6
1572,0.41140922096460086,0.44958465215292004,37.6,54.05
1573,0.3574324202807037,0.47971519692583126,38.25,54.300000000000004
1574,0.3742588629541424,0.4678988362150476,38.1,54.85
1575,0.35461091236494624,0.4788462764850516,38.4,54.7
1576,0.3799047020607134,0.4789605639111207,37.45,54.2
1577,0.3871938097602574,0.3893769987256173,38.05,54.2
1578,0.4183474369616073,0.4718975776396017,37.65,54.35
1579,0.3753971807698236,0.4647547131320404,37.75,54.75
1580,0.41512963079147247,0.481837799590882,37.55,54.400000000000006
1581,0.3863763947163789,0.46898449413704396,36.65,53.949999999999996
1582,0.3772411092284211,0.43424256040711134,37.45,54.2
1583,0.381791786602353,0.47271621319500373,37.95,53.949999999999996
1584,0.37621915820895446,0.4447608370781643,38.1,54.400000000000006
1585,0.40846066380576873,0.46317851611562466,37.15,55.55
1586,0.3081587895722055,0.4880865804992523,37.35,55.2
1587,0.3687632992802789,0.48513257944026905,37.4,56.25
1588,0.37015029065966354,0.45703581286667794,37.25,55.400000000000006
1589,0.43720332032322223,0.48868904153332254,37.15,55.05
1590,0.42591475892355857,0.47985735584577616,38.0,54.400000000000006
1591,0.38387144760707326,0.4918059449734951,37.25,53.75
1592,0.4072665263495659,0.4687556773953186,37.15,55.05
1593,0.39802848627823134,0.47355710280092433,37.25,55.75
1594,0.3761990896934749,0.4799248340400442,36.8,54.50000000000001
1595,0.40557464106976615,0.46879900651456635,38.35,54.900000000000006
1596,0.37084284562732284,0.46952896516010134,38.05,56.8
1597,0.36920451946605354,0.434461470499183,37.8,54.900000000000006
1598,0.3480321078257826,0.4637202492806313,37.1,55.60000000000001
1599,0.40974064196679033,0.4655067298484864,37.55,56.3
1600,0.39074206336590406,0.47216182328888956,37.25,54.15
1601,0.41157798180231847,0.44830964963785086,38.4,55.55
1602,0.4400378363839521,0.5043928337047714,37.75,54.75
1603,0.42118085026105745,0.46689111284193996,37.05,55.400000000000006
1604,0.36964229499542783,0.48512200355637397,37.7,55.1
1605,0.4157859215653672,0.4148670913680969,37.75,54.949999999999996
1606,0.3952122355480609,0.4798868296077718,38.800000000000004,55.15
1607,0.43418387351250814,0.4596419175575003,36.9,55.45
1608,0.44219691091768026,0.4844890800994974,38.0,55.55
1609,0.3849016203679458,0.45206530476226897,37.5,54.05
1610,0.3748750459931242,0.45370661073408713,36.85,54.65
1611,0.3778813358359989,0.4619251367691421,37.9,54.7
1612,0.3978247754648288,0.501882957487858,38.2,55.55
1613,0.3494896715413859,0.4613486211862197,37.05,55.400000000000006
1614,0.344105329504407,0.43878518116435783,37.75,55.75
1615,0.4140207818097361,0.44426772154277316,38.3,55.50000000000001
1616,0.4033763718612002,0.452396342277437,38.0,55.15
1617,0.3624552510447155,0.43537253234475737,38.35,55.400000000000006
1618,0.4263553989487984,0.4469766195532645,38.65,55.15
1619,0.39381280168560634,0.42609075621442066,37.45,55.2
1620,0.39864944432735594,0.5037595425864785,38.3,55.75
1621,0.4031899019188918,0.4633086115603508,38.6,55.15
1622,0.397831170338913,0.5120178267314245,38.550000000000004,54.55
1623,0.4160101584503153,0.4542109268282953,38.15,55.7
1624,0.3939200807308993,0.43503048136407724,38.800000000000004,55.05
1625,0.4059627320578529,0.49618876214693447,37.8,56.35
1626,0.3883797896604103,0.45908500392792057,38.3,55.75
1627,0.3805027746106656,0.44993286951613365,37.9,55.55
1628,0.3971770912925268,0.4912271583018859,38.6,55.00000000000001
1629,0.3845706049714221,0.4532199933264888,38.550000000000004,55.800000000000004
1630,0.36243692452635495,0.48234418730148887,38.0,54.55
1631,0.4048829073881964,0.47398013451827353,39.4,54.400000000000006
1632,0.4115897956198023,0.48895684097469416,38.550000000000004,54.85
1633,0.4063293412623448,0.5192340804679842,38.5,55.65
1634,0.3770571244778378,0.4867391323849981,38.7,55.45
1635,0.4092306303945038,0.48406167892802354,38.4,54.900000000000006
1636,0.40025804173569235,0.4545474600444644,37.9,53.900000000000006
1637,0.4242483729014435,0.45882710582861025,38.15,55.800000000000004
1638,0.3713641522750729,0.49796988662213815,37.25,55.25
1639,0.4021175569963279,0.4499634956392666,38.4,55.55
1640,0.41642199735097885,0.4554507384619699,38.800000000000004,55.15
1641,0.38405585715201407,0.5270441887072316,37.9,55.2
1642,0.4310376740868607,0.4697488215899318,38.05,56.00000000000001
1643,0.35796704913896665,0.47442115330963874,38.35,55.900000000000006
1644,0.3658971779348151,0.4981660764627486,38.7,56.8
1645,0.36968888972453307,0.4665971889591046,38.7,56.10000000000001
1646,0.4018361868583065,0.4572827080516199,38.550000000000004,56.55
1647,0.34806429441536213,0.4829568073566232,38.05,56.05
1648,0.3945960395276911,0.4601642964855393,37.6,55.35
1649,0.3717010234716796,0.4876211463272692,37.75,55.35
1650,0.4092226849657795,0.5052312443954722,38.35,55.300000000000004
1651,0.4015841061189311,0.475119806395227,38.1,55.00000000000001
1652,0.4292529556951138,0.5073946307314071,37.95,53.7
1653,0.4165830412728053,0.49282639128694383,37.55,54.75
1654,0.4026982684297809,0.4396242245360793,37.7,55.85
1655,0.3929916189897066,0.42972497548379335,38.5,55.300000000000004
1656,0.37004352249478345,0.5178143515854083,38.550000000000004,56.3
1657,0.43360362381677486,0.5000185042916113,38.35,54.800000000000004
1658,0.3806040818532215,0.5223774702846858,37.65,56.699999999999996
1659,0.42633270677177815,0.45563486081069815,38.35,55.900000000000006
1660,0.40589763976505655,0.47211095702524236,38.35,55.65
1661,0.4159193712619068,0.4732559233003344,38.45,55.55
1662,0.39763175098788156,0.4843294010490444,38.9,56.8
1663,0.4350987681249752,0.47424694009067936,38.2,56.95
1664,0.43805736295649167,0.4518164108712052,38.800000000000004,55.900000000000006
1665,0.40033172085251884,0.44940183264386213,38.800000000000004,56.85
1666,0.376473463205382,0.479094129968312,38.95,57.25
1667,0.390158663500752,0.46108142617700776,38.5,57.15
1668,0.42295645656002184,0.4815887934833866,38.1,56.15
1669,0.4064325201427301,0.46041889192021507,39.5,57.599999999999994
1670,0.4115071791955794,0.5377389980289459,37.7,57.15
1671,0.416687322802734,0.48759295161854366,36.8,56.25
1672,0.4126361113252387,0.472228443879668,38.7,56.00000000000001
1673,0.4132340038948097,0.469088499518367,38.35,56.2
1674,0.37617688010227146,0.48580792629689584,37.4,56.599999999999994
1675,0.39207911045698635,0.5126735925910996,38.1,57.75
1676,0.40142216413487175,0.5169642680627476,37.8,56.89999999999999
1677,0.4343863576091146,0.4892100527133473,37.7,57.25
1678,0.417411157264128,0.4927542226169294,38.15,56.8
1679,0.45484717982215905,0.5087734611297573,38.5,56.45
1680,0.4189506173409378,0.4436529895948669,37.8,56.85
1681,0.43310932358550597,0.479815983076772,38.05,56.699999999999996
1682,0.39349927692254516,0.449182417182341,37.9,56.55
1683,0.38711102763827515,0.5200362246589182,38.0,56.10000000000001
1684,0.4209270025312185,0.5365400609544174,37.45,57.05
1685,0.39396609616928413,0.4900151869103339,37.65,56.699999999999996
1686,0.41508218062163005,0.4834981734563641,38.4,57.550000000000004
1687,0.4227094812720957,0.48282163944698525,37.45,57.45
1688,0.3903964918861854,0.4747860834017126,38.35,56.65
1689,0.4326709030116344,0.5474124305781742,37.95,56.45
1690,0.3891926710630111,0.46619814705575274,37.0,56.10000000000001
1691,0.44165438388238903,0.4954655479781481,38.1,56.89999999999999
1692,0.39967011774650607,0.5313948830575623,38.0,56.3
1693,0.4042146770764864,0.47873211276584354,38.95,56.00000000000001
1694,0.411984932540787,0.45576703819323383,38.2,56.25
1695,0.38510412298583546,0.5023292329583972,37.75,56.89999999999999
1696,0.4005717508781123,0.4755082319223002,38.05,55.7
1697,0.39986634326595927,0.4617578144944872,38.65,56.00000000000001
1698,0.42061572444250894,0.47930474878779705,38.4,56.39999999999999
1699,0.38600487022864227,0.4886465052249009,37.15,56.2
1700,0.3896549064158163,0.4905190226221895,37.5,56.10000000000001
1701,0.4126861497766425,0.5271428016101507,37.95,57.699999999999996
1702,0.36918204189638426,0.4672834265533064,37.5,56.05
1703,0.3819116481759421,0.4959519553911807,37.45,56.3
1704,0.4149654017241062,0.5011920697740571,38.0,56.05
1705,0.40595910757238846,0.4829117106254946,38.4,57.05
1706,0.39803675387634296,0.47320435442473147,38.45,56.85
1707,0.3837691794624155,0.504371411917398,37.5,57.15
1708,0.42287349543437636,0.5102225764576215,37.75,56.45
1709,0.3836899785570873,0.488710248559535,38.45,57.099999999999994
1710,0.4024356831637397,0.5104120518239051,38.3,56.89999999999999
1711,0.41922271562524904,0.5150356800314123,37.5,56.699999999999996
1712,0.42488403965666444,0.48667549911271346,37.85,56.75
1713,0.36913274492568926,0.509572371911895,37.5,56.15
1714,0.4287892243731187,0.4900079777536355,38.35,56.99999999999999
1715,0.37713907446933964,0.4906761800831898,38.05,56.55
1716,0.39625309381747875,0.4943193122680651,37.6,56.599999999999994
1717,0.39730709977764117,0.4932959015020435,37.3,55.25
1718,0.37289989819508684,0.47470633140638246,37.8,56.35
1719,0.3985602404118862,0.53372921765414,38.2,57.45
1720,0.40315602347466933,0.5192064866040415,38.5,56.99999999999999
1721,0.4091158919534699,0.49612167239485916,38.3,55.900000000000006
1722,0.40327563718014753,0.49274959399938767,38.45,56.65
1723,0.39301172924605815,0.4332887018815038,37.8,56.15
1724,0.3930228650215677,0.47863228200109054,37.55,55.35
1725,0.4104189519202972,0.49412464796236305,38.05,57.199999999999996
1726,0.3886864064806632,0.5033565308484494,38.25,56.65
1727,0.3660935165034278,0.488435492632833,37.8,56.85
1728,0.3736677491247468,0.5076893759467412,37.15,55.85
1729,0.3985097073652984,0.5002450034152677,37.15,56.25
1730,0.4032330009960085,0.488611375172017,38.0,56.39999999999999
1731,0.38030075558979004,0.48296312000914576,38.1,56.699999999999996
1732,0.40015659013509475,0.5457484184962289,38.0,56.75
1733,0.38592370420319366,0.5091070816115381,37.65,56.10000000000001
1734,0.38627049349114373,0.4979139559520715,38.0,56.95
1735,0.41828241990466564,0.47482447434825586,37.4,57.05
1736,0.38689439536914905,0.5634791173870515,37.05,56.2
1737,0.4178252831210918,0.5089545426927063,38.2,56.39999999999999
1738,0.4190858064834667,0.48814322832100737,37.6,57.35
1739,0.4020741289666645,0.47465322442318075,39.050000000000004,57.3
1740,0.41256828330887446,0.47671596970432506,38.1,57.49999999999999
1741,0.4188525292044915,0.5263153117614788,38.550000000000004,57.49999999999999
1742,0.4358547809447587,0.4616936157442646,38.65,58.4
1743,0.3597929670429166,0.5281760356432602,37.3,57.85
1744,0.39382068992979624,0.4857331286058284,38.95,57.699999999999996
1745,0.4205673803329075,0.5136277310486072,37.6,58.15
1746,0.4257936849007674,0.5179016030181937,37.75,57.099999999999994
1747,0.41039614899160554,0.512865771980006,37.9,57.099999999999994
1748,0.3978998450919904,0.5018794181922064,38.3,58.45
1749,0.4038980612499422,0.5356836640974791,38.0,57.8
1750,0.37770278710819644,0.5141890491408483,38.45,58.099999999999994
1751,0.4306820482994318,0.4740630289797447,38.6,58.15
1752,0.4230443028310093,0.45252762889409526,38.35,57.9
1753,0.37959414548108955,0.5019670690448604,38.15,56.55
1754,0.43755041834867425,0.5200138572343092,37.95,56.95
1755,0.434604414521365,0.5243051583477347,38.4,57.3
1756,0.38956225992188537,0.5051835149420122,39.300000000000004,57.699999999999996
1757,0.4287381576198178,0.5087956485384876,38.35,57.65
1758,0.38079597753150285,0.5009337222204492,38.45,56.25
1759,0.453640554662073,0.49772431490491886,39.15,57.99999999999999
1760,0.39206236665290756,0.4964236942964349,38.15,56.75
1761,0.46862059114795845,0.4698074591979455,38.85,57.4
1762,0.39873369580535134,0.5122321353520278,39.050000000000004,57.95
1763,0.40122834117612444,0.5338274774208953,38.25,58.4
1764,0.42348775627799035,0.4950853838733387,38.85,57.95
1765,0.42161472293126756,0.49220056405291635,39.85,58.15
1766,0.40149466960817093,0.4633488930016616,38.6,58.85
1767,0.391869020359121,0.5250987404922719,39.15,58.45
1768,0.4187841543873684,0.5062030117454106,36.9,58.650000000000006
1769,0.40204729939413336,0.5014057160235313,38.35,58.5
1770,0.4114431924641306,0.492363402932293,38.25,58.099999999999994
1771,0.44919734994268723,0.51794371641491,37.9,57.8
1772,0.40177822594145196,0.5030204711774657,37.85,58.4
1773,0.3929419627552039,0.5126876782972283,37.75,56.55
1774,0.4105027476873261,0.535118373110118,37.9,57.9
1775,0.39806377791141523,0.5319013345096594,38.15,58.4
1776,0.41931571834609677,0.5102960302763812,38.4,57.99999999999999
1777,0.4038278797939645,0.4878803350387357,38.1,58.050000000000004
1778,0.41709409123217783,0.48858548419201053,37.3,57.9
1779,0.4240073132872062,0.49029914850197476,38.2,57.35
1780,0.41088450198861337,0.47034574766429904,38.5,57.05
1781,0.43819282673450094,0.5236040197840925,37.5,57.550000000000004
1782,0.42751003672907417,0.48286670695822453,37.6,57.699999999999996
1783,0.43538854979133224,0.5310485057456753,37.6,58.15
1784,0.4101493095335623,0.5213192592933924,37.9,57.85
1785,0.4322279269975108,0.509071878351052,37.35,57.99999999999999
1786,0.42438811107737046,0.5226201290801248,37.8,58.95
1787,0.4012232176723734,0.5316139434587683,37.5,58.650000000000006
1788,0.39478544513924396,0.46131928554669865,38.800000000000004,58.8
1789,0.4317775428127317,0.5435456966494961,38.65,57.75
1790,0.3882771092549178,0.5108885161914044,38.3,58.85
1791,0.4308808749033906,0.5424824959393282,38.05,59.35
1792,0.4362184380030594,0.4695457531978063,38.65,58.8
1793,0.4095044432639819,0.49383594047410406,38.35,58.550000000000004
1794,0.394723480591512,0.49066414238468803,38.5,57.99999999999999
1795,0.43568013030445696,0.47777290284359086,37.9,58.95
1796,0.3755752861688719,0.5270594752793893,37.15,58.650000000000006
1797,0.4175320846349684,0.5146033980892032,38.25,57.8
1798,0.35125472366307087,0.5209772649650803,38.7,58.199999999999996
1799,0.37754299506546785,0.5343040153650221,38.1,58.5
1800,0.3970883170081315,0.49640315984841743,37.75,58.9
1801,0.4501141727702377,0.5107051484413682,37.55,59.3
1802,0.41978583319169205,0.5185084896087176,37.85,59.199999999999996
1803,0.38271644095121055,0.4867475531821204,38.05,57.699999999999996
1804,0.39921207043919354,0.5057605249846211,38.0,59.550000000000004
1805,0.44147729682114073,0.5130089372553326,38.65,58.25
1806,0.44389812350001673,0.4733933868304466,38.15,57.85
1807,0.44724239994996,0.510834033737876,37.7,58.199999999999996
1808,0.3984780866336846,0.5210259192326661,38.1,58.95
1809,0.4192548118880928,0.5398599534586822,38.7,58.75
1810,0.41664250715283974,0.5328167413660175,39.1,58.95
1811,0.41309158732854273,0.5017789509982346,38.4,59.0
1812,0.4473456091476397,0.46113051309334546,39.050000000000004,57.8
1813,0.406246349782631,0.5087210626664461,37.8,58.25
1814,0.4124429024359316,0.5274933656963852,38.85,57.99999999999999
1815,0.43571712549218,0.5169250963794135,38.2,56.95
1816,0.36693230464314547,0.5118740042407709,38.75,57.8
1817,0.4282838245041941,0.5443670297179597,38.550000000000004,58.699999999999996
1818,0.4356076275447107,0.545817538354411,38.800000000000004,58.45
1819,0.40336640621129755,0.4859667445317639,38.5,56.49999999999999
1820,0.3910449256349044,0.5052667396789183,38.6,57.85
1821,0.4269714561936647,0.5421633987444632,38.9,56.89999999999999
1822,0.38756582455744576,0.5120407835839916,38.550000000000004,57.550000000000004
1823,0.4151598723433571,0.5263519636105163,38.6,56.3
1824,0.4240549020481108,0.4856518905325935,38.800000000000004,57.95
1825,0.4189567299307337,0.5389683689176684,38.65,57.550000000000004
1826,0.41063444907036845,0.5201734355321919,38.2,58.199999999999996
1827,0.4408518336960313,0.4871303245922919,38.0,56.89999999999999
1828,0.4095306683551843,0.5225678412710683,37.5,57.65
1829,0.44147517411651227,0.49621238510208354,38.2,57.35
1830,0.43413644584191136,0.5295044207538578,38.25,57.599999999999994
1831,0.45456219246675084,0.5367208742867415,39.35,58.35
1832,0.3910884968808829,0.4870617174525738,38.2,56.89999999999999
1833,0.39161570100469,0.5107503405215564,38.7,57.8
1834,0.4167679829509873,0.5121694667022428,37.8,57.99999999999999
1835,0.3831262795221234,0.5298864974426317,38.35,58.699999999999996
1836,0.4170136733354164,0.5632135911733174,38.25,58.95
1837,0.4510849881782295,0.5363317481320278,38.6,58.050000000000004
1838,0.38211427030406825,0.5502948566546138,37.55,57.85
1839,0.40305297539287477,0.5186487942567075,37.5,57.550000000000004
1840,0.4572276633380643,0.5237298805080055,38.6,58.099999999999994
1841,0.3930718688053341,0.4819011428574283,36.65,58.050000000000004
1842,0.4374180439816847,0.5731663152425818,37.7,57.45
1843,0.42339390546436745,0.5119700248069844,36.6,58.099999999999994
1844,0.43650953443149393,0.543825974337097,37.9,57.35
1845,0.4132138805689389,0.5096649728551484,38.15,56.8
1846,0.3991542720502038,0.5060639654408767,37.2,57.15
1847,0.43963379327747826,0.4915857148144984,38.05,56.8
1848,0.42036737579095423,0.5063043688415859,38.35,56.65
1849,0.41844730323226575,0.5018073906298439,38.4,57.25
1850,0.44617174048763786,0.5030427650793384,38.35,56.65
1851,0.38088278192099984,0.5052095611160535,37.3,56.89999999999999
1852,0.4346961985073229,0.5458869547907046,38.0,57.15
1853,0.43068187501885563,0.515684485848387,36.95,56.699999999999996
1854,0.44525101788430005,0.49634539211640083,37.55,56.89999999999999
1855,0.4233598131218623,0.5020711207536008,39.15,58.45
1856,0.44275320865276513,0.5079110730085956,37.65,56.95
1857,0.434967705803642,0.5368901417445344,38.4,56.85
1858,0.41951440177171434,0.5465840213633557,38.65,58.199999999999996
1859,0.3857025191538522,0.5370853143041732,37.9,56.85
1860,0.4057179310640674,0.46712527922234937,37.85,56.699999999999996
1861,0.44103159284866267,0.5119949137287313,37.6,56.10000000000001
1862,0.43837796382126176,0.5245099218855511,37.85,57.35
1863,0.4265016269080835,0.5669030802543171,38.3,57.9
1864,0.42722080999680095,0.4961530087288688,38.15,57.45
1865,0.4348753673157803,0.5076159281331672,38.1,57.75
1866,0.46021855088241226,0.5097985669571129,38.1,57.85
1867,0.43493506963722556,0.542582733480241,38.05,58.199999999999996
1868,0.45699609279555764,0.5095427582146135,38.65,57.45
1869,0.46061055411664864,0.5485286987354623,37.6,58.099999999999994
1870,0.4134115564379249,0.5339527246279183,37.75,57.99999999999999
1871,0.4158121157000555,0.5325013785332028,38.05,58.5
1872,0.3968165001801457,0.5028706938288838,38.3,58.45
1873,0.4504094424880869,0.5091936398800757,37.7,57.4
1874,0.4384584456100849,0.5125039683810753,38.15,58.099999999999994
1875,0.39187537221165075,0.5198219084732091,37.55,58.5
1876,0.4274788472354002,0.5736003970756942,38.2,59.099999999999994
1877,0.44777506692059105,0.5268006768248672,39.050000000000004,58.25
1878,0.44514036458337597,0.5025585873604309,38.1,57.95
1879,0.4100776787995233,0.4814836502923883,39.0,58.599999999999994
1880,0.4498074956796468,0.5157326064662727,39.1,59.699999999999996
1881,0.4285760429702425,0.49513306082678954,38.4,59.3
1882,0.40949248974941327,0.49002727088985754,38.45,57.9
1883,0.4558860930020235,0.5439498216886499,38.2,58.35
1884,0.36336985439400293,0.5256624539626658,38.5,58.15
1885,0.47708012916776327,0.5295647136765683,38.800000000000004,57.85
1886,0.4284845723639089,0.5631796092220449,38.6,59.199999999999996
1887,0.4461163770658777,0.5281206371595065,37.4,59.0
1888,0.3886391146996592,0.5479494610531636,38.95,58.050000000000004
1889,0.4320250706334039,0.5465207579597534,37.8,58.099999999999994
1890,0.43622486898461194,0.5784636307061057,37.95,57.05
1891,0.45581014598604624,0.5352246760207935,38.1,58.4
1892,0.44029876890853425,0.4761360983271668,39.4,57.9
1893,0.456350693370302,0.5100122085667133,38.45,57.699999999999996
1894,0.3926131436784328,0.5283586370140864,38.4,58.4
1895,0.42626757352259687,0.49689540876846205,38.35,58.199999999999996
1896,0.43347532451564086,0.5109966719577319,38.9,57.49999999999999
1897,0.42758879535839456,0.5398746164113164,39.2,58.4
1898,0.45351019069085574,0.5229248412392928,38.25,57.49999999999999
1899,0.44822703677910647,0.4873120899666593,38.95,56.95
1900,0.43650526471488355,0.5405174166038055,38.4,57.45
1901,0.4472659600776056,0.5482192927355073,38.800000000000004,56.45
1902,0.44964283170438263,0.5333963812405844,39.85,57.8
1903,0.4487088166166582,0.5398555204714639,39.0,57.99999999999999
1904,0.3985263569092671,0.5309599438787734,39.15,57.35
1905,0.44879601640568695,0.5067304665902205,38.85,57.25
1906,0.4530412990745059,0.5326233104331904,39.300000000000004,57.3
1907,0.43398760687645277,0.535172404824989,39.35,58.45
1908,0.4671455715062084,0.49944704680413315,39.35,57.9
1909,0.44098406387826583,0.49478022663899773,39.85,57.65
1910,0.4186111628878626,0.5861081562624402,39.0,58.3
1911,0.390268188596369,0.56021824565536,39.25,58.35
1912,0.44872927880760155,0.5368072141647975,38.85,58.699999999999996
1913,0.4138279090526996,0.572836206139442,39.900000000000006,58.15
1914,0.42812481587094076,0.5233317011194947,40.550000000000004,56.99999999999999
1915,0.46143877027499275,0.5510066587805583,39.5,57.95
1916,0.44981870173169214,0.5413996755534135,40.150000000000006,56.49999999999999
1917,0.45370389997241123,0.5608812700985812,39.0,58.199999999999996
1918,0.4635118892463601,0.5485875431900235,39.1,58.550000000000004
1919,0.4232842175445204,0.5349845120087193,39.15,57.95
1920,0.4849477844578124,0.5328965162771517,38.800000000000004,59.199999999999996
1921,0.3858450874049499,0.5280186958334779,38.7,58.4
1922,0.405391783606782,0.5278549340458633,38.05,58.35
1923,0.39845444284534665,0.493072320441702,39.6,57.95
1924,0.42390069071687897,0.525165618094483,40.25,57.05
1925,0.4333304850794053,0.5353339668437973,39.2,58.5
1926,0.457561429738588,0.5337671928387564,39.65,58.5
1927,0.46415631592020895,0.576090708364186,39.6,58.9
1928,0.4733113079744794,0.5216845974578589,40.1,57.3
1929,0.48902150762954316,0.5291704513538722,39.1,57.95
1930,0.4155010024098791,0.5215712112746055,39.300000000000004,57.49999999999999
1931,0.47094247322845806,0.5188042864449962,39.7,58.25
1932,0.4093645835437204,0.5369291415246727,39.2,58.15
1933,0.44815130035615824,0.5336784298824783,39.5,58.5
1934,0.4188403631389618,0.5195435755236647,39.800000000000004,58.050000000000004
1935,0.43907756611494186,0.5074272869528452,40.1,58.3
1936,0.42291838261609205,0.5505013011878508,40.45,57.550000000000004
1937,0.44860523829032667,0.5865642148862376,39.6,57.95
1938,0.4544195672608306,0.49968986192054965,39.35,57.35
1939,0.44976469209984943,0.5468003715477009,38.550000000000004,57.25
1940,0.4609910302594547,0.570140072130027,39.15,58.35
1941,0.4547054965971646,0.527378513759585,39.5,57.550000000000004
1942,0.44217143659542263,0.5148604441590732,38.75,57.75
1943,0.42502865281863295,0.5408923852157982,40.050000000000004,57.8
1944,0.4372837264357932,0.5139042742911354,39.35,57.9
1945,0.45665740542810385,0.557997186465619,39.4,57.599999999999994
1946,0.42221174143086593,0.5238480144912041,39.15,57.699999999999996
1947,0.43880103953942134,0.5411131997302968,39.15,57.49999999999999
1948,0.43285052161997734,0.5707742436215089,39.75,57.45
1949,0.4718112313231325,0.5500990564756121,39.4,57.8
1950,0.48116493356916745,0.5248709112352121,39.65,58.050000000000004
1951,0.4583176176306108,0.547633173226659,39.75,57.199999999999996
1952,0.4421690435598207,0.5417977962423542,38.6,58.35
1953,0.45854832318472893,0.5453781252685044,40.9,57.75
1954,0.43834501175874024,0.5546870812208229,40.1,58.050000000000004
1955,0.4200281676754033,0.5603454881206323,39.65,58.8
1956,0.4669424386052279,0.5499950833499242,39.6,59.4
1957,0.4685285305851639,0.5296462226543677,40.0,58.5
1958,0.4184393597070267,0.5631282886286825,39.35,58.699999999999996
1959,0.4896917461282182,0.5043834749152777,39.550000000000004,57.45
1960,0.4140114529419144,0.5412488798583055,39.300000000000004,58.4
1961,0.4144667291037497,0.5688093653658596,39.900000000000006,58.050000000000004
1962,0.448634928839696,0.5495419535535134,40.65,58.099999999999994
1963,0.44277029915487404,0.5355353302197116,40.25,57.3
1964,0.4382058289308706,0.5518385648512263,39.550000000000004,57.550000000000004
1965,0.48145773192008784,0.5136081050044627,39.800000000000004,57.65
1966,0.40358701159675553,0.5242425923833245,39.7,57.75
1967,0.4462535267830226,0.54316789690241,39.550000000000004,58.45
1968,0.4115786354997351,0.5593342623059909,39.15,57.4
1969,0.45441396342327833,0.5694320947520041,39.7,58.95
1970,0.42752722668424586,0.536439961906693,40.25,58.5
1971,0.4743909979420932,0.5716667651381633,40.050000000000004,58.45
1972,0.4391039840646811,0.5787863136370088,40.0,58.099999999999994
1973,0.4122538064627933,0.5330508634421167,39.2,57.65
1974,0.44205551470409205,0.5120897592897413,39.15,57.9
1975,0.4558221530215425,0.5475095582933762,39.25,57.75
1976,0.4193182807349469,0.5729110375671161,38.7,57.699999999999996
1977,0.43770511423448966,0.5661812453737641,39.4,58.550000000000004
1978,0.4368941349010178,0.5521543050928944,39.25,57.9
1979,0.4497933904623894,0.5229005220760377,39.550000000000004,58.650000000000006
1980,0.44423361818271057,0.5286279342357367,39.75,58.050000000000004
1981,0.4587652167370871,0.5534701461779994,39.65,57.75
1982,0.40478372554803976,0.5431834328669617,40.1,57.99999999999999
1983,0.46908587830599335,0.5538700725545043,39.5,57.8
1984,0.44491173255560434,0.5790828919694748,39.95,57.99999999999999
1985,0.4922265577458354,0.587016474308192,39.95,57.25
1986,0.4568537304664397,0.5235645433869606,39.4,57.95
1987,0.41314730630181945,0.5363319135399699,39.6,57.099999999999994
1988,0.44713389136315573,0.5385847128655382,39.85,57.25
1989,0.41777146194538906,0.5667849291923608,40.150000000000006,58.15
1990,0.4396845362300012,0.5512635494051451,40.5,56.89999999999999
1991,0.4609087109069952,0.5234473648100393,40.25,58.15
1992,0.4944457503637537,0.5734252087409832,40.150000000000006,58.099999999999994
1993,0.4476164105511677,0.558987249614108,40.2,57.4
1994,0.4279204341789057,0.5725534723203152,39.800000000000004,57.49999999999999
1995,0.4278407787678261,0.5870920808445583,40.550000000000004,58.85
1996,0.46464488797446857,0.5620267351263512,40.5,57.699999999999996
1997,0.43726134109867826,0.5690633877596619,39.900000000000006,58.699999999999996
1998,0.453634346197725,0.4908725702719497,39.1,58.75
1999,0.46020904873889906,0.5438434382873298,40.45,58.9
2000,0.43834405088252915,0.6108928399337674,40.25,57.699999999999996
2001,0.43585973224711416,0.5216197006218414,40.150000000000006,57.99999999999999
2002,0.419120071558327,0.5582412454386118,40.050000000000004,57.35
2003,0.45197126114997943,0.5829419480922128,40.2,57.550000000000004
2004,0.45467798026110473,0.5737041325336193,40.400000000000006,58.75
2005,0.49104215224303954,0.5373603564756713,40.050000000000004,58.9
2006,0.44331473755083256,0.5559334845473677,40.300000000000004,58.550000000000004
2007,0.43330418445242824,0.5804326490481304,39.300000000000004,58.4
2008,0.44083771379418446,0.5844416843948949,40.050000000000004,59.5
2009,0.4588360143754447,0.5339287500239579,40.050000000000004,59.4
2010,0.435776105419596,0.5728057188909659,39.75,58.45
2011,0.4895743006693823,0.5692893803335722,39.45,60.050000000000004
2012,0.4711156768258148,0.5545137256270556,39.85,58.650000000000006
2013,0.4720301698222276,0.6093876455681887,40.25,58.85
2014,0.46452770942521565,0.5406215559696581,40.949999999999996,60.8
2015,0.4544092920991009,0.5983255777339831,40.65,59.9
2016,0.44014036842695137,0.5551862512474456,39.550000000000004,58.95
2017,0.48352130608292176,0.5539537768048182,39.75,59.75
2018,0.47403262089390846,0.5605501730131959,39.45,58.95
2019,0.45178953374307546,0.5365489366686302,39.050000000000004,59.199999999999996
2020,0.41351685213833206,0.5063448145230354,38.95,58.95
2021,0.3968461428963938,0.5728379163462174,40.2,61.45
2022,0.46356975172845444,0.5624441554058376,40.050000000000004,59.699999999999996
2023,0.45689604536873196,0.5684658650560402,40.550000000000004,59.35
2024,0.4698228537859728,0.5365283779829472,40.45,60.199999999999996
2025,0.488796071511445,0.5681270324077375,40.1,61.0
2026,0.46605964135529754,0.5704983354032169,39.6,60.0
2027,0.4555254774299412,0.5717764984376156,40.25,60.199999999999996
2028,0.44640136795869284,0.6057951032638337,40.65,59.95
2029,0.4508458018019536,0.5536210550863434,39.800000000000004,58.95
2030,0.4169231476913086,0.5513819433786039,38.75,58.25
2031,0.4721809189263761,0.5253573487781678,40.550000000000004,60.050000000000004
2032,0.4700586117925832,0.548522025973366,39.95,59.45
2033,0.47188044453784317,0.5531345448131961,40.5,59.599999999999994
2034,0.4402743871420376,0.5727550854001829,40.25,58.35
2035,0.46560046716267667,0.5447302542602427,40.75,58.5
2036,0.5074491072767716,0.5919709817413193,39.7,58.699999999999996
2037,0.4830773566699521,0.5423909483270145,40.65,59.25
2038,0.48312998917559946,0.5790237449627992,40.6,59.050000000000004
2039,0.4499250506759706,0.5753699974688392,39.300000000000004,59.4
2040,0.45660538955986624,0.5651691733347586,39.900000000000006,59.35
2041,0.45843005563891864,0.5317968435452,40.699999999999996,59.699999999999996
2042,0.4387329879067847,0.5430664080508871,41.449999999999996,59.099999999999994
2043,0.4457906227561995,0.5669538970822104,40.050000000000004,59.4
2044,0.45244387553654974,0.5551528781318928,40.2,60.25
2045,0.4363585262454464,0.5665179955192126,40.2,60.550000000000004
2046,0.4328151427510435,0.581675226297339,40.8,60.150000000000006
2047,0.44279088114115417,0.5690944818931648,40.400000000000006,59.9
2048,0.453769942469729,0.5656561395726274,40.45,59.85
2049,0.4103423494543737,0.5733338320324822,40.400000000000006,61.050000000000004
2050,0.5107818233453196,0.5322776351612245,39.95,59.699999999999996
2051,0.4120879664754535,0.5609654656205186,40.65,59.85
2052,0.4250166754684766,0.5812293283794182,39.7,59.9
2053,0.45298861778103106,0.551937738343543,41.0,59.8
2054,0.4419967627794861,0.5149947826890148,41.0,59.099999999999994
2055,0.44471591447337266,0.5691307245549412,40.849999999999994,60.050000000000004
2056,0.46330969224030566,0.5435577873095921,39.900000000000006,59.0
2057,0.46580194413695997,0.5480922599437891,39.85,59.599999999999994
2058,0.44117828776254225,0.597426502211688,39.800000000000004,60.8
2059,0.475085931826316,0.5894881964955686,40.2,59.650000000000006
2060,0.4512632286267062,0.513198529717438,39.7,59.45
2061,0.4414769570587856,0.5313453870176097,39.7,59.45
2062,0.4781724612285085,0.5276762003005218,40.300000000000004,59.85
2063,0.47929800332383854,0.584507284511662,40.150000000000006,60.050000000000004
2064,0.477414144678169,0.5903649947664096,40.300000000000004,60.050000000000004
2065,0.4648471364276396,0.5476727137636915,40.050000000000004,59.099999999999994
2066,0.43312576300389055,0.5841327333997981,39.800000000000004,59.5
2067,0.46064878148627925,0.54569273279301,39.300000000000004,59.35
2068,0.4611571972299694,0.585028463205875,40.0,59.699999999999996
2069,0.4690933495519191,0.5851074241843788,39.45,58.8
2070,0.5001931494995827,0.5481435107530992,39.900000000000006,59.599999999999994
2071,0.41553132209612176,0.5822260093251901,39.1,59.3
2072,0.4605328045973091,0.5444974932767073,40.0,58.9
2073,0.43950654615922075,0.5645583184012937,39.65,60.3
2074,0.48274032855672955,0.5775090248434421,40.050000000000004,59.699999999999996
2075,0.4577131932716018,0.5531612869101057,39.800000000000004,61.1
2076,0.4174782581913068,0.5695258687976068,39.900000000000006,60.199999999999996
2077,0.46472482066586246,0.55417423372474,40.050000000000004,59.8
2078,0.4288649081950035,0.6109762003504876,39.75,59.45
2079,0.456933616490474,0.5768400044502107,40.5,59.5
2080,0.41502833581345555,0.5584291300598003,39.6,60.199999999999996
2081,0.48264296890758285,0.5666156412430117,39.95,60.5
2082,0.4501281595290527,0.5254224275703141,39.25,60.5
2083,0.41787737854205464,0.5660444984199262,39.800000000000004,59.95
2084,0.43071936844518804,0.5487754805287789,40.5,60.9
2085,0.41343587539150367,0.5634131960191192,39.5,58.75
2086,0.48527958548578964,0.5311657491275747,39.7,60.199999999999996
2087,0.47100138753910564,0.5683812537215914,40.550000000000004,58.9
2088,0.4452583133419913,0.5277706847023859,39.95,59.650000000000006
2089,0.4700714476779181,0.563354357463247,40.5,60.6
2090,0.46414214237939266,0.5617054583661902,39.65,59.3
2091,0.4623894386341792,0.5961143595785351,39.550000000000004,60.099999999999994
2092,0.43006113983001276,0.5942187801591408,39.45,60.199999999999996
2093,0.4581509773083777,0.5678899895700262,40.25,60.650000000000006
2094,0.4639662636726993,0.5650635818116753,40.2,59.199999999999996
2095,0.5030452081241287,0.5619246561410937,40.35,59.550000000000004
2096,0.48923227001897296,0.5689596930943253,39.95,59.85
2097,0.46091507410027055,0.5981447991454987,39.900000000000006,58.699999999999996
2098,0.46256118445923383,0.5711027079073119,39.75,60.0
2099,0.47852243035697917,0.6020687353297005,39.65,59.3
2100,0.4671810031035165,0.5444841190779346,40.0,58.699999999999996
2101,0.4760668115837585,0.5680330933101211,39.550000000000004,60.150000000000006
2102,0.4591794084360928,0.5776357787816822,40.1,59.4
2103,0.4476767609781936,0.589335949032193,41.25,60.199999999999996
2104,0.4534224705913868,0.5762200405081978,39.7,60.550000000000004
2105,0.4295428389980298,0.595292059612078,40.0,60.4
2106,0.4790709191442637,0.6423616430432016,39.65,60.050000000000004
2107,0.47987798479446747,0.5314806887180111,40.65,59.199999999999996
2108,0.4390835432019908,0.5174471455749827,39.75,60.85
2109,0.42364820164250205,0.5653100980778623,39.95,59.9
2110,0.4764416352218705,0.5943807929544324,41.65,61.0
2111,0.4582156218778827,0.5429602826980678,40.6,61.4
2112,0.4952927712435344,0.5719032008005819,39.7,59.95
2113,0.43373599160769133,0.5535186526068877,40.8,61.650000000000006
2114,0.4953315371523249,0.5398838063138451,40.6,61.0
2115,0.4581447612771991,0.5634176458753046,40.300000000000004,61.1
2116,0.4430706986873916,0.559335966047077,40.150000000000006,61.1
2117,0.4555996211239002,0.5526195684645597,40.150000000000006,61.199999999999996
2118,0.48088999761919754,0.5424137512612578,41.0,61.050000000000004
2119,0.47274961426084616,0.5774253104834679,40.949999999999996,61.75000000000001
2120,0.43259800598737025,0.5719921917289581,40.849999999999994,61.9
2121,0.4884663577365387,0.5773037777456738,41.349999999999994,61.050000000000004
2122,0.45961760967564586,0.5368721563827527,40.849999999999994,60.550000000000004
2123,0.47180133576554534,0.6216839751144287,41.5,62.150000000000006
2124,0.48897083439484856,0.5570054214891313,40.849999999999994,59.699999999999996
2125,0.4791371139453886,0.5802018487693295,40.45,61.9
2126,0.49326603803468827,0.5834199132544234,41.05,60.45
2127,0.44260752432405276,0.5564219704517498,39.4,60.699999999999996
2128,0.49106079130945,0.5822759575546129,40.6,60.5
2129,0.47593686096895355,0.5526189423090738,40.0,60.050000000000004
2130,0.5073532762632982,0.5579791867985504,39.6,61.0
2131,0.45732242403809636,0.5943080896427427,40.2,60.650000000000006
2132,0.5075379667763882,0.6058908831945082,39.95,61.4
2133,0.45138647119587666,0.5782473012990564,40.5,60.75000000000001
2134,0.4895176055584263,0.608458010395268,40.849999999999994,60.85
2135,0.4643203188912518,0.5785081662731499,40.1,60.75000000000001
2136,0.45952531627000637,0.5961884155459973,40.550000000000004,61.0
2137,0.4841691373727649,0.5982248643492092,40.35,60.85
2138,0.45190732100644526,0.5760092940693435,41.15,61.4
2139,0.44055422368661457,0.5812722916776926,40.8,60.35
2140,0.47807981366336344,0.5421682075726773,40.45,61.35
2141,0.4423547919115099,0.5908052695960716,40.550000000000004,60.35
2142,0.49656464198370864,0.5605340565885679,40.1,60.150000000000006
2143,0.4570445341996202,0.5516069382143155,41.25,60.550000000000004
2144,0.460601173356112,0.5755169318474476,40.400000000000006,60.9
2145,0.5026805130293394,0.5866081202319798,41.15,60.6
2146,0.48347441829624643,0.5726276067424869,39.95,59.150000000000006
2147,0.48997118719317734,0.5406328045015336,41.4,59.099999999999994
2148,0.4638037053683303,0.5663503075708488,39.85,60.050000000000004
2149,0.492731319781296,0.5868303278104372,40.300000000000004,60.5
2150,0.4668223359989169,0.6001071373932783,40.050000000000004,60.95
2151,0.4801015095551219,0.5582984148533,40.9,60.0
2152,0.45385511825894564,0.5382154876306734,39.25,59.4
2153,0.4587858793442231,0.5518764203491525,40.0,59.75
2154,0.50169005868757,0.5763629114510549,39.85,60.45
2155,0.49133381972537155,0.5733903532961255,40.400000000000006,60.35
2156,0.4914642230762676,0.5329154292034113,40.050000000000004,60.199999999999996
2157,0.4953608364955913,0.5461818475431817,39.75,59.650000000000006
2158,0.5009829693367306,0.6172530191924359,39.45,59.5
2159,0.47162284675541116,0.6124237099010553,40.699999999999996,59.699999999999996
2160,0.4545366037772861,0.5793787118691773,39.85,59.95
2161,0.4042875315806733,0.5660231193061223,40.2,60.650000000000006
2162,0.4478573735195913,0.5931747167014649,40.050000000000004,60.199999999999996
2163,0.5039461940647588,0.5724981762984109,41.15,59.550000000000004
2164,0.508352497698171,0.5876675636514725,40.45,59.9
2165,0.4726553339957279,0.5651613211289207,40.300000000000004,59.95
2166,0.48733036091850784,0.6011186596487369,40.050000000000004,60.4
2167,0.4101626577387991,0.5640858653423291,39.900000000000006,61.1
2168,0.47425861522092566,0.5590632624502775,40.45,60.150000000000006
2169,0.4870469208341009,0.5861949003404693,39.800000000000004,60.8
2170,0.4589720998161621,0.5699235979604202,41.15,60.199999999999996
2171,0.4963043498823105,0.5680833567677573,40.150000000000006,59.75
2172,0.4709956237040058,0.5805555870922332,39.900000000000006,60.699999999999996
2173,0.46808481811542674,0.5790346728409171,40.050000000000004,60.6
2174,0.49038261615981177,0.6057625527918373,39.65,60.75000000000001
2175,0.4728462690347854,0.5953877486392916,40.1,60.550000000000004
2176,0.4581997688971993,0.5855964119383092,39.4,59.650000000000006
2177,0.4786582969990179,0.5834123172992176,40.300000000000004,59.85
2178,0.48003764099237184,0.5972955848882626,39.95,59.8
2179,0.4722888465179675,0.5800487333172653,39.800000000000004,60.75000000000001
2180,0.45376743370960104,0.569881361000421,38.800000000000004,60.5
2181,0.4875658597058596,0.6055574639936017,39.75,61.1
2182,0.4765283514145925,0.5980712312995179,39.900000000000006,61.35
2183,0.43846659160623197,0.5655018628551501,39.550000000000004,60.650000000000006
2184,0.4398138384951828,0.5273096411616661,40.550000000000004,60.550000000000004
2185,0.5013381080091137,0.5409610329307107,40.400000000000006,60.0
2186,0.4892588425944052,0.6144747009820439,40.6,60.150000000000006
2187,0.48768834291027735,0.5787305474317854,39.65,61.1
2188,0.4731864834918652,0.5849952651302074,39.4,60.35
2189,0.4366706223092241,0.5503897625362524,40.150000000000006,59.5
2190,0.4631334979136207,0.5689787264765817,39.95,60.95
2191,0.4872134579824889,0.614772620124054,39.95,60.050000000000004
2192,0.4225639675847037,0.5804065492588664,39.85,59.95
2193,0.4665040475984239,0.592062357765704,39.2,60.650000000000006
2194,0.4531185475432875,0.5926975115983885,40.2,60.9
2195,0.45902007169474224,0.5634975548733878,39.7,60.199999999999996
2196,0.43605260903297643,0.5996273636072009,39.800000000000004,60.4
2197,0.4815248771804719,0.57721434423334,40.1,61.7
2198,0.5032406113085487,0.5869479075064855,39.45,60.199999999999996
2199,0.46638599550088167,0.6054467635998413,40.2,60.0
2200,0.4940969694959882,0.5939004996287244,40.400000000000006,59.650000000000006
2201,0.5187959852131974,0.593614382785041,39.300000000000004,59.599999999999994
2202,0.5075272369265221,0.6163097873175165,40.6,59.099999999999994
2203,0.4847751939546143,0.6033773829042433,39.6,59.199999999999996
2204,0.5297210454944226,0.5848535797576266,40.150000000000006,59.95
2205,0.4712859194029071,0.6064939249172469,41.15,59.699999999999996
2206,0.5161607027969662,0.5800598227408452,40.25,58.4
2207,0.45967362738558176,0.6092993619316073,41.15,60.25
2208,0.47138510438973336,0.5574497867822247,40.5,59.9
2209,0.4806397186540299,0.5800576601002918,40.25,60.3
2210,0.4978204594053578,0.5923861387779144,40.1,60.5
2211,0.4537753081015877,0.5888840795969326,39.7,61.1
2212,0.46192906587194976,0.586388460713784,40.2,61.8
2213,0.4591380030357453,0.5703449960242476,39.5,60.5
2214,0.4532286334132171,0.5836030519693329,39.45,60.050000000000004
2215,0.5133074159417557,0.6147837360204703,39.900000000000006,59.35
2216,0.49409615208068497,0.5658824374692769,39.85,60.35
2217,0.4628813528040633,0.5935204421392498,39.95,60.45
2218,0.5000674261447257,0.58153388874136,39.15,60.050000000000004
2219,0.4634229801469097,0.5971533084671353,40.150000000000006,60.9
2220,0.44403005206012575,0.5592323584176202,40.65,61.150000000000006
2221,0.4820577798743414,0.5968058341169751,40.300000000000004,60.0
2222,0.4718375983857895,0.5927695626295992,40.65,59.099999999999994
2223,0.43528728646032244,0.5810436658830069,39.7,59.699999999999996
2224,0.5143862351381545,0.6237681904139925,39.65,60.45
2225,0.4856026576614877,0.6042875952170251,39.95,59.050000000000004
2226,0.4296943484532919,0.6125991767674224,40.6,60.699999999999996
2227,0.4469207306878434,0.5868709204989289,39.75,61.1
2228,0.44539298365837726,0.5997062808064536,39.95,60.8
2229,0.4895634144967407,0.6072518254700998,40.65,62.25000000000001
2230,0.4625502013487934,0.608738779830799,40.1,61.35
2231,0.5024169042869046,0.6272127227703409,40.849999999999994,60.5
2232,0.5230126434905048,0.6219306273993349,40.2,60.9
2233,0.4831458417474314,0.6287793359812666,40.45,60.85
2234,0.44136721165922416,0.6034667158374735,40.45,60.6
2235,0.496126913710791,0.565797456378499,39.7,58.8
2236,0.4456180680754629,0.642295459885626,39.800000000000004,60.35
2237,0.5128138495367645,0.6617208988370757,39.300000000000004,60.9
2238,0.47505588583621816,0.6008825555637765,40.300000000000004,59.9
2239,0.4699986769489029,0.576611623396223,39.4,59.699999999999996
2240,0.4862819482369087,0.5985323778265234,38.95,60.35
2241,0.4657348115421637,0.5788140486777991,39.550000000000004,60.95
2242,0.5045539546884266,0.6116101201926397,39.35,60.3
2243,0.4901109578853827,0.5973570951711147,39.85,60.150000000000006
2244,0.4817019189513038,0.6051253676543424,40.050000000000004,60.199999999999996
2245,0.48631860408431793,0.6383085228736554,39.900000000000006,61.550000000000004
2246,0.4916424254600331,0.5898348467521176,40.050000000000004,60.3
2247,0.4436102176107571,0.6547414867851881,40.050000000000004,62.55
2248,0.45101953080287593,0.6508311810583685,38.85,61.7
2249,0.53325758304595,0.6199598101577253,40.0,61.0
2250,0.49314263955594523,0.5867688776161507,39.800000000000004,61.9
2251,0.49935886262552087,0.5947603261494032,40.2,61.7
2252,0.5022896834680736,0.5841831797308686,39.5,61.8
2253,0.4867920181745643,0.600745775246108,40.300000000000004,61.75000000000001
2254,0.49933836754027316,0.5839592022619406,40.300000000000004,61.8
2255,0.45825040810886153,0.6156873881294269,39.800000000000004,61.650000000000006
2256,0.48931410816425563,0.5750463362297376,40.45,62.35000000000001
2257,0.49813853891242843,0.6140630637698259,40.550000000000004,62.150000000000006
2258,0.5065488287962695,0.5637942237459136,39.95,62.150000000000006
2259,0.48794527142943217,0.5646181731975314,40.300000000000004,62.3
2260,0.45626007829893,0.6123517081066869,40.5,62.0
2261,0.5100010625085746,0.5548689868219774,40.150000000000006,61.75000000000001
2262,0.49587189899153594,0.6341827512928444,40.5,62.150000000000006
2263,0.5023620496772918,0.605767453205815,40.0,62.1
2264,0.4587545953942434,0.5762484438550155,40.65,62.45
2265,0.4803684089706555,0.576221130677478,40.300000000000004,61.45
2266,0.45114205256055895,0.6113019841299817,40.45,62.5
2267,0.4956168097337662,0.597172244791671,40.949999999999996,62.25000000000001
2268,0.5237049660821865,0.609999311322719,41.15,62.5
2269,0.48047089367540924,0.6286758560284873,40.35,61.4
2270,0.4563141616607595,0.6009579668216053,41.349999999999994,62.2
2271,0.5028113935971914,0.5849675640639614,41.6,62.0
2272,0.5142941835807744,0.6120351997041438,41.0,62.5
2273,0.48022321521742317,0.6168608699287298,40.9,61.85000000000001
2274,0.46165692021453514,0.6268449872434882,41.099999999999994,63.24999999999999
2275,0.5102934205833758,0.6044077073408856,40.9,62.0
2276,0.4977319980662004,0.562158508762039,41.25,61.650000000000006
2277,0.500057649667997,0.5789757590314609,40.65,60.4
2278,0.5167290935411166,0.6421414594978894,41.949999999999996,62.45
2279,0.46975788691360654,0.5924799409675267,40.65,61.9
2280,0.4948882058458628,0.5919156496714595,41.6,60.8
2281,0.4595148074996022,0.5755092011705347,40.8,60.85
2282,0.510510841418341,0.618707413099476,41.05,61.25000000000001
2283,0.4462229285919158,0.6331908653616044,40.35,62.1
2284,0.4965706279777051,0.6188217583575732,40.5,62.35000000000001
2285,0.47556945393642186,0.6137030342947712,39.75,61.050000000000004
2286,0.4797972498201282,0.5818208745315467,41.55,60.8
2287,0.4725644308813389,0.6195843716429208,41.699999999999996,60.550000000000004
2288,0.5070474683999,0.5799550578682963,40.65,61.650000000000006
2289,0.4950224877108501,0.6488452426893955,41.15,61.3
2290,0.47868555496718146,0.5808691458251809,40.2,61.25000000000001
2291,0.5144774940950692,0.5891998198444066,40.45,62.6
2292,0.4926209577595836,0.6322383793656927,40.5,61.8
2293,0.5271049216103687,0.5993907426237064,41.3,61.199999999999996
2294,0.4974809414525898,0.6161463167791517,40.550000000000004,61.650000000000006
2295,0.4628134911742388,0.5974701043924793,40.35,61.25000000000001
2296,0.4658078337504636,0.6322479796293498,40.35,61.35
2297,0.4574081562833709,0.599795780026416,39.75,61.650000000000006
2298,0.48067579826875606,0.585198676223325,40.949999999999996,60.35
2299,0.4530717554722805,0.6079547141495659,40.35,60.6
2300,0.5314180663731695,0.5753198615443834,41.099999999999994,60.85
2301,0.49622858746593745,0.6149162024762148,39.65,61.650000000000006
2302,0.47220200315629246,0.5897381428934636,40.949999999999996,61.0
2303,0.4800371771540422,0.6100817406175458,40.35,61.5
2304,0.491363041655995,0.5779446120827492,41.9,62.0
2305,0.5272694724904782,0.6075936798703789,40.300000000000004,61.4
2306,0.4942290747555836,0.6198407194498258,39.4,60.85
2307,0.5290675655969355,0.5984472379613696,40.699999999999996,61.45
2308,0.5075275585992501,0.5724601373988354,39.95,59.550000000000004
2309,0.4443250299832745,0.596839217487751,41.0,62.2
2310,0.5173607961468512,0.6017439754094462,39.900000000000006,60.35
2311,0.45186608639528736,0.6438962798720187,40.65,62.1
2312,0.49889486531897775,0.5743588489075933,40.75,60.6
2313,0.4737870539682041,0.6103902890016929,41.15,60.5
2314,0.4711363669070439,0.616369720040485,39.95,60.699999999999996
2315,0.5169635641965596,0.5791630908647255,40.699999999999996,60.25
2316,0.48241852379342653,0.5810351214138996,39.85,60.699999999999996
2317,0.4660912504353266,0.5647403446390945,40.050000000000004,61.150000000000006
2318,0.5014303914110068,0.5705583452250319,39.900000000000006,60.550000000000004
2319,0.45864870145186354,0.5925521390215472,40.35,60.5
2320,0.4896089030402413,0.602397475446676,40.400000000000006,61.1
2321,0.5081943004432539,0.635970359316375,40.25,60.95
2322,0.5054851383837863,0.6340822627035518,39.5,61.8
2323,0.4756650578780069,0.614687713262115,40.35,61.650000000000006
2324,0.4760601629797158,0.6336395236589873,39.85,61.150000000000006
2325,0.46457951151952875,0.6050862353025452,39.550000000000004,61.199999999999996
2326,0.5401087545327432,0.6205818546199035,40.25,60.75000000000001
2327,0.5063640576147808,0.6061668278638799,39.65,61.35
2328,0.5040161551852613,0.6324872873895344,40.2,63.0
2329,0.4759781668779956,0.6178889753321891,39.95,62.4
2330,0.5154778852344888,0.5915244457374741,39.45,61.35
2331,0.49089348804501176,0.6559478372455887,40.45,62.25000000000001
2332,0.4906339845383999,0.5363069047100669,39.800000000000004,61.150000000000006
2333,0.502603289691902,0.6062258637528791,40.400000000000006,61.7
2334,0.46789223034575617,0.6365783846019926,39.85,61.199999999999996
2335,0.4747746984198551,0.578854289137456,40.050000000000004,61.6
2336,0.4868586383851254,0.628394274371853,40.35,60.550000000000004
2337,0.5341320266361536,0.5785617721964681,40.2,61.7
2338,0.5298491434436728,0.6065908263270511,40.849999999999994,61.1
2339,0.4797924003499064,0.6090546868307414,41.349999999999994,61.9
2340,0.5096875644069102,0.6465467099412856,42.15,61.75000000000001
2341,0.5225107550068127,0.630519759561114,40.75,60.8
2342,0.5000498081854309,0.5634762896320429,40.25,60.85
2343,0.537376384863746,0.5933116041908859,40.949999999999996,60.050000000000004
2344,0.4639778637738149,0.6068741032985124,40.9,61.1
2345,0.49669764328202115,0.5878741683806759,40.699999999999996,60.9
2346,0.5378257536808388,0.6152643157965908,40.949999999999996,60.0
2347,0.46258230914349463,0.5761612879295719,40.75,61.050000000000004
2348,0.4861286622777746,0.5760472859632083,40.6,60.6
2349,0.5046977567839569,0.6400953838938835,40.699999999999996,61.199999999999996
2350,0.49485108473852996,0.6224451118723391,41.05,60.650000000000006
2351,0.5137625418457159,0.5972955497769833,41.65,59.9
2352,0.4978358671878227,0.6322256646126803,41.5,59.699999999999996
2353,0.4954330223386444,0.6086099281319165,40.949999999999996,61.8
2354,0.5107547647316959,0.601326907009675,40.65,60.8
2355,0.4806131095415011,0.6268346439823985,41.9,61.050000000000004
2356,0.4815581740786483,0.5998185840173137,41.55,59.699999999999996
2357,0.5163034496817936,0.6048128507632416,40.65,60.0
2358,0.5143124437921683,0.604077433407065,40.65,60.650000000000006
2359,0.4926742194855355,0.6178995007721253,40.050000000000004,61.050000000000004
2360,0.4779595121493112,0.5897579736348367,40.300000000000004,60.95
2361,0.47931922677421346,0.5835843574482569,39.95,60.150000000000006
2362,0.4947063319774435,0.62500271474305,41.4,60.050000000000004
2363,0.5281246259837299,0.6267387102506516,41.099999999999994,60.3
2364,0.5082162879725379,0.6701300934517597,40.6,61.1
2365,0.4562102538327528,0.6484554836174029,40.45,60.050000000000004
2366,0.5036552923674095,0.5923501424299407,39.75,61.1
2367,0.4804905489636889,0.6143147246307546,39.95,61.6
2368,0.4967281598551526,0.6486021490762275,41.55,61.050000000000004
2369,0.49448695858076186,0.6358319658118362,41.85,61.4
2370,0.5526777565694867,0.5924380431718487,41.15,60.9
2371,0.5454355107871774,0.5765398120548489,40.75,61.550000000000004
2372,0.5060543373245383,0.593027788150398,41.449999999999996,60.25
2373,0.5177544031334737,0.6010229257050617,40.300000000000004,60.85
2374,0.5010586528685804,0.6259661675275255,40.1,60.3
2375,0.5270282652988394,0.6584609429528143,41.699999999999996,61.3
2376,0.4918135448857104,0.6244495726682096,41.55,60.45
2377,0.4805826070051969,0.6265863130203326,41.3,61.35
2378,0.47006657812631447,0.5891459157650478,41.05,60.85
2379,0.4824241437325687,0.6026568063204536,40.5,60.8
2380,0.5021585196716828,0.6245871782077289,40.849999999999994,61.0
2381,0.48637633914436873,0.6281797652292328,40.65,60.099999999999994
2382,0.48251339969548623,0.6358772244911929,41.449999999999996,61.650000000000006
2383,0.5121096734310515,0.6540004433302474,41.0,61.4
2384,0.5023003421621205,0.6064615380625046,40.150000000000006,60.550000000000004
2385,0.5384654625863814,0.5748260070819737,40.300000000000004,61.0
2386,0.4826072643759886,0.6064723374792504,40.45,61.75000000000001
2387,0.5005193691620962,0.5933595852263689,40.45,60.5
2388,0.552926678394887,0.6265511701979114,41.3,60.550000000000004
2389,0.48474798713049494,0.602030495633102,40.45,61.45
2390,0.4647752678539697,0.6298968355063423,41.199999999999996,59.75
2391,0.4951132996038688,0.6213134755116471,41.05,60.75000000000001
2392,0.5067362326924595,0.59789779644188,40.25,60.150000000000006
2393,0.48916368824325995,0.6294633526988903,40.849999999999994,60.199999999999996
2394,0.5362730739324811,0.5844414970312445,41.25,61.85000000000001
2395,0.482380292498945,0.609077943435416,41.4,60.45
2396,0.509469338227962,0.6038608126229141,41.25,60.9
2397,0.5232429271502533,0.6182568523752827,40.65,61.7
2398,0.5010343512942361,0.5676553108843074,40.050000000000004,61.050000000000004
2399,0.5607659616788665,0.6186309364651624,41.449999999999996,61.199999999999996
2400,0.4993779542578907,0.5884702181369257,40.849999999999994,61.8
2401,0.5283524233739607,0.5905455528320394,41.3,61.3
2402,0.5313732710539348,0.5890249765743281,41.3,59.8
2403,0.46617809670771804,0.6269318665799392,40.2,61.050000000000004
2404,0.5212524443860832,0.6357409824964295,40.849999999999994,60.5
2405,0.4938914911294798,0.6238552717110061,40.6,61.550000000000004
2406,0.5327214294067453,0.6101342555194884,41.05,60.050000000000004
2407,0.5242941671333772,0.6386741656478213,41.5,61.0
2408,0.5027574426801421,0.606493783551063,41.4,61.95
2409,0.5220395654120217,0.6112541613716098,42.15,60.699999999999996
2410,0.5437930517187196,0.6262589148339511,41.15,61.650000000000006
2411,0.46911348096708105,0.6357084854243046,41.4,60.75000000000001
2412,0.5140037793645468,0.643695271875144,41.349999999999994,61.3
2413,0.5066448153001086,0.5988122831208864,40.8,59.9
2414,0.5250363734981843,0.6203743113889449,41.25,61.7
2415,0.5138819072810662,0.6246406458050345,41.75,60.050000000000004
2416,0.5123014702690444,0.6282303513232906,42.0,60.95
2417,0.48685324545372466,0.6359054647849184,41.85,61.3
2418,0.5217432656813576,0.6010860094166388,42.25,61.050000000000004
2419,0.5195209166015319,0.610386817700771,41.65,60.6
2420,0.5168548890470132,0.6231640966358846,41.449999999999996,60.699999999999996
2421,0.4775725732912863,0.618869709562372,41.65,61.050000000000004
2422,0.5118622254832373,0.625470876501547,41.0,61.75000000000001
2423,0.4901955894245391,0.6219563384250866,41.05,60.699999999999996
2424,0.5124649733769933,0.634825126030866,41.349999999999994,61.45
2425,0.4854238824708221,0.6264642087018871,40.699999999999996,61.5
2426,0.5135922770432544,0.6397662642999342,40.65,62.050000000000004
2427,0.5142133916527887,0.6423768183079789,40.75,61.25000000000001
2428,0.5181176413254596,0.6111622733551427,40.65,60.6
2429,0.5038291332101275,0.67535500334166,41.65,62.6
2430,0.5048458041314203,0.5836262536324306,40.8,60.45
2431,0.4782971462826654,0.6214665634408102,40.75,61.0
2432,0.5389557697168809,0.596503487215027,41.8,60.650000000000006
2433,0.5132770535755132,0.5936107648674334,41.3,61.650000000000006
2434,0.5181204036956439,0.6196854968740282,41.6,61.95
2435,0.5425045814420048,0.6242929918826834,41.699999999999996,61.7
2436,0.506302277645337,0.6317751756169846,41.05,61.4
2437,0.5026075319827243,0.6077900647022358,41.75,61.7
2438,0.514123968271806,0.6192791231297158,41.5,60.85
2439,0.4832771002621365,0.6323062354431765,42.15,61.25000000000001
2440,0.48599773228140664,0.6212958413780727,41.449999999999996,60.95
2441,0.5143490529752407,0.6055172649872974,41.25,61.25000000000001
2442,0.5120117079900297,0.6325017619029689,42.25,61.150000000000006
2443,0.49229304115453376,0.6498775359986684,42.1,61.4
2444,0.4947474585297212,0.6337041561736707,41.199999999999996,60.550000000000004
2445,0.5256301496557005,0.6002494197225485,40.949999999999996,61.7
2446,0.5096386804735207,0.6234964844004626,41.099999999999994,60.75000000000001
2447,0.4958023928020638,0.6213570845089382,40.8,62.050000000000004
2448,0.5140838389054634,0.6213001345747612,40.65,62.4
2449,0.4864465463689006,0.6139596938366344,41.25,62.849999999999994
2450,0.4838344034064649,0.6070013476581687,41.3,61.7
2451,0.4789867041956573,0.5909214259797398,40.849999999999994,61.4
2452,0.5065015780506391,0.6003534249162363,41.0,61.550000000000004
2453,0.5052780407851724,0.6318068631360068,41.3,61.5
2454,0.513953578331957,0.6555383288861109,41.85,62.35000000000001
2455,0.47940095068904376,0.6224603645437967,40.65,61.85000000000001
2456,0.5386671940971457,0.6734830120923064,41.65,62.7
2457,0.4995638254111123,0.6482721944680098,40.35,62.45
2458,0.5197044348278331,0.6342467423910295,42.199999999999996,61.45
2459,0.525205061280788,0.6378984772238684,40.8,61.650000000000006
2460,0.4986334808546638,0.6182948660055293,42.1,61.75000000000001
2461,0.47742377039019235,0.5981069738066478,41.05,62.150000000000006
2462,0.5193539542148696,0.6664482954751236,42.449999999999996,60.8
2463,0.5659124675537639,0.6329439351856901,42.1,60.6
2464,0.5175112823253103,0.6308279898815745,41.699999999999996,61.75000000000001
2465,0.48854271704152913,0.6261648494783365,41.349999999999994,62.25000000000001
2466,0.497445110864311,0.6258770436235086,40.65,62.150000000000006
2467,0.516823147884676,0.5913024362634055,41.699999999999996,61.7
2468,0.503912478354918,0.6427960991797373,42.15,62.8
2469,0.5027701088859466,0.6717402573599335,42.15,63.4
2470,0.5089880558833619,0.648046673950199,41.949999999999996,61.85000000000001
2471,0.5115325976537389,0.5997130042130117,41.65,62.8
2472,0.5215309639949941,0.6497415320815788,41.75,62.949999999999996
2473,0.503252606916785,0.5773591496417386,41.55,61.8
2474,0.509121901489946,0.6285474280932292,41.9,62.849999999999994
2475,0.5285254972350535,0.6249289667959438,43.0,63.1
2476,0.5106384940991607,0.6511215048427111,42.4,61.6
2477,0.45686114451550663,0.6318183659719283,42.6,63.849999999999994
2478,0.5626552994545195,0.6160678127349225,42.699999999999996,60.550000000000004
2479,0.523571581576359,0.6379131383200562,42.199999999999996,62.8
2480,0.5295962142297569,0.6372064827771978,42.449999999999996,62.1
2481,0.48605937567792185,0.6493725682012567,42.5,62.35000000000001
2482,0.4871815134639024,0.6061494218930785,42.35,62.4
2483,0.4427967240540484,0.6438176952443273,41.8,61.7
2484,0.49171200009923666,0.6203628379108548,41.5,62.5
2485,0.5234927906288808,0.6296379547642456,41.449999999999996,61.650000000000006
2486,0.5149460129297821,0.6801579278663487,41.75,61.95
2487,0.5333000437151545,0.6170979508658697,43.0,61.95
2488,0.49497494530068986,0.6233929513718108,42.6,61.85000000000001
2489,0.5221042512214045,0.6386284286259185,41.949999999999996,62.150000000000006
2490,0.5220819144314142,0.649269190985072,42.55,62.0
2491,0.523946704770801,0.6200358458211913,43.3,61.75000000000001
2492,0.5144388545622566,0.6319678762588438,42.5,63.1
2493,0.5123738557902925,0.6001134710528263,41.85,62.7
2494,0.5429178336490544,0.6488286794767781,42.55,63.5
2495,0.5177439524409573,0.6388113143741084,42.8,63.6
2496,0.49015686427121635,0.5989315344940549,42.3,61.35
2497,0.47834300089936616,0.6686704529729697,42.5,62.4
2498,0.5461857255931412,0.6072942067282495,42.55,62.3
2499,0.47899596648424664,0.6480438844751126,42.35,61.7
2500,0.5214172225956353,0.6241580904085327,42.6,62.150000000000006
2501,0.49278350598590864,0.5996540882753989,41.099999999999994,62.150000000000006
2502,0.46448568902986653,0.6564159468810744,41.099999999999994,62.4
2503,0.5119310874291152,0.6713449153179281,42.05,62.3
2504,0.5574801433750521,0.6170742295576515,42.4,62.3
2505,0.5095456082258122,0.6831829413983909,42.3,63.5
2506,0.513107620045136,0.6466778815124342,42.15,62.150000000000006
2507,0.5398112212679029,0.6167935522133405,41.8,62.45
2508,0.5077925741674596,0.672261904896726,41.3,61.9
2509,0.5259561707327487,0.61912202897674,42.05,61.650000000000006
2510,0.5031400317598216,0.6307915115030027,41.349999999999994,62.9
2511,0.5413151917262399,0.5940928639325702,41.199999999999996,62.55
2512,0.5265158201502849,0.6395348857311404,41.099999999999994,62.849999999999994
2513,0.49729818897944517,0.6202895316126102,41.15,62.3
2514,0.5322714151922361,0.630097953949226,41.9,61.85000000000001
2515,0.537974389285517,0.6287248519311653,42.05,61.8
2516,0.5137764608552682,0.6348566452096722,41.65,62.1
2517,0.5309967703511741,0.6464390522356447,42.4,62.949999999999996
2518,0.5304096844820707,0.6188218770689695,41.15,63.3
2519,0.5097172466025119,0.6346443105308204,42.35,62.55
2520,0.5108488615565389,0.6218917161754125,41.85,63.4
2521,0.5468626014654727,0.6472078804598286,41.699999999999996,62.2
2522,0.5342716328775464,0.6065625019851211,41.9,62.55
2523,0.5005547503845698,0.6482064599010913,42.55,62.1
2524,0.5029424287008968,0.6503066319441347,41.949999999999996,62.9
2525,0.5363433469739125,0.6514010864797651,41.5,62.7
2526,0.5488275794668298,0.5892912456454151,41.25,62.45
2527,0.5072621005819758,0.6321660495885302,42.3,63.05
2528,0.5255163767552038,0.6180683909554389,41.949999999999996,62.4
2529,0.5656798382625176,0.6196517551694909,41.3,62.849999999999994
2530,0.5131303993081547,0.6508695808483091,42.3,62.8
2531,0.5440891074613287,0.6386203632114754,40.400000000000006,64.25
2532,0.5061093762389434,0.6149379290604088,41.449999999999996,61.650000000000006
2533,0.5003318260678481,0.6290374238099931,42.05,62.35000000000001
2534,0.5341784243726216,0.6457145590215677,42.05,62.7
2535,0.569291290415255,0.6517476058513032,41.199999999999996,63.4
2536,0.5068033994881072,0.6669703716675274,41.449999999999996,63.349999999999994
2537,0.5561705459197046,0.6445086628165293,41.85,63.5
2538,0.5229451788057029,0.675356211948974,41.3,62.8
2539,0.5209590331811853,0.5930555068651578,41.75,63.849999999999994
2540,0.5407050891528988,0.6473509312590265,42.35,63.449999999999996
2541,0.5529075653664081,0.6798838353893973,41.949999999999996,62.9
2542,0.575044531055468,0.637765850562781,42.25,63.1
2543,0.48384036727402846,0.6507770537577507,41.65,62.35000000000001
2544,0.4960911000239157,0.612830140639762,41.5,63.9
2545,0.585784094341574,0.6165392927867253,42.15,63.0
2546,0.5197048478327938,0.6418171537065595,42.05,63.349999999999994
2547,0.5116990777750138,0.6256752260970732,42.449999999999996,61.25000000000001
2548,0.5143286237074739,0.6260547223628207,41.949999999999996,62.55
2549,0.5355659425638561,0.5978971326527593,41.699999999999996,62.1
2550,0.5508243029808625,0.6318706421026179,42.4,61.9
2551,0.5288266776899267,0.6363643179744357,42.699999999999996,62.25000000000001
2552,0.5340687481934342,0.6180976688258671,42.6,62.849999999999994
2553,0.5381583992015887,0.6028439806541158,42.0,63.14999999999999
2554,0.5175582819813653,0.6366211529015766,41.8,62.0
2555,0.5269540772149721,0.6658602072550489,41.05,62.45
2556,0.5147180536429063,0.6352284988932533,41.75,62.64999999999999
2557,0.5345320943789461,0.6268793486180121,42.4,61.8
2558,0.5223558843428232,0.6295769790263297,42.15,62.74999999999999
2559,0.5669176113235191,0.6419727254926388,42.5,61.550000000000004
2560,0.5402686509704682,0.6417410112472937,40.65,62.2
2561,0.48766426720981204,0.6386759396422799,41.199999999999996,61.7
2562,0.5260217114892214,0.6434936711015976,41.85,61.8
2563,0.5385268211242447,0.633799432506534,42.65,61.35
2564,0.5511866541370107,0.6446069252579053,42.05,62.8
2565,0.48917053114093517,0.6641975682763097,41.15,61.6
2566,0.5104072192033534,0.648683898641154,42.4,62.050000000000004
2567,0.5622524976795296,0.6636072915877869,41.55,61.7
2568,0.5647085326376009,0.595740927194387,41.15,61.650000000000006
2569,0.5322084578199188,0.6541038295535149,42.9,62.5
2570,0.5336139103804896,0.6338916983687061,41.9,61.650000000000006
2571,0.5196730848651402,0.601359069437949,42.449999999999996,62.35000000000001
2572,0.5264706928448132,0.6285484301504284,41.3,61.75000000000001
2573,0.5479367199555313,0.6497657549773315,41.0,62.45
2574,0.5542640941711816,0.6525549002754005,42.0,61.5
2575,0.5566266773058899,0.6035957113830209,41.4,60.95
2576,0.5074403234073578,0.608679759551516,41.4,61.8
2577,0.5689975881973216,0.6517561908745582,41.949999999999996,62.2
2578,0.5236359243712273,0.6214840862938582,42.95,62.2
2579,0.5205929752926595,0.6712686122115736,43.6,61.25000000000001
2580,0.5322983669057736,0.6260946380102496,42.85,62.7
2581,0.5302799943811997,0.6367256084822212,42.3,62.45
2582,0.5143856116930737,0.6391802834332744,43.15,62.2
2583,0.5250095863830285,0.6485329319468409,43.6,61.050000000000004
2584,0.5410029341910932,0.6286685342629119,43.05,62.050000000000004
2585,0.5496413493256296,0.6208804807067888,42.25,62.050000000000004
2586,0.484990703910682,0.6583826374620815,41.85,61.4
2587,0.5259150447106259,0.6602289972388735,42.15,61.7
2588,0.5145494858602343,0.6517760242022012,42.4,62.3
2589,0.5268340579171804,0.626334610523357,42.95,61.35
2590,0.5444675389868291,0.6865437343953947,43.0,61.75000000000001
2591,0.5363815131537665,0.6559450968480978,44.05,61.5
2592,0.5460379323810274,0.6060320729192745,43.0,60.6
2593,0.5567902324932661,0.646692490307222,43.25,61.150000000000006
2594,0.5634944036952799,0.627838746021103,43.0,61.7
2595,0.5856999683303009,0.6326593851834499,43.1,62.949999999999996
2596,0.5205478701647823,0.675420616788563,43.15,61.85000000000001
2597,0.5716969178663905,0.6650195449231084,42.8,62.150000000000006
2598,0.515903717213077,0.6530658363437308,42.1,61.85000000000001
2599,0.4921568954600016,0.6496428676240582,42.5,62.150000000000006
2600,0.5302330988772889,0.6163592259636691,41.8,61.9
2601,0.5445257519453803,0.6299834957040469,42.55,63.65
2602,0.5660012284159948,0.6464827900380901,42.3,62.6
2603,0.4929744744215428,0.6458985814762725,42.1,62.849999999999994
2604,0.5192972612081522,0.6233005674154675,42.15,62.1
2605,0.5370708204489872,0.6792793584369802,42.8,62.2
2606,0.524394135540283,0.6872343363586136,42.1,62.45
2607,0.5643835131925807,0.6115570094374818,43.15,62.64999999999999
2608,0.5553816598755126,0.6409163812202396,41.949999999999996,63.24999999999999
2609,0.5680083413051417,0.6802529935181618,42.9,62.3
2610,0.5572574637825445,0.6670420858393205,42.9,62.050000000000004
2611,0.5234504451128356,0.6717526180789273,42.449999999999996,62.5
2612,0.5369685175377373,0.6760933323004827,43.05,62.6
2613,0.529745148747994,0.6075939739033117,42.1,62.849999999999994
2614,0.54497187574128,0.6233553891008367,43.0,62.150000000000006
2615,0.4943424093500271,0.6105793441434544,42.4,61.5
2616,0.5626954522757582,0.6869535378797068,43.3,63.1
2617,0.5331055477621309,0.6334681875274207,43.55,62.4
2618,0.5659227218815536,0.6451065185242678,42.05,62.050000000000004
2619,0.541648223518275,0.6446013360964162,42.05,61.3
2620,0.5077687954162258,0.6707058681713591,41.949999999999996,62.25000000000001
2621,0.5297843144257479,0.5943037573456137,42.35,61.550000000000004
2622,0.5377326323287452,0.659305220529059,42.65,61.95
2623,0.5203493020798818,0.6609862716596693,42.15,62.4
2624,0.5681747271587928,0.6186377271672866,42.199999999999996,62.55
2625,0.5337295470105023,0.6520003666216785,42.95,61.550000000000004
2626,0.5221796934089445,0.6510316498375107,42.449999999999996,61.85000000000001
2627,0.5445489836365296,0.6525803265606533,42.199999999999996,62.55
2628,0.5038069726310266,0.6475382081551668,42.6,63.2
2629,0.546597746406775,0.6556329735394786,42.449999999999996,62.3
2630,0.5063987294402811,0.6318676123276498,41.75,62.9
2631,0.5336800965367597,0.6897742146141435,42.85,64.05
2632,0.5482839646091706,0.6662483606485217,41.949999999999996,63.2
2633,0.5150088819511751,0.6670584497637085,41.949999999999996,63.7
2634,0.5542061570382011,0.6762577436478181,43.1,63.9
2635,0.5191911431488714,0.651707617735039,42.1,63.5
2636,0.5281050236970694,0.6205504583713024,42.3,63.449999999999996
2637,0.5127478143158712,0.6300880503524697,42.85,62.949999999999996
2638,0.5536424697572294,0.6290236309886268,43.25,64.0
2639,0.5282258133150524,0.686971025320247,42.6,63.24999999999999
2640,0.5517283110423377,0.6930830178119455,42.75,62.64999999999999
2641,0.541353374207253,0.6677811979085908,41.6,63.9
2642,0.5461630217037707,0.6353401400706974,42.65,63.7
2643,0.5277827355959841,0.6376945954159163,41.85,63.7
2644,0.5680208792829774,0.6576204508395159,42.9,63.65
2645,0.48762863956625924,0.6782018292655289,41.949999999999996,62.849999999999994
2646,0.5417582247214464,0.6609198228170362,41.5,62.6
2647,0.5325292925101114,0.6869141630857941,42.75,63.24999999999999
2648,0.5271262075184002,0.6765014655199357,41.55,63.7
2649,0.5848771157630123,0.6527957339909574,43.2,62.25000000000001
2650,0.5170974848530835,0.6151230729980821,42.1,62.6
2651,0.5338992446136102,0.6485395914233939,42.65,63.2
2652,0.5651450874385787,0.663681048188178,42.5,64.05
2653,0.5476639253817416,0.6638321398663672,42.699999999999996,62.7
2654,0.5312231029980635,0.6688884430766182,42.75,64.25
2655,0.5631324897082598,0.6789330994479356,42.25,63.2
2656,0.5686484683962003,0.6754750612152536,43.6,64.14999999999999
2657,0.5348635427108148,0.6650618005365291,42.199999999999996,63.7
2658,0.486875458846511,0.6602423166889375,42.15,64.35
2659,0.5520223539274496,0.6350799472279889,42.0,63.24999999999999
2660,0.5260058416840254,0.6133142696778741,42.85,64.2
2661,0.5814750457901423,0.6683558544034308,42.699999999999996,63.9
2662,0.5925893634708178,0.6301641827961828,42.5,63.800000000000004
2663,0.5173713334975969,0.702749402213906,42.3,64.64999999999999
2664,0.5610224314747786,0.6676226752714502,42.25,63.949999999999996
2665,0.5260386907141232,0.6741121669337338,41.65,63.6
2666,0.6048176669439531,0.6750195124998467,42.449999999999996,64.05
2667,0.5377991128396432,0.6410790761762817,42.0,63.05
2668,0.5097519093189637,0.6075655724256472,41.55,61.650000000000006
2669,0.5310276676089484,0.6404650155867829,41.65,63.349999999999994
2670,0.5849272672951861,0.6565937079699887,41.8,63.05
2671,0.531226715591803,0.6594613424954056,42.199999999999996,65.14999999999999
2672,0.5591273079638411,0.6301049839409518,43.4,64.64999999999999
2673,0.560002945135592,0.6522780634708862,41.6,63.800000000000004
2674,0.5549517589800409,0.6702246386114591,43.3,64.2
2675,0.4964990563065329,0.6837415397969889,41.3,63.849999999999994
2676,0.5579720540731007,0.6914944492637164,41.75,63.4
2677,0.5010756577511014,0.6496340453608643,42.35,64.3
2678,0.5622738744725629,0.6291710459391544,42.1,62.5
2679,0.5473294758463992,0.6676960938799806,42.1,64.75
2680,0.5567153567237676,0.6528896897689981,40.9,64.45
2681,0.5640753609008322,0.6279446191948675,42.15,63.9
2682,0.562763164926486,0.6537859729266046,41.6,64.25
2683,0.5288751793965565,0.6589453333673819,42.15,64.60000000000001
2684,0.5186647019425995,0.6529852683014881,41.349999999999994,64.0
2685,0.5947789508638884,0.668650295522137,43.0,63.65
2686,0.5515709749078241,0.6565564358907299,42.15,64.3
2687,0.5445497367744656,0.6969350178126785,41.75,63.65
2688,0.4991947016258253,0.6424804826513256,42.1,63.05
2689,0.5493155184835812,0.6935883741408632,42.1,64.1
2690,0.5218271046302762,0.675268914348885,42.75,63.1
2691,0.5559640477887852,0.6781181798640521,42.5,63.849999999999994
2692,0.5630689786516083,0.64005767658253,41.949999999999996,62.6
2693,0.5390963644361866,0.647765332061666,41.6,63.05
2694,0.5365714973455201,0.7060700362571589,41.85,65.14999999999999
2695,0.5641387290055196,0.6436264359413938,41.75,63.65
2696,0.568726596932152,0.6853260611644166,41.4,63.6
2697,0.5051040238073726,0.6414152720552552,42.65,63.2
2698,0.6004453707911946,0.6640009105152906,42.199999999999996,63.74999999999999
2699,0.5538315031940904,0.6581386022826136,42.5,65.25
2700,0.5245742471481454,0.6951296758566153,41.9,63.9
2701,0.5393934737872315,0.6412313357570827,42.25,63.349999999999994
2702,0.537208712341332,0.6552813554886078,42.65,64.05
2703,0.580927054224108,0.6710263085975041,42.65,64.8
2704,0.5538540956401721,0.6998357160917601,42.35,65.05
2705,0.5752140202718603,0.6383097609722514,42.35,63.74999999999999
2706,0.5485390825598419,0.6169313898032961,42.75,64.45
2707,0.5724712115795978,0.6688838556589103,42.55,63.7
2708,0.546077944789798,0.6476773496032174,41.949999999999996,64.1
2709,0.5487748778931145,0.6833193680758058,43.05,63.800000000000004
2710,0.5493576622070916,0.6746556751712326,42.15,63.3
2711,0.5909163304198674,0.6700777952131125,41.449999999999996,64.75
2712,0.563612392451828,0.6779941729310248,43.35,65.25
2713,0.569531519200963,0.6213474356922418,42.25,63.5
2714,0.5141977146256334,0.6349756810217193,41.85,62.45
2715,0.555831716481905,0.6955589792847,42.25,64.2
2716,0.5908209547391853,0.6385039154611623,42.699999999999996,62.45
2717,0.5432066320444044,0.6698861785974023,42.55,64.45
2718,0.5197803359898571,0.6357410719315062,41.15,63.4
2719,0.492615544067707,0.6909839414387622,43.15,63.949999999999996
2720,0.5480963777009433,0.6811268368232267,41.449999999999996,62.6
2721,0.5346474138409606,0.6739847396447224,41.25,62.8
2722,0.5377389580243652,0.696069946077509,42.5,62.6
2723,0.5733124662523813,0.6935261179688248,41.75,63.14999999999999
2724,0.5826475322641488,0.6078237062160938,42.8,62.35000000000001
2725,0.5487704134274293,0.6185512086113132,42.15,62.74999999999999
2726,0.5267855133194792,0.6442708774202773,42.0,62.74999999999999
2727,0.5595655390033982,0.6623919548209971,42.3,63.0
2728,0.5368211868816177,0.6642834222002514,41.75,63.0
2729,0.5049723956694425,0.6787901949522369,41.699999999999996,63.55
2730,0.5566286450810555,0.6575892685010717,42.55,62.9
2731,0.5533752384591101,0.6921606214882219,42.6,63.949999999999996
2732,0.5741494555089447,0.6703404298634843,43.25,63.849999999999994
2733,0.5508849205734978,0.6596348697365343,42.1,63.4
2734,0.5226530450071061,0.6823691436686533,41.949999999999996,63.349999999999994
2735,0.5637326835993479,0.7093305203144226,42.8,63.05
2736,0.5615597169391183,0.6353027686655921,42.55,62.9
2737,0.5726194136595961,0.6337531872366922,42.3,63.5
2738,0.5818968490987777,0.6574300960208448,42.25,64.2
2739,0.5442800784398792,0.6698328501750728,42.35,64.14999999999999
2740,0.5871332266184954,0.6687131730481137,42.05,63.5
2741,0.550251260920505,0.6798199027469946,41.55,63.3
2742,0.5563479416456169,0.6522339581933845,41.699999999999996,64.05
2743,0.5215539896858269,0.6595745775473315,41.6,63.74999999999999
2744,0.5210063490148465,0.6832299401709914,42.15,63.24999999999999
2745,0.5912386861662698,0.636594048567058,41.3,62.74999999999999
2746,0.5246712536247488,0.6520009501222946,42.199999999999996,63.7
2747,0.5393574692873053,0.6591322762203071,41.85,64.05
2748,0.5314775523506584,0.6393485723183359,42.0,64.05
2749,0.5006816290621701,0.6358801615886478,41.449999999999996,63.349999999999994
2750,0.5404575155284944,0.642773999417077,42.05,64.1
2751,0.5600584137993299,0.6610388908251393,42.55,62.9
2752,0.49682623384621427,0.6822482314572442,41.349999999999994,62.55
2753,0.5890748861728008,0.7020930401818403,42.25,63.55
2754,0.53217819768282,0.6608826104621791,42.3,63.800000000000004
2755,0.5471707149533002,0.6981243462834993,41.5,64.4
2756,0.5762202935360597,0.6400671932183731,41.4,63.74999999999999
2757,0.5648452525187717,0.6901472074252606,41.65,63.849999999999994
2758,0.5551585387482876,0.6958147839412515,42.1,63.4
2759,0.5387077360808024,0.7087934298595303,41.55,64.75
2760,0.5874836111773634,0.6482855838099159,42.0,63.4
2761,0.574107924815582,0.6647082713141813,42.449999999999996,64.95
2762,0.5723085081020933,0.6680718275831339,41.099999999999994,62.6
2763,0.5244957187550435,0.6502734286139978,42.05,62.6
2764,0.509639279035044,0.6522442708775866,41.25,62.849999999999994
2765,0.57852124625347,0.6907758265646164,42.0,62.64999999999999
2766,0.4834832457888069,0.6575514906518051,41.199999999999996,63.7
2767,0.545702102195727,0.6816506563837295,40.8,63.9
2768,0.570351510671331,0.6696149319334566,41.949999999999996,64.0
2769,0.5338872923623011,0.6406896835347413,41.55,64.3
2770,0.541971850361434,0.6728500730748112,42.0,63.4
2771,0.5661934896822113,0.6743603612234411,41.349999999999994,64.14999999999999
2772,0.5665722633219645,0.6585654406192882,42.449999999999996,63.55
2773,0.5617691693178954,0.6734259627110007,41.349999999999994,63.2
2774,0.5923733930630259,0.667388670743349,41.6,63.800000000000004
2775,0.5381993201778802,0.6848881546461681,41.9,64.25
2776,0.5725687875899027,0.6757785016138246,41.949999999999996,64.14999999999999
2777,0.5619299484590975,0.6544333067339011,41.8,64.7
2778,0.5717558602083773,0.6915088100503558,42.5,64.55
2779,0.5484991241124413,0.7009085975835488,42.25,63.9
2780,0.5453605301764289,0.6945818751389654,42.699999999999996,63.5
2781,0.5578539846478752,0.6284377568065196,42.4,63.800000000000004
2782,0.5606183359803607,0.7191758755628521,42.25,63.6
2783,0.5628585472829664,0.6600407768952052,42.6,64.45
2784,0.5577697616356735,0.6706331843823439,42.199999999999996,63.74999999999999
2785,0.539549279924763,0.6920400580484946,42.25,63.6
2786,0.5618467073671009,0.7094780413257099,42.55,64.2
2787,0.5751226845943722,0.683540201674591,42.95,65.0
2788,0.5700713410978894,0.6888939065257162,42.85,66.0
2789,0.5666752601707695,0.6515709703414632,43.35,63.849999999999994
2790,0.5569554374774455,0.7043029530418561,42.8,65.4
2791,0.5726372562954436,0.6553263171399031,44.25,64.9
2792,0.5657827682756852,0.6935999582333969,43.0,65.0
2793,0.5823459596019364,0.6738587196258163,43.65,65.25
2794,0.5687795125086983,0.6684071240666992,42.5,64.85
2795,0.5118947294870623,0.5970540644805197,42.9,64.3
2796,0.5764056690679192,0.6560439859045301,44.05,64.14999999999999
2797,0.5606577999656249,0.6221715856209951,42.25,64.35
2798,0.5366417073857689,0.7366437422936912,42.55,64.4
2799,0.5389112880217789,0.6320934429741227,43.3,64.55
2800,0.512891384768468,0.6282449740260068,42.25,64.45
2801,0.5384444346110122,0.6473531971825689,43.4,63.9
2802,0.5160334514557029,0.6561881692203587,42.75,64.8
2803,0.5310389514640245,0.7100527932441332,42.65,64.4
2804,0.5581595767535968,0.6603068382937215,43.6,63.55
2805,0.5598959837267411,0.6506337511755089,44.3,63.14999999999999
2806,0.5563406426651691,0.681001447369018,43.75,64.55
2807,0.5659080192666853,0.6796691474894854,43.85,63.65
2808,0.5458297768137379,0.6786264066883216,42.8,64.4
2809,0.5127933501402112,0.6723743970675518,43.0,63.949999999999996
2810,0.557681563266711,0.6824192302556091,43.75,64.0
2811,0.5584651938638431,0.6877346242142938,43.35,64.45
2812,0.5558626326579927,0.674132054548114,43.0,64.25
2813,0.5851864928111091,0.6680501203599574,43.9,64.8
2814,0.5374435868078768,0.6666708526779374,43.8,64.55
2815,0.5403495429722468,0.6844394021338852,43.55,64.25
2816,0.5353178612734703,0.6911808194822121,43.65,64.2
2817,0.5446238282060598,0.6742418049380029,43.25,63.2
2818,0.5389301726801298,0.6998331661302625,42.65,64.4
2819,0.5477838181775817,0.6626593851763459,42.65,63.949999999999996
2820,0.5127003285828071,0.7175800046258755,42.75,63.55
2821,0.5223621133696007,0.7018261931060527,42.6,64.45
2822,0.5477117888565911,0.6862312623390093,42.449999999999996,63.1
2823,0.5628363704586046,0.6977019036106115,42.15,64.7
2824,0.56332270197215,0.6856991079441118,43.2,62.3
2825,0.5455007048935816,0.696044698503126,42.4,62.6
2826,0.5629577013663525,0.6569811004191449,42.0,63.55
2827,0.5645677919231521,0.6704612036930216,42.3,62.45
2828,0.5884591486998606,0.6407454227094886,42.199999999999996,61.75000000000001
2829,0.5308702768830892,0.6841652728070435,43.15,62.7
2830,0.5682361685242409,0.6708259709253259,42.199999999999996,62.8
2831,0.5812842658243017,0.6815582983958121,43.15,62.8
2832,0.5975414033250414,0.6860745054802767,42.5,63.5
2833,0.5372176278443703,0.7104941627509956,42.9,64.35
2834,0.5449699651815788,0.6699184128541671,42.6,63.4
2835,0.5926927060862305,0.6936040958225214,42.25,63.24999999999999
2836,0.6147995275785257,0.6427034158859558,42.9,63.4
2837,0.5799550078674062,0.6699307786610638,43.0,63.449999999999996
2838,0.5430395941701752,0.7000671778597123,42.75,63.4
2839,0.5656731672946258,0.7087360234051885,42.699999999999996,62.55
2840,0.6050429640501709,0.6896438260925895,43.1,63.24999999999999
2841,0.559804639026407,0.691861954362518,41.65,63.349999999999994
2842,0.5374077719446521,0.70433305602458,43.05,63.9
2843,0.5610808465513664,0.6876252545681794,43.0,64.55
2844,0.5400342172862183,0.6668133247607806,42.9,63.4
2845,0.559466698209775,0.7118558701887228,43.95,64.14999999999999
2846,0.5811568377136082,0.6989597903521321,43.3,62.7
2847,0.5450891311909802,0.6800166330197248,41.9,63.449999999999996
2848,0.573039198468287,0.683253629633863,43.95,62.55
2849,0.593333516695446,0.7069864490273753,43.2,63.0
2850,0.5222430761169664,0.6942029077965013,43.55,62.3
2851,0.5859380851141309,0.6864326269078164,42.35,62.6
2852,0.5814506327577118,0.6476278857488277,43.1,62.7
2853,0.56357360186327,0.6915413261191474,43.05,62.35000000000001
2854,0.5563481382845529,0.6765392165547213,42.699999999999996,62.0
2855,0.5793233300197612,0.6345186488492557,43.1,61.550000000000004
2856,0.5537075976901042,0.6393982451067539,42.35,62.1
2857,0.5962283208867868,0.6802845227670904,42.6,63.65
2858,0.5477068475566056,0.6853787758352269,42.65,62.9
2859,0.5485398582921855,0.6576074569744749,42.6,62.6
2860,0.5708172992436419,0.6640820984788454,42.5,63.0
2861,0.5737439721581343,0.7549715833490045,42.0,62.6
2862,0.5754307490636374,0.6679665979152212,42.95,62.7
2863,0.5826458007717098,0.6405464218329491,43.6,62.150000000000006
2864,0.5479092642406213,0.6738952455689016,43.05,64.0
2865,0.5733422570205935,0.6348057946360043,43.25,62.3
2866,0.5827707357200936,0.7156186843512843,42.6,63.449999999999996
2867,0.6265656064613467,0.7523346767723066,42.3,64.35
2868,0.5677465405689206,0.7072945382950568,42.65,63.449999999999996
2869,0.5439080588822892,0.7089177372337194,43.05,63.849999999999994
2870,0.5556983020908602,0.6927964042900385,43.6,62.4
2871,0.5240824378043363,0.656918991574324,43.0,63.349999999999994
2872,0.6130989261900303,0.6775561115433464,44.15,63.1
2873,0.5473715952176322,0.7120642395808193,42.55,63.74999999999999
2874,0.5765653260457239,0.6814204506560039,41.699999999999996,63.74999999999999
2875,0.5436344031586049,0.6832685135088628,42.35,64.0
2876,0.527523206246595,0.6879103931242668,42.6,64.55
2877,0.5732713149649276,0.6589203999747839,42.5,63.949999999999996
2878,0.5782869989770436,0.6924485974225797,43.85,62.3
2879,0.5202439795451995,0.6789854881642046,42.699999999999996,64.1
2880,0.5680388894608634,0.6457018507826613,43.1,64.3
2881,0.5996670302564141,0.677622675171275,43.05,63.5
2882,0.5533564612958515,0.6957438074226768,42.75,64.1
2883,0.5998346334909229,0.6693558628136376,43.2,62.849999999999994
2884,0.5352743254402121,0.6746824180910059,42.55,62.25000000000001
2885,0.5992127423989816,0.6425867278013773,43.0,63.24999999999999
2886,0.6267343405097047,0.7025394840020877,42.85,63.5
2887,0.5870545268497048,0.6323139401372468,42.3,63.14999999999999
2888,0.5725002631902798,0.6702021432457861,43.05,63.55
2889,0.5846019216444059,0.6962459995145425,42.9,63.849999999999994
2890,0.5840671488110902,0.6495199541249985,44.4,62.4
2891,0.5849977949091082,0.6944478989356755,43.5,64.1
2892,0.5428210687801562,0.7159934062183158,43.7,62.64999999999999
2893,0.5832929631034388,0.6425160961432455,43.25,63.1
2894,0.5671885630742928,0.6874581041657498,43.55,62.64999999999999
2895,0.5750402133066196,0.6650105824074514,42.8,62.949999999999996
2896,0.5621574084391571,0.7006376653319389,42.8,63.24999999999999
2897,0.5982659272338563,0.6803939447488049,43.05,63.6
2898,0.5363315120838438,0.6345498469649258,42.95,62.050000000000004
2899,0.5613261951445482,0.7277938657117611,42.449999999999996,63.6
2900,0.5851520528082501,0.6644043048345399,42.9,63.3
2901,0.5491214463894474,0.6953977878343178,42.5,63.1
2902,0.5682183647825726,0.7068522129270368,41.8,63.3
2903,0.556031197213719,0.6986467129016959,42.449999999999996,62.6
2904,0.5692884803807672,0.6841605040043967,42.5,62.4
2905,0.5577533244419377,0.6624669407195108,43.1,63.4
2906,0.576182820960503,0.7218146584529269,42.65,64.14999999999999
2907,0.5616421967209041,0.7026425774705735,42.199999999999996,63.5
2908,0.5578005404293713,0.6862092607237408,42.8,63.74999999999999
2909,0.5280601824680556,0.6732804707279478,42.199999999999996,63.1
2910,0.5544130954658072,0.6532704589732543,43.15,62.7
2911,0.5453430644203808,0.696759121401932,42.55,63.4
2912,0.5461353657015937,0.6930390504114368,43.5,62.949999999999996
2913,0.5275966670262681,0.7174229199234369,42.699999999999996,62.64999999999999
2914,0.5466942187449054,0.6802912012541872,42.8,62.55
2915,0.5790543511640209,0.6943103602624945,42.25,63.5
2916,0.588558864988877,0.6613482689634882,43.6,61.75000000000001
2917,0.5842458577211654,0.6627141848404401,43.7,62.45
2918,0.5574969041395165,0.6506728770750996,43.2,62.150000000000006
2919,0.5383605304502262,0.7055915383976438,43.0,63.05
2920,0.5556092521588866,0.7297291264433836,43.2,62.35000000000001
2921,0.5254636741519442,0.6917804405300085,42.699999999999996,62.55
2922,0.6062175095938738,0.7187125851799308,43.2,61.650000000000006
2923,0.5627602252211398,0.6358958996810715,42.75,61.3
2924,0.5636959090041846,0.7258225627639476,43.15,62.74999999999999
2925,0.5972500654580163,0.7129953530954983,43.35,62.9
2926,0.5551359962089887,0.7188161487470032,42.55,62.64999999999999
2927,0.5920143052499205,0.6978554151109648,42.4,62.35000000000001
2928,0.5554229077690538,0.6655887715017055,42.699999999999996,62.9
2929,0.6000734558594152,0.7344999096435474,43.05,62.55
2930,0.576706979341657,0.6927158037716886,42.8,62.7
2931,0.5883720986036272,0.6824302759720553,42.4,62.25000000000001
2932,0.547011891135564,0.6634742192402837,42.3,63.349999999999994
2933,0.5751411862655975,0.6603683999267949,42.699999999999996,62.7
2934,0.5877277784821863,0.6644247583720735,42.5,62.35000000000001
2935,0.5901420122603407,0.6952808266771089,43.0,63.7
2936,0.6054687821707594,0.68878870858174,44.15,62.050000000000004
2937,0.5594581693599101,0.6834036058789992,43.25,61.75000000000001
2938,0.5941962441573735,0.6855751038648198,43.6,61.550000000000004
2939,0.5407013880938025,0.671072237007068,42.85,62.2
2940,0.5439820954192438,0.7201250512477883,42.1,63.349999999999994
2941,0.5870875924931926,0.7375688278014552,42.75,61.85000000000001
2942,0.5678597120563509,0.7151540424241419,42.3,63.800000000000004
2943,0.5770334869804328,0.6789547126260266,42.95,63.349999999999994
2944,0.5544396008885579,0.6865661081682825,42.85,62.0
2945,0.5774698225596127,0.6822308195030111,42.6,63.6
2946,0.5744344763229506,0.6860164917540369,43.1,63.14999999999999
2947,0.6048659525873973,0.7027774161997925,43.15,63.65
2948,0.5681887356728309,0.665110136992391,42.55,63.9
2949,0.5631032026473582,0.6889640967435933,42.3,62.6
2950,0.5609164588133475,0.6573895586256687,42.699999999999996,64.2
2951,0.5599040992099595,0.6766613959772207,43.0,63.65
2952,0.5738959156864617,0.6802242958652084,42.449999999999996,63.849999999999994
2953,0.5878028471224505,0.6841714602736393,43.7,65.0
2954,0.5901377746837502,0.6665384356084381,43.2,63.4
2955,0.6056585037114781,0.689624991308312,42.6,64.05
2956,0.5902457502034772,0.6749199045148273,42.35,64.45
2957,0.5804652299853245,0.7121121736979269,42.65,63.5
2958,0.5886662505816667,0.7011485800636187,43.9,63.6
2959,0.5645754514354164,0.6950761123822017,42.199999999999996,65.2
2960,0.5646356204897497,0.724699692784036,42.449999999999996,63.74999999999999
2961,0.5620804205637583,0.6672571950645754,42.55,64.35
2962,0.5769965205278174,0.7262837090065606,41.9,64.1
2963,0.5928693343845259,0.6625600698906323,43.15,63.449999999999996
2964,0.5555174453764827,0.7135657697723556,42.699999999999996,63.2
2965,0.5589809065588215,0.7228696271256987,43.45,64.1
2966,0.5704690207620778,0.6957630760341191,43.05,64.05
2967,0.5499245598532666,0.6979324538828058,43.25,63.14999999999999
2968,0.5524546674721355,0.7066926118092842,43.15,64.45
2969,0.5866352671663598,0.7062587671618,43.0,63.449999999999996
2970,0.5534665608254273,0.6798852472966066,43.2,64.0
2971,0.5530138741989873,0.6884138739419298,43.25,63.9
2972,0.6019479270986626,0.6658332857070366,43.2,63.24999999999999
2973,0.5822454801414871,0.7265555114077917,43.2,64.14999999999999
2974,0.5687669450702467,0.7114201687906598,43.15,64.60000000000001
2975,0.6091323564474452,0.7563372033845382,44.0,63.7
2976,0.6029563752085771,0.6686359285946999,44.05,62.45
2977,0.5727585093107039,0.6754254376389156,43.85,63.7
2978,0.5670914440109261,0.715755310907137,42.9,63.3
2979,0.5360353160993814,0.7214231861228936,43.15,64.1
2980,0.5733618664672185,0.6908213999798772,44.3,62.55
2981,0.5724611016914946,0.7153526310168141,44.15,64.0
2982,0.5706791365924994,0.6776838619558573,42.3,63.0
2983,0.530298406497221,0.689296760323871,42.95,63.65
2984,0.5198691925527293,0.7053833711802763,43.65,64.55
2985,0.5392881039761073,0.6496695134086722,43.55,64.0
2986,0.5837637446157448,0.6898731837274047,44.0,64.64999999999999
2987,0.5566661845679548,0.7424577118537905,44.3,63.24999999999999
2988,0.5765118452825098,0.698362305573311,43.4,63.55
2989,0.5350714505353104,0.7008231339339674,42.85,63.5
2990,0.5408152409702188,0.7315293375077585,44.15,63.6
2991,0.5641889831113928,0.6944476382041466,43.55,64.60000000000001
2992,0.568361659111823,0.6492901640506978,44.05,64.2
2993,0.5947541674530716,0.732418515775101,44.7,64.05
2994,0.619016613787553,0.7408602025884544,42.95,64.25
2995,0.6060570570720647,0.6964392920307648,44.15,64.7
2996,0.5577442667105492,0.7094785882887326,43.5,65.85
2997,0.5942920791461004,0.7100126719640645,44.55,64.9
2998,0.5743703603534406,0.7158455307260296,43.6,65.35
2999,0.5854084631708809,0.7213364735101914,44.5,65.05
3000,0.6081134719252332,0.7015572258555747,44.05,64.2
3001,0.5354427612778359,0.7088141650206496,43.9,64.55
3002,0.5763895573124067,0.7486730038999091,44.2,64.95
3003,0.5953837325684034,0.7109113597020369,43.7,63.74999999999999
3004,0.585836726064658,0.7057516386678347,44.15,64.1
3005,0.6438558598496353,0.7001915206304234,43.8,63.949999999999996
3006,0.5932549085798148,0.7119600553736143,44.45,65.4
3007,0.5150701035787927,0.6926495206882214,43.85,64.9
3008,0.6358690742146105,0.7355426159143544,43.75,65.45
3009,0.5961976758684043,0.732322335679103,43.6,63.849999999999994
3010,0.5727291093140932,0.6584776770063996,42.9,64.5
3011,0.5756469688687719,0.7275452015343141,43.75,64.75
3012,0.5846411653623177,0.7357845060122296,43.25,65.25
3013,0.5427408257241009,0.6946552844588094,44.05,64.7
3014,0.5950878388370578,0.7525522810947887,43.2,64.95
3015,0.563785253233402,0.6826480704414175,42.4,64.2
3016,0.581015969690821,0.6902403937826619,44.25,65.05
3017,0.6007670343061655,0.7122188853784226,44.35,64.2
3018,0.5731893700817464,0.7293360824883746,43.55,64.3
3019,0.5427553641027113,0.7220509862679659,42.8,64.9
3020,0.5702799706661208,0.7054783833969139,43.0,64.95
3021,0.5744882152961284,0.7115627082770347,43.95,64.5
3022,0.5723508070273976,0.7006683285999548,43.6,64.7
3023,0.6131200843484564,0.7142318447622097,44.35,66.0
3024,0.5798011342430738,0.725235861985831,44.800000000000004,65.3
3025,0.5943683346332661,0.7427926265276364,44.6,64.85
3026,0.5739703636209598,0.6824947013868387,43.9,64.8
3027,0.592736009649138,0.7218987429972665,43.45,64.9
3028,0.6007383607464053,0.7233343980869494,44.2,64.25
3029,0.6055868031701711,0.7388880775380989,44.3,64.5
3030,0.5896299450804147,0.7221529941200422,43.75,64.9
3031,0.5686977011166052,0.6935884004070977,43.6,64.05
3032,0.5937661070306905,0.7267051895688877,43.25,64.25
3033,0.5741367594450563,0.7201961511787832,43.75,65.0
3034,0.5917475273496133,0.7158475928057828,44.1,64.95
3035,0.5982238404727043,0.7090944978410609,43.85,66.4
3036,0.5481548424428481,0.7249480924184517,42.699999999999996,64.3
3037,0.605011337436874,0.7032511193515482,43.35,64.64999999999999
3038,0.5808564887964671,0.7081904841270485,43.6,65.45
3039,0.5884534117674441,0.6794015867568882,42.75,65.5
3040,0.5912786955123641,0.6846171578458975,43.0,64.3
3041,0.614556151168121,0.6877232354191649,43.65,64.3
3042,0.5960276323299243,0.7089818601088163,43.45,65.8
3043,0.5974867397393023,0.7169708428828026,44.35,66.0
3044,0.5766067896523078,0.6801345623375014,43.0,64.95
3045,0.5880843349244441,0.7370052059434663,43.8,65.25
3046,0.5782437030157225,0.7261558064539261,44.45,65.0
3047,0.5616233092017084,0.7489428966805488,43.45,65.95
3048,0.6206907981003529,0.7335332204763131,44.2,64.75
3049,0.5709929803951708,0.7261393804793602,42.1,65.0
3050,0.5859505229289839,0.6913675859220206,44.45,64.8
3051,0.6251144557969281,0.7299768194841758,43.15,66.4
3052,0.6062397958133495,0.6699383800479048,43.5,65.9
3053,0.5688952190253816,0.7209450383224565,43.7,64.9
3054,0.5675002811707119,0.7483884708815786,44.05,66.2
3055,0.5557928358535614,0.7231394050674851,42.85,65.45
3056,0.5712851176100644,0.7094105760278886,43.85,65.7
3057,0.5874005902681304,0.6710070427882356,43.6,64.1
3058,0.5969545054948079,0.7403206185530162,43.25,64.85
3059,0.5566584474963813,0.757936522786888,42.5,65.5
3060,0.6161240600569226,0.7161345626663937,44.45,65.25
3061,0.615143129273434,0.6885957257159826,43.7,65.2
3062,0.5578775132797933,0.6695009415752732,42.65,65.5
3063,0.5972467537315338,0.7169842864741086,42.75,65.14999999999999
3064,0.5835339696025528,0.7211948685275485,43.6,66.0
3065,0.6224388691031406,0.7408464390522072,43.4,65.05
3066,0.5968095736742769,0.7357338926277867,43.4,66.60000000000001
3067,0.6135781440823662,0.7086553868075458,42.75,64.60000000000001
3068,0.595271465245558,0.7360614303167111,43.95,65.35
3069,0.5710037908368302,0.74517711814144,44.55,65.64999999999999
3070,0.5726782737221802,0.6969709111050969,43.9,66.25
3071,0.5967189228711139,0.7305459346273392,43.6,66.10000000000001
3072,0.5551089720162261,0.7428788790287207,42.699999999999996,65.64999999999999
3073,0.5717226104968539,0.7092444917055122,43.2,65.45
3074,0.6165757105977504,0.7737245941501348,43.35,64.4
3075,0.5678224216865413,0.7084952227355598,43.6,64.85
3076,0.558621933274193,0.6946525452924766,43.7,64.95
3077,0.5855978131411491,0.697180742331984,43.7,65.60000000000001
3078,0.606385675028722,0.707395846811007,43.85,65.5
3079,0.6009354678453246,0.6980132316264921,43.15,65.8
3080,0.6098023222672541,0.7077253541039963,43.9,65.14999999999999
3081,0.586239490143156,0.7279645586570279,43.2,65.4
3082,0.6400708792429227,0.72543492970651,43.05,64.9
3083,0.5799177423720109,0.735348262983205,43.8,63.9
3084,0.6231847861107699,0.7052249050886078,42.55,65.25
3085,0.6080986124444644,0.685570188260932,43.65,64.55
3086,0.5875164731985116,0.7129482914522013,43.7,64.55
3087,0.6234045168930474,0.7373041249081596,42.9,64.25
3088,0.5832182416509967,0.6926319403177632,42.85,63.55
3089,0.6083623714085995,0.7206850084400398,43.65,64.25
3090,0.5767657541983603,0.7318494901537427,43.25,65.8
3091,0.5827877089587362,0.7220032632397915,43.0,66.5
3092,0.6117785877555189,0.6986122060789729,43.4,65.4
3093,0.6214331901186131,0.6908164938583355,42.65,64.95
3094,0.6059182046462254,0.7414867975497582,44.15,64.60000000000001
3095,0.6266562937507552,0.7590787445247316,44.0,66.14999999999999
3096,0.5643471333732418,0.7149642097521539,44.1,64.9
3097,0.622843087016051,0.739952914688182,44.65,65.0
3098,0.6068670016995205,0.6721996859130346,44.5,64.7
3099,0.6088869766748434,0.6976052391027506,43.0,64.1
3100,0.5617887065528219,0.6962422941037251,43.75,65.35
3101,0.573762085429717,0.7212347222393327,43.3,64.85
3102,0.6030648249907123,0.698056241237754,43.95,64.85
3103,0.5861718905440293,0.7050548547267078,43.55,65.10000000000001
3104,0.6041728197934406,0.7492298561592476,44.1,66.05
3105,0.6264516082457526,0.701811556882049,44.95,64.64999999999999
3106,0.6050196963944916,0.7279916863148037,44.9,65.45
3107,0.5563407167632902,0.7652256338057422,44.85,66.25
3108,0.567287907864721,0.6889747706999533,43.8,65.45
3109,0.5779658803910603,0.7152121978619885,44.65,65.55
3110,0.6464818750376126,0.6823240942911111,44.05,65.4
3111,0.5866090622172537,0.6918774363847768,44.2,65.3
3112,0.6137168785925925,0.6773385608281729,43.55,65.45
3113,0.613667927394653,0.7461427249747429,44.7,65.7
3114,0.579480511889019,0.7308421692289672,42.95,66.35
3115,0.5857588946825804,0.7503988428290392,43.1,64.7
3116,0.5641005717633625,0.7296744545003669,42.85,65.64999999999999
3117,0.6174014798731845,0.7369904333188793,43.95,65.95
3118,0.5677846155036592,0.7888728400462294,43.65,65.14999999999999
3119,0.5759249183361148,0.7350834830817555,44.2,66.2
3120,0.5811031168048102,0.702335613488458,44.4,64.75
3121,0.6168815852915637,0.6788237360401728,43.45,65.0
3122,0.580491095309703,0.7189138235006469,43.7,63.4
3123,0.5906957590089831,0.697395015399288,43.05,64.05
3124,0.6584150960409358,0.7143476938225299,45.25,64.35
3125,0.6205420441479721,0.7015013381100932,44.1,64.60000000000001
3126,0.5908413595690403,0.708827647431693,44.45,65.35
3127,0.566173871780584,0.705291253637263,43.7,65.0
3128,0.5907191935207654,0.7448793512214896,44.0,64.25
3129,0.5741831559175605,0.6744052762351566,43.95,64.5
3130,0.6062823202550637,0.719367615077632,44.7,65.0
3131,0.6225760555766453,0.7443433632539497,44.85,64.85
3132,0.5984939983316931,0.7440946834001134,44.05,63.949999999999996
3133,0.6068877592478553,0.7273738110654673,44.0,65.2
3134,0.5652371775473894,0.7112080799594038,44.1,64.64999999999999
3135,0.6321617392876767,0.7030348454656508,44.55,65.14999999999999
3136,0.5894917444229594,0.7643097070906049,44.800000000000004,64.8
3137,0.5997389636328678,0.7079595309104028,43.35,65.0
3138,0.5891054826181814,0.7224703540171964,43.75,63.74999999999999
3139,0.6057588867847901,0.7234405341394128,43.65,64.9
3140,0.6088363064780107,0.7602277760062585,44.2,65.25
3141,0.5844752840097925,0.7037019171694856,45.2,64.1
3142,0.6327435103125701,0.7277594088196547,45.300000000000004,64.25
3143,0.5879026905105093,0.7421387184198615,43.35,65.3
3144,0.6025610880860963,0.6766217146978242,44.2,64.0
3145,0.6645050023810678,0.729744425677674,43.7,64.1
3146,0.5910169256171695,0.7198485031049834,44.4,64.95
3147,0.6052295743231716,0.7010963467674938,44.4,64.64999999999999
3148,0.5716061244731124,0.7370313743289831,44.3,64.5
3149,0.5943681186692081,0.730863664373883,44.15,64.25
3150,0.5934869219406211,0.7614194584474786,44.75,64.3
3151,0.6200795608764658,0.7138984927847134,44.75,64.25
3152,0.62781623152113,0.7451860870624835,44.95,64.3
3153,0.5978552261488825,0.713676400339153,43.7,65.25
3154,0.6342495626732276,0.7306969252980059,44.55,63.24999999999999
3155,0.5844692658744036,0.7468956174480554,44.55,63.1
3156,0.5919775116959805,0.7473918439245748,44.05,64.14999999999999
3157,0.6173870050045555,0.6938346541160102,44.35,63.1
3158,0.6554079762025787,0.7408402174917265,44.45,63.3
3159,0.5976521323108237,0.7128804765507915,44.1,63.6
3160,0.5900480209177047,0.7709696546773885,44.75,64.14999999999999
3161,0.5553737264973495,0.7058340115856226,44.45,64.14999999999999
3162,0.5913111272108963,0.7467168651967305,44.9,64.7
3163,0.5994169930006371,0.7352780579741329,44.65,63.849999999999994
3164,0.6102557648946104,0.7026810311038778,45.15,63.9
3165,0.5832874391507475,0.723161701348771,44.4,63.74999999999999
3166,0.6095354402528629,0.7435436224231509,44.3,64.85
3167,0.5767409801251233,0.6841119587783362,44.55,64.0
3168,0.6339356115574936,0.7295004340110619,44.75,63.65
3169,0.6057914163900814,0.6842365488048847,43.6,63.9
3170,0.6262792134134875,0.7085280931267969,44.9,64.25
3171,0.6188722390373179,0.68192143560073,44.15,63.849999999999994
3172,0.6103313783591334,0.7541446421952919,44.4,65.2
3173,0.5925500028474169,0.7361167357821219,44.1,65.10000000000001
3174,0.6564889822389657,0.6914560988072208,43.95,65.8
3175,0.6331438941893385,0.7551980254007693,44.35,65.05
3176,0.5864745842316056,0.7003967961607017,45.0,64.5
3177,0.5708714215771865,0.7370447265088381,44.35,65.8
3178,0.6400018802520036,0.7192777497375727,44.1,65.05
3179,0.5926522508590062,0.7157025669952322,43.3,64.45
3180,0.6073477607608526,0.7212823008411491,44.65,65.35
3181,0.5837596524308433,0.7475495521088827,43.6,66.05
3182,0.5614482466039206,0.7252970933057561,44.55,65.9
3183,0.6258976093784092,0.7552142362527643,43.7,65.10000000000001
3184,0.5711776721274896,0.7055007132465203,43.8,65.3
3185,0.5963135600972413,0.716933071824134,44.25,64.0
3186,0.5956290773561611,0.7537658146260333,44.9,65.3
3187,0.5808802629233666,0.7227099860276222,45.45,64.35
3188,0.5779528556521244,0.7236560972443881,44.800000000000004,66.4
3189,0.6234406376312724,0.727334749359422,44.4,64.64999999999999
3190,0.5652161551677911,0.7570411393687675,43.55,64.5
3191,0.585340344887522,0.7479638104215273,44.9,64.4
3192,0.6223911126088651,0.7077277158796885,43.65,65.3
3193,0.6258381577279185,0.7450160621787627,44.5,65.7
3194,0.6282576811530831,0.7722785568138667,44.85,64.55
3195,0.6110264884568738,0.724051432063352,44.3,65.75
3196,0.5608899705257347,0.7257620576789675,43.15,65.9
3197,0.6180034028563103,0.7248030745496824,43.75,65.7
3198,0.6252146973454318,0.7436640750095552,43.9,64.55
3199,0.6104209170723095,0.7248322758217796,44.6,65.85
3200,0.5979147043665023,0.7488224622980963,44.45,65.25
3201,0.5984080522962668,0.7171747828391958,44.45,65.25
3202,0.6049763540915006,0.7653124342213314,44.7,65.0
3203,0.5574469498764627,0.7495345019465298,44.95,65.64999999999999
3204,0.6078600233442383,0.6837306224228421,43.55,65.2
3205,0.590422649978553,0.7376453310944427,43.6,65.7
3206,0.6015925505343016,0.683596049022063,44.35,65.85
3207,0.5918192045623492,0.7229761174281273,44.3,65.60000000000001
3208,0.5896427912251114,0.720335806271799,44.95,65.5
3209,0.5817972408396852,0.7294108563026537,44.95,65.55
3210,0.5925520313631906,0.7587974068328865,44.7,65.0
3211,0.6054295075788584,0.7907562550600512,44.35,66.4
3212,0.5998097644982877,0.7220278762517764,44.3,64.8
3213,0.6121977739708317,0.7072299713913063,45.050000000000004,65.5
3214,0.5902920561253912,0.7139784363009902,44.6,65.3
3215,0.5948155484690749,0.7301564340662225,44.9,66.14999999999999
3216,0.6065069423215698,0.7300021386246801,44.0,65.95
3217,0.6250596427304986,0.7379063631230285,44.1,66.0
3218,0.6386523864178829,0.7166901094249172,45.25,65.95
3219,0.6098641614203285,0.7322362643173139,44.75,65.45
3220,0.6006843563938346,0.759426902695752,44.800000000000004,66.85
3221,0.6339430515693381,0.7269567636915749,43.75,67.25
3222,0.5810009954411094,0.7401249936729191,44.15,66.10000000000001
3223,0.6142098431890436,0.7213787884641745,44.55,65.35
3224,0.588515413158705,0.7227309097187149,44.0,66.4
3225,0.5855883274818542,0.7316072404704614,43.2,65.5
3226,0.6128782223987125,0.6954258594936761,43.45,65.35
3227,0.6577860238146724,0.7116782117709564,45.35,66.4
3228,0.5822951421395364,0.6881133126866276,45.050000000000004,64.7
3229,0.624578698395004,0.7293000552821052,44.25,65.8
3230,0.6174187012733139,0.75985598484323,44.05,65.9
3231,0.6070949141888473,0.739839790829865,43.95,65.4
3232,0.6017630318931165,0.7613215934831682,45.550000000000004,65.75
3233,0.6162192647332774,0.7344671785050809,44.9,65.2
3234,0.6279073476261668,0.7496123327352425,44.45,66.4
3235,0.6291502305960432,0.7638731804649418,44.1,65.85
3236,0.6217085525620446,0.7427758536373833,43.8,65.9
3237,0.6243954307020978,0.7425424046321282,44.0,64.35
3238,0.628537426850695,0.7103764781450314,44.95,65.95
3239,0.5716700622006708,0.7354371723983568,44.35,65.25
3240,0.6173629789269283,0.7308419687550286,44.2,64.64999999999999
3241,0.6210393044478519,0.7624338519074152,44.7,65.0
3242,0.6005463177026231,0.6969681477111741,44.75,64.2
3243,0.5655236899942079,0.739167775040044,43.4,63.5
3244,0.6762225469446318,0.7526193783743934,43.75,64.95
3245,0.6234500340478579,0.7357533925889596,45.2,64.60000000000001
3246,0.6000258733059588,0.7013164450247872,44.05,64.64999999999999
3247,0.5878881713090878,0.7692888752250728,43.05,65.05
3248,0.6322849414222426,0.6996850188809587,43.7,64.2
3249,0.6116052009535934,0.7114186322214375,44.9,64.35
3250,0.6016547100884502,0.725733625811926,44.15,63.7
3251,0.6000153290860938,0.7660871019226133,44.4,64.7
3252,0.5988433131585719,0.7112595834409435,43.6,64.5
3253,0.5837053393299505,0.7676212159146036,43.65,63.9
3254,0.6542741652893547,0.69768330783221,43.8,64.1
3255,0.5891186760228909,0.7612658576919572,43.0,63.9
3256,0.561595743204776,0.7250348870931411,43.85,64.3
3257,0.582967362988122,0.7480416932882019,42.8,65.05
3258,0.5927283313620778,0.7139057675091033,43.95,64.35
3259,0.6120716473741454,0.7727831736411338,44.55,64.9
3260,0.604728629202531,0.7436426718483179,44.15,64.64999999999999
3261,0.589329312733732,0.7365834893145408,43.55,65.5
3262,0.5624911892994471,0.7529659670971116,44.55,64.8
3263,0.6376505653444459,0.7674385341842594,44.3,65.0
3264,0.5770446041159337,0.77176123043707,44.05,65.5
3265,0.6397893430350741,0.7551681908073126,44.75,65.0
3266,0.6366345774552795,0.7415397133848743,44.0,64.7
3267,0.6238079320504881,0.7562014193836896,43.9,64.8
3268,0.622612446823731,0.7260373286432652,44.5,63.2
3269,0.6106119250520757,0.7094421558594579,44.35,66.0
3270,0.6469013554545854,0.7085096931129611,43.9,64.4
3271,0.6318439098323144,0.7417826476083837,44.0,64.0
3272,0.5713314724028035,0.7042567355804829,43.75,63.65
3273,0.6209786808509927,0.7147827169006873,44.35,64.0
3274,0.6467908626066848,0.7318646595834073,44.15,64.7
3275,0.5832649629918946,0.7108165742085064,43.8,64.45
3276,0.623324399573265,0.7008173456170742,44.45,63.7
3277,0.6019991597681443,0.7609964363269546,43.85,65.10000000000001
3278,0.6317191550329266,0.7223940918642072,44.1,64.2
3279,0.6196642764001191,0.6907775562785375,44.15,64.7
3280,0.6015638316574001,0.72351584210236,44.35,64.55
3281,0.5773879310874008,0.7538704065755191,43.8,64.5
3282,0.6317120317085427,0.6775838131332663,43.45,63.849999999999994
3283,0.6253287880416294,0.7324637227766273,44.05,65.75
3284,0.6221844920582885,0.7444925451601183,44.65,65.14999999999999
3285,0.6366818003280345,0.7115397849356795,44.15,64.7
3286,0.6542630299397008,0.781442717789407,45.15,64.75
3287,0.6876405460951142,0.6915518591575289,45.1,63.65
3288,0.6025745822457362,0.7219724627688325,44.25,64.35
3289,0.636183334918527,0.7264242179504428,44.55,64.2
3290,0.596641323526302,0.7587068004292802,44.45,64.35
3291,0.581678315615341,0.7356356943158905,43.5,64.14999999999999
3292,0.5893008180515199,0.7331068264971662,45.15,64.3
3293,0.6429545218124505,0.7534111688235217,44.0,65.7
3294,0.5968557062922971,0.7149738997417416,44.800000000000004,64.0
3295,0.6343271357668827,0.7697222572387371,44.15,66.05
3296,0.6278535664435692,0.7742449942467183,44.75,65.3
3297,0.6492929035012702,0.7216435372642049,44.6,64.85
3298,0.5703125294970732,0.7430390177619358,43.85,66.3
3299,0.6432561808311859,0.7215048149119994,44.75,63.7
3300,0.5684815770299151,0.7657364111833881,44.5,65.3
3301,0.6030489919827613,0.7466619910212005,44.0,65.2
3302,0.6490015312521252,0.7614172990300027,44.5,66.0
3303,0.6043285707816335,0.7378200434927578,44.5,65.5
3304,0.6093267958764406,0.79212747706502,44.85,66.5
3305,0.5971901331592139,0.7018297282875908,44.0,64.55
3306,0.6312761008889545,0.7295145569851391,43.95,64.95
3307,0.6109445027162974,0.7292111450245286,45.0,63.9
3308,0.6120972450514947,0.7538407611148964,44.0,64.64999999999999
3309,0.6425096872685357,0.748166914315872,44.9,65.3
3310,0.597476294777148,0.749327065316613,43.85,65.60000000000001
3311,0.6026279644016551,0.7249261311549119,44.0,65.05
3312,0.5952932539324548,0.7123452666330677,44.45,64.55
3313,0.6153514497788628,0.7629570689145957,43.5,65.3
3314,0.6235024189399467,0.7296769165834645,43.0,64.60000000000001
3315,0.5920070584012499,0.7792519794894495,43.7,65.0
3316,0.6177510815699307,0.7816727610961997,44.45,64.95
3317,0.6253315588673236,0.7438211642883905,43.5,66.2
3318,0.5689308851207769,0.7550909923617944,43.7,65.9
3319,0.6418969266425718,0.7657788777199849,44.0,66.2
3320,0.5930360765869002,0.7351510819799961,44.55,64.5
3321,0.6316092740563787,0.73522000016783,44.55,65.05
3322,0.6362755101973875,0.7412448590491365,43.95,65.75
3323,0.6352830287393897,0.749100931633154,44.35,65.45
3324,0.6124981279169096,0.7455226323683236,44.4,65.4
3325,0.5996370806778389,0.7804973650554115,44.45,65.55
3326,0.6042316081513616,0.7289245690316856,44.75,65.35
3327,0.674747364359355,0.7467605577429656,44.05,65.45
3328,0.6271470822438953,0.7155505914858954,44.9,66.45
3329,0.5841571487892324,0.7699384807946136,44.05,66.45
3330,0.625503258004941,0.7916950146477223,43.55,66.95
3331,0.6063972018375862,0.7088731091823943,43.2,64.85
3332,0.5946439476378232,0.7200976418416624,42.9,64.95
3333,0.6575800756513716,0.7318439637370727,43.75,67.15
3334,0.5937711423884963,0.7355184051863118,43.75,66.35
3335,0.6214226062713185,0.7745541033354746,43.1,66.35
3336,0.5857509564195931,0.73988184356941,43.8,66.2
3337,0.6304933310115303,0.6993385410749109,43.9,64.85
3338,0.5783442830132417,0.7367751001995163,43.5,66.10000000000001
3339,0.635762278265964,0.7595861656513551,43.85,67.55
3340,0.5905594201395477,0.7985872396534593,43.95,67.75
3341,0.5728637332063654,0.7561875246150888,43.95,66.75
3342,0.5918922014688485,0.7334776912255354,44.5,67.30000000000001
3343,0.5911591120412625,0.7362926484467697,44.6,66.45
3344,0.5854848098476888,0.7499736511575715,43.45,66.10000000000001
3345,0.5645267387078962,0.7190320282413645,44.4,66.85
3346,0.5930724316410135,0.7311708989838053,44.5,65.85
3347,0.5958031625041357,0.7231547776309042,43.0,66.5
3348,0.6060861122062461,0.7800215281761919,43.75,68.0
3349,0.6058542838749872,0.7143895894728151,43.2,66.85
3350,0.6008953286198752,0.7382009746626197,42.55,66.25
3351,0.6234262509488763,0.7500835735066864,43.7,66.85
3352,0.6189231059988323,0.742782633975114,44.3,66.45
3353,0.6575623672047167,0.7928738532714908,43.9,65.75
3354,0.6208897818526588,0.7489639011991935,43.6,65.5
3355,0.5952516530469325,0.729544762892375,43.95,63.74999999999999
3356,0.5878418615752353,0.7834392589644705,44.35,66.45
3357,0.6387434430286999,0.7545589134300901,44.7,65.8
3358,0.5967738817761767,0.7401316903442573,44.65,66.25
3359,0.6022100096997803,0.7763941154075057,43.25,66.10000000000001
3360,0.607281735709322,0.7822787353816388,44.800000000000004,65.7
3361,0.6136035164763173,0.7319663164440839,44.0,66.10000000000001
3362,0.5962013620776083,0.7556879543675453,44.0,65.7
3363,0.6169946487356501,0.6941468534924704,44.1,66.0
3364,0.6409067421496603,0.726593387916682,44.45,66.0
3365,0.6108931041709131,0.7516110386564623,44.85,66.8
3366,0.6158458459220352,0.7262599824548364,44.1,65.75
3367,0.6326726768950963,0.7591410917307637,43.85,65.3
3368,0.6136419875012747,0.7517682656665186,44.1,66.75
3369,0.5641898223244601,0.7684514304965169,44.2,66.0
3370,0.6743820239188485,0.7637878944133801,45.550000000000004,67.15
3371,0.6493901752252507,0.7362316862430417,44.6,65.9
3372,0.5961726530649476,0.7794621360275875,45.25,65.75
3373,0.6493479564975171,0.7156496924645521,45.050000000000004,65.75
3374,0.596562242832584,0.7492246844102812,44.25,66.10000000000001
3375,0.6022120607644217,0.7477856730471527,44.7,65.95
3376,0.5818618405612237,0.7658054667585975,44.75,65.10000000000001
3377,0.6406739169988287,0.7724633187062526,44.65,65.8
3378,0.6275057706278603,0.7473494586644921,44.5,66.8
3379,0.6116473875233711,0.7392738054380582,44.55,66.85
3380,0.6548167397860141,0.7419966772382534,45.4,66.3
3381,0.5737027079690854,0.6954372079195714,44.55,65.85
3382,0.6040637366632404,0.7458082980943433,45.35,64.4
3383,0.5919169086710491,0.7724529857320143,43.75,66.35
3384,0.6313941418631084,0.7276752180502969,44.75,65.85
3385,0.641801661020943,0.7493968895141458,45.300000000000004,66.2
3386,0.6051434669327762,0.7624455426867561,45.050000000000004,67.25
3387,0.610224223575643,0.7539509515910151,44.85,67.15
3388,0.6057198626700898,0.7463518959139332,44.95,66.14999999999999
3389,0.6532107579529185,0.7446278375064366,45.800000000000004,66.75
3390,0.6306071459025954,0.7388427083759567,44.35,66.75
3391,0.5813373130012971,0.7469656438934278,44.9,67.15
3392,0.6166252788272734,0.7551521300083731,44.3,65.55
3393,0.5988519670384191,0.8028427154622404,44.1,66.10000000000001
3394,0.5931775062818258,0.778344075185178,45.050000000000004,67.05
3395,0.6297021318774312,0.7515426495692636,43.9,67.05
3396,0.6413900064024773,0.7690021314105224,44.1,66.2
3397,0.61266906051817,0.7451744071588535,44.55,66.35
3398,0.6522659839692097,0.7537414820777029,44.9,66.7
3399,0.6246679596633646,0.7799228387595057,45.4,67.05
3400,0.610108664298996,0.7967003308306269,44.0,66.0
3401,0.6394325244645718,0.7404501220277007,45.300000000000004,65.5
3402,0.6329669198849183,0.7829781487013329,44.6,66.9
3403,0.6788312118411054,0.7785426267320936,44.75,66.8
3404,0.6500752673511642,0.7652141549196002,44.9,65.8
3405,0.5829976001764481,0.7559286655480156,43.8,66.14999999999999
3406,0.663005151780442,0.7201139709826151,45.4,66.4
3407,0.6150191329478112,0.7856368270373805,45.6,66.64999999999999
3408,0.6098217562997958,0.6975912143940348,44.4,64.7
3409,0.6042072476916369,0.7396520352990267,44.15,66.45
3410,0.6025898878535675,0.7386569745515016,44.85,66.5
3411,0.6330754107431223,0.7501777646312423,45.1,66.95
3412,0.6374257328322813,0.7667913542408369,44.3,67.65
3413,0.6096163690244835,0.7663012405156655,45.0,66.0
3414,0.6347836162078504,0.7587339375937399,43.75,66.0
3415,0.5764705652113625,0.7350922603083215,45.2,66.0
3416,0.6121578400115351,0.7643102090999064,44.65,67.0
3417,0.6319253475281176,0.7744762384074532,44.15,67.45
3418,0.6420582542764494,0.7631300743887475,44.4,66.75
3419,0.6285399311914339,0.7763065002522451,45.25,67.60000000000001
3420,0.6616356304022234,0.7841053209266304,45.15,67.55
3421,0.6310241814259772,0.7410679336521245,45.300000000000004,66.25
3422,0.6116311292087565,0.7487893981540052,44.45,67.30000000000001
3423,0.6143262646057972,0.7916751750900509,45.15,67.35
3424,0.6236361364190329,0.7761070042015042,45.550000000000004,66.9
3425,0.6285809522570963,0.7744360316517006,45.300000000000004,65.64999999999999
3426,0.6050678089858962,0.7444440011850072,45.050000000000004,66.64999999999999
3427,0.6059892506530078,0.7567380701075065,44.55,67.25
3428,0.6305266368301955,0.7587039982837389,46.150000000000006,66.85
3429,0.6249815481294908,0.754607821749302,44.95,67.15
3430,0.6307156064637939,0.7413364849469625,43.85,67.25
3431,0.634782400951255,0.7528553035850024,45.050000000000004,67.5
3432,0.6080516862173075,0.7358585887388888,44.800000000000004,66.64999999999999
3433,0.5792060835217352,0.7484837842086067,43.65,65.85
3434,0.6200468876167988,0.7454066237848014,44.55,67.35
3435,0.6166472260288858,0.7676383077281791,43.7,66.2
3436,0.6172053312452533,0.7362811906681143,44.1,65.60000000000001
3437,0.6328161608100795,0.7728958476087174,43.75,64.9
3438,0.6545990053639602,0.7508392215020429,44.85,66.10000000000001
3439,0.5814303367102052,0.7575650617807478,45.1,66.2
3440,0.5847304855914326,0.7386132336856808,43.05,65.05
3441,0.662978173034157,0.7541803332171471,44.2,65.9
3442,0.6404914908042868,0.7197923868599038,43.95,66.10000000000001
3443,0.5796885044233882,0.760177439852366,44.15,65.60000000000001
3444,0.5947212640106038,0.761713959560616,44.2,65.85
3445,0.6316303174280201,0.7644616204582596,44.75,65.64999999999999
3446,0.5960710796044788,0.7443640789892765,44.15,64.60000000000001
3447,0.616726375873667,0.7718579672388439,43.7,65.3
3448,0.6279150915298574,0.7572942698654671,44.5,66.85
3449,0.6227745980275633,0.7734300346189625,43.35,65.35
3450,0.6081898669781222,0.8121122700952146,44.25,65.7
3451,0.6147137542936696,0.7335006249913938,44.45,64.75
3452,0.6311350232376521,0.7509435918002336,44.7,64.14999999999999
3453,0.5885647826452,0.8145420782246208,43.8,65.4
3454,0.5652492783315952,0.777931778988527,44.1,65.14999999999999
3455,0.6236105231905958,0.7173115642110445,44.15,64.4
3456,0.5709077534566684,0.7811691217156244,44.05,64.75
3457,0.593789174540198,0.7607109819124341,42.95,65.60000000000001
3458,0.6190588790492625,0.7571032147820299,44.55,65.4
3459,0.6447141462741727,0.7460107209609312,43.8,65.0
3460,0.6303287804776431,0.7724146369342738,43.2,65.4
3461,0.606318780644333,0.7781905033184418,44.15,64.0
3462,0.5998471254557264,0.7789328966445421,43.55,66.2
3463,0.6326512950054067,0.7522343812658907,43.95,65.55
3464,0.6079166045369955,0.7610663071201557,44.15,65.0
3465,0.6197699212475837,0.7886198660724355,43.85,65.3
3466,0.6434551918897146,0.7595606898654766,43.55,65.45
3467,0.610191169755251,0.7421801079361221,43.6,65.95
3468,0.6043105401632273,0.8235579105340949,44.65,66.10000000000001
3469,0.6397397188581763,0.7650275205884989,42.55,64.5
3470,0.5781182051336873,0.7538868811021958,42.3,65.0
3471,0.6360927860861699,0.7476286465591264,42.85,64.25
3472,0.6386556338805072,0.8089579279762884,43.55,65.95
3473,0.6466247902107213,0.7675708175384026,43.8,65.60000000000001
3474,0.6352404386415046,0.7324018259425981,43.55,65.3
3475,0.633154853020287,0.7641704748728282,43.05,65.0
3476,0.6159924722338745,0.7995581513002649,42.9,66.25
3477,0.6210864384116155,0.7803857197524896,43.4,66.75
3478,0.6727266874372266,0.8118389119310936,42.5,65.4
3479,0.603034023635686,0.7822298797602011,43.5,65.10000000000001
3480,0.6591692447145233,0.8221528072236152,44.2,65.64999999999999
3481,0.6413774110707997,0.7742681429409111,43.65,65.95
3482,0.6190010186674738,0.7543719053914059,44.0,65.55
3483,0.6338115776892033,0.7898937581435057,43.15,65.4
3484,0.627982108388336,0.751228675815004,44.25,64.85
3485,0.6530906953358272,0.7727119754002346,43.8,65.25
3486,0.6450031876671631,0.7933186889508914,43.7,65.35
3487,0.6532680854505744,0.7352637538550069,43.75,63.849999999999994
3488,0.6507608360104409,0.7287636035524141,44.0,64.55
3489,0.6102617651197871,0.8141438806907861,42.8,64.95
3490,0.6210797862229276,0.7991157825170162,43.7,65.64999999999999
3491,0.61613894075847,0.7799168148839964,44.25,65.7
3492,0.6132350524591424,0.7871254402638026,43.2,65.7
3493,0.6129562761684363,0.7706462783714509,43.7,65.55
3494,0.6616100023393472,0.7323507004058976,44.800000000000004,63.24999999999999
3495,0.6158478804160956,0.7285852735430808,43.4,63.949999999999996
3496,0.6441652319031153,0.7637077362069292,44.45,64.1
3497,0.6119069189754046,0.75154381069267,43.35,64.2
3498,0.6231085101028125,0.7623960306962758,43.6,63.800000000000004
3499,0.6655181193363423,0.7057141479852751,43.75,63.349999999999994
3500,0.6009987982710102,0.771549386139025,44.55,66.0
3501,0.627465503814357,0.7412687559433069,43.5,64.8
3502,0.6298345353235436,0.7697372474484128,42.85,64.7
3503,0.6813527434380982,0.7896462759970477,44.75,64.8
3504,0.6034360281885806,0.7619987424244277,42.6,65.25
3505,0.6235747314188895,0.7286077546180946,42.65,65.35
3506,0.6278005237972865,0.782270767034292,43.5,64.60000000000001
3507,0.6462709652420922,0.766038705034293,43.15,65.35
3508,0.6147219173345646,0.7993358038471347,42.95,65.3
3509,0.6409938929819634,0.8082440400872076,43.55,64.75
3510,0.6281670008109452,0.7683975024230016,42.95,64.4
3511,0.6354120033347072,0.7259342871885858,43.35,64.05
3512,0.5898712300359489,0.7358074386557366,43.3,65.35
3513,0.6383049369737775,0.7224244153224693,43.1,64.9
3514,0.6330840801585041,0.7793831127406423,42.5,65.25
3515,0.628968207590322,0.792841665124157,43.2,65.60000000000001
3516,0.5968013162160328,0.7831177993055343,43.15,64.8
3517,0.6351268396337224,0.7412968010717068,42.6,64.3
3518,0.614820242873267,0.724859775732816,43.3,64.25
3519,0.6027233553791735,0.7902964690084896,42.449999999999996,65.5
3520,0.6602217996784805,0.8103457988543769,43.35,66.10000000000001
3521,0.6669942131772325,0.8131458626058814,42.95,64.5
3522,0.6033098033502997,0.723593807123867,42.85,64.64999999999999
3523,0.6390352808396004,0.7591174265051652,43.35,65.3
3524,0.5647551193219958,0.7820235563407195,42.85,64.9
3525,0.6260874524352464,0.783632816055344,44.2,66.35
3526,0.667395599285204,0.7686132541844874,43.3,65.3
3527,0.5796987732821908,0.7783817029724898,43.35,66.60000000000001
3528,0.6401800568616707,0.781535844453904,43.2,66.25
3529,0.6468466689065285,0.7761576522881624,44.05,64.2
3530,0.6632318838027789,0.794559748993964,43.5,66.0
3531,0.627861197469075,0.7832295222797072,42.9,64.60000000000001
3532,0.6371776744571092,0.7476687213291638,42.05,65.8
3533,0.6364035478061661,0.7334952917098675,43.6,65.35
3534,0.6406866889452179,0.7753204066465609,43.1,65.5
3535,0.6166450069095577,0.860730093436194,43.7,65.10000000000001
3536,0.6537409980046396,0.7604965132309746,43.85,66.0
3537,0.5842482900961758,0.7493247020764809,43.35,65.35
3538,0.6521798989189962,0.7883752249071737,43.15,63.9
3539,0.6499411397008997,0.7838635188087276,44.3,65.75
3540,0.5746756315090917,0.7587055213787098,43.2,65.3
3541,0.6205782107953028,0.7761013079275831,43.8,65.2
3542,0.6348680680056545,0.7382595141667857,42.85,64.85
3543,0.6506271867583668,0.812488468883942,43.65,65.75
3544,0.5905968585645125,0.7850936445465234,43.45,65.45
3545,0.612365810875527,0.7851644263771872,43.4,64.35
3546,0.6602312077464401,0.7931925107063348,44.35,65.0
3547,0.6541105911591769,0.8002360329444996,43.4,65.0
3548,0.6886281962390927,0.7768574115628365,44.05,64.1
3549,0.6951488091301384,0.7676525747465154,42.8,64.60000000000001
3550,0.6425809948910897,0.7472893643994247,43.65,64.3
3551,0.611575045019266,0.7774174081778372,43.3,65.2
3552,0.6330598317121618,0.7688607214328784,42.5,64.60000000000001
3553,0.6266715327301622,0.7231193552518917,43.65,64.4
3554,0.6180127904479232,0.7904141878021356,43.05,66.0
3555,0.6326454304928759,0.7462010008079252,43.1,65.25
3556,0.6313528784912027,0.7538067874277283,43.05,65.10000000000001
3557,0.6308364329012887,0.7855299898553173,43.05,65.3
3558,0.661647135948084,0.8039562172473425,43.0,64.25
3559,0.618142289565245,0.8079587628742761,43.45,64.9
3560,0.6090750695072077,0.7679744846749101,44.1,65.45
3561,0.6411966814511458,0.7859718074336001,43.4,65.45
3562,0.6131790177574664,0.7873546019842032,43.25,66.14999999999999
3563,0.6550837532098741,0.781675192611202,43.45,66.0
3564,0.6340607963343937,0.776816269532681,43.75,65.64999999999999
3565,0.6378433801520145,0.8173377647920932,42.95,66.10000000000001
3566,0.590764810716028,0.7516113602818627,42.9,65.95
3567,0.6487454513543592,0.7897635977305433,42.5,65.75
3568,0.6441394207785643,0.7725102686879032,43.75,66.85
3569,0.650766981930925,0.8113496746006866,43.2,67.35
3570,0.6251067160909822,0.746365981447116,43.4,66.45
3571,0.6384371152117012,0.7668164163961831,42.4,66.14999999999999
3572,0.6126483655324575,0.7785409154252756,43.75,66.14999999999999
3573,0.6335604011325577,0.7620336714421562,42.699999999999996,66.95
3574,0.6403502924043373,0.8062342593364925,42.65,65.60000000000001
3575,0.6421785336996857,0.7634602936716745,43.0,66.05
3576,0.6397484052604927,0.7775147124067118,43.95,66.10000000000001
3577,0.6207574222241351,0.7971472988350166,42.8,66.10000000000001
3578,0.5991942399485539,0.7892139638810931,43.45,65.75
3579,0.6276758899888362,0.7677166808887554,43.7,65.60000000000001
3580,0.6272349629385114,0.7833950389370732,43.4,67.35
3581,0.6293913172587148,0.7897461010785758,42.65,66.05
3582,0.6371053409450532,0.7726192911316809,43.2,65.95
3583,0.6399830197661752,0.8044242702622736,43.2,66.9
3584,0.6028139943994786,0.7412182296100259,42.95,66.95
3585,0.6111815227079325,0.7809388469267383,42.449999999999996,66.60000000000001
3586,0.663175879660433,0.7812197213865825,42.8,66.10000000000001
3587,0.6514145241594733,0.7578986281139789,43.05,66.3
3588,0.6190984329661231,0.8041565229440067,42.699999999999996,66.3
3589,0.5982239409552969,0.8088834977318262,42.35,66.2
3590,0.6820359380397916,0.7696464695442199,42.75,65.7
3591,0.6008887256187716,0.7860795152008812,43.45,66.5
3592,0.6478929613595235,0.8431943018238942,43.25,66.64999999999999
3593,0.6095971878692567,0.785490195420804,42.449999999999996,65.60000000000001
3594,0.6569918807301942,0.761132451344946,43.0,66.05
3595,0.6639246503645295,0.8009820553951312,42.9,66.7
3596,0.6363426617306875,0.7891158716502908,41.3,65.3
3597,0.6609454227824908,0.7983710206522137,43.65,65.7
3598,0.6664295683160595,0.7966555666420214,42.85,66.35
3599,0.6375681139505921,0.7587155500820597,43.1,65.14999999999999
3600,0.661286477693462,0.7743790751548802,42.55,65.64999999999999
3601,0.6306257232120995,0.8084391812479511,42.6,66.3
3602,0.6589590540729512,0.7771981905008319,43.45,65.4
3603,0.632299295428988,0.8120588833109326,42.9,68.30000000000001
3604,0.6325389242903949,0.7862507015406354,43.05,67.15
3605,0.6148306752261044,0.7614410010225913,42.3,65.10000000000001
3606,0.6812981526248385,0.8102868863138942,43.25,66.5
3607,0.5978644884146809,0.8165862066640586,42.449999999999996,65.60000000000001
3608,0.5870852702025641,0.8114229086439461,43.0,66.55
3609,0.6166900262457639,0.7864527156850931,42.5,66.85
3610,0.6545308311403413,0.8171733415023263,42.75,66.0
3611,0.6222134469070303,0.8199038138654188,41.949999999999996,67.10000000000001
3612,0.5882479698413975,0.8064691983252745,43.7,65.8
3613,0.6030749455988402,0.7594005166391462,43.05,65.7
3614,0.6287636748710972,0.7854264134172019,43.05,66.35
3615,0.6516349407844866,0.7630389311155518,42.449999999999996,65.7
3616,0.6335513935375868,0.8070954268983178,43.0,65.85
3617,0.6424756289093125,0.8045142292656192,42.6,64.35
3618,0.6641705755860169,0.8079751679766595,42.75,65.60000000000001
3619,0.6584051383709527,0.8355288602054416,43.6,66.14999999999999
3620,0.6308288337813931,0.798355564576374,43.1,65.75
3621,0.6708983832317983,0.8118594768751449,42.55,65.3
3622,0.6346772878653487,0.8070072633348634,42.15,65.5
3623,0.6697663969537477,0.7984716771038475,43.75,66.3
3624,0.6243014844332229,0.7938647810536759,42.699999999999996,66.05
3625,0.6145358615868646,0.7565669612856429,42.199999999999996,65.8
3626,0.6420944704581942,0.7715297307440557,42.05,65.8
3627,0.6162584915866864,0.7847123252342487,42.3,65.7
3628,0.6575970347416495,0.7984370788259307,42.8,65.0
3629,0.6520206051306177,0.824546416520205,43.05,66.14999999999999
3630,0.623870358757216,0.8294821034696453,42.75,66.60000000000001
3631,0.6110780979858355,0.7968320192203818,43.0,66.85
3632,0.638864556940367,0.7745344942276786,43.85,66.10000000000001
3633,0.6111451576674932,0.7912911701578695,42.8,66.35
3634,0.6629203170712399,0.8095494056032646,42.65,66.05
3635,0.6396349575946954,0.7133197292451857,42.35,64.95
3636,0.6639122462069281,0.762500013063827,43.2,66.25
3637,0.6509111610745777,0.7861356913915295,42.449999999999996,65.95
3638,0.5886974296218309,0.7993865459905315,43.25,66.2
3639,0.6625741403305148,0.7674070402126071,43.15,65.75
3640,0.6336366854442014,0.7543926908427981,43.4,65.05
3641,0.6360706929473239,0.8009251599116903,43.75,66.10000000000001
3642,0.6476550032714993,0.8085615077840996,43.45,65.95
3643,0.6555682695616281,0.7927840603824359,43.6,66.05
3644,0.6368577274183873,0.7915756884452928,43.1,66.55
3645,0.6581084964992282,0.814418490842764,43.75,66.05
3646,0.6687218743305238,0.744366292176025,43.6,66.60000000000001
3647,0.6241516803885199,0.8022797681600345,43.8,66.4
3648,0.6964747096048454,0.8354933304242251,42.65,65.9
3649,0.6558904839316804,0.8074571134171991,44.15,67.30000000000001
3650,0.6494575798225042,0.780047133968324,43.9,65.95
3651,0.6400659274603006,0.7990987028284906,42.95,66.45
3652,0.6797686449120386,0.7755125906007558,44.3,66.2
3653,0.6288519298869171,0.7885142879249963,43.6,68.25
3654,0.6393805517230666,0.7993972646407249,43.35,64.75
3655,0.6604715785608292,0.8030197874941616,43.05,67.45
3656,0.634809107167456,0.7913223734043199,42.6,66.3
3657,0.6143240189637712,0.7949752275848044,43.65,66.2
3658,0.6563552188261293,0.8195711022258826,43.05,67.2
3659,0.6600459163355522,0.7944259346417168,43.65,66.55
3660,0.6531278800007603,0.8101525737555583,44.55,67.15
3661,0.6403257355425157,0.805695851614704,42.65,68.4
3662,0.6838865867054523,0.7901646924221284,43.75,66.9
3663,0.6669142282512764,0.7782294404355791,44.25,67.7
3664,0.6737033526740736,0.8300842152479784,43.85,67.80000000000001
3665,0.6254545026638872,0.7917648559053008,43.9,65.45
3666,0.6177385058261069,0.7562058073416453,42.85,66.45
3667,0.6141514488639337,0.7904530098115482,43.1,66.60000000000001
3668,0.6298599883465219,0.7869896349139256,44.45,67.30000000000001
3669,0.621234024587452,0.7795446240992753,43.3,66.8
3670,0.6588485878720807,0.7766989604707212,44.05,67.0
3671,0.6250503194038926,0.7991998937175033,43.9,67.35
3672,0.6026189524955139,0.7646649581384676,43.55,67.2
3673,0.6259129431871586,0.7957146858011155,43.45,67.5
3674,0.6505298182164669,0.7676241417278227,43.8,66.64999999999999
3675,0.6633390675334333,0.821878564501463,43.15,66.64999999999999
3676,0.6421994255780094,0.7843906911105538,42.85,66.14999999999999
3677,0.6453240162793427,0.809530757935826,44.1,66.8
3678,0.6828367542650119,0.8034772673468344,44.5,67.55
3679,0.5943822681834334,0.8035483876214178,43.95,67.10000000000001
3680,0.6254538800948992,0.7879588260863102,44.5,66.95
3681,0.6566822092951756,0.8127724554906369,44.5,66.95
3682,0.6325839790674718,0.7904019373129129,43.1,66.95
3683,0.6705040266126407,0.8070079739749276,44.45,67.7
3684,0.6358404484203481,0.8095069947121183,43.25,67.25
3685,0.6544168353298722,0.7999989510105314,44.2,67.2
3686,0.6404952367466187,0.7862319305646104,43.95,67.4
3687,0.6582221114538412,0.8458206927588124,43.65,67.60000000000001
3688,0.651076386891932,0.7792864276517442,45.050000000000004,66.75
3689,0.609047111314376,0.7883680208826476,44.1,67.60000000000001
3690,0.6581271219923901,0.819691729960939,43.35,68.0
3691,0.6424982813414588,0.8247921980500723,43.8,67.30000000000001
3692,0.6543299087831633,0.8169633140729415,44.5,66.45
3693,0.644464622346384,0.8099554119989487,43.95,68.10000000000001
3694,0.6847168678252096,0.8115905804926005,43.95,68.05
3695,0.6332577906776042,0.8065104916662815,43.2,66.64999999999999
3696,0.6428791231077844,0.7894831341069621,43.85,67.25
3697,0.6304790903573547,0.8268907514730366,43.8,68.35
3698,0.660713610603581,0.8113602622383674,44.15,68.30000000000001
3699,0.6405450244938328,0.8003978776288975,43.7,66.85
3700,0.6511899858472189,0.8066304283749121,43.7,67.80000000000001
3701,0.6506552472317371,0.7653181402687735,43.4,67.75
3702,0.6431216608237523,0.8375533362695029,44.3,68.4
3703,0.6910620822231304,0.7949511515151916,44.05,69.15
3704,0.6493553578080627,0.7849636606082627,44.25,67.15
3705,0.6487802505387017,0.8072137758552225,43.65,67.4
3706,0.6517817279991998,0.7554998190639588,43.55,67.75
3707,0.6196949779344985,0.8181294409841351,43.9,68.10000000000001
3708,0.6718718951495019,0.8008991504169739,44.15,68.25
3709,0.6231667770536371,0.7927415330424451,44.15,68.35
3710,0.6758967359126452,0.8387230376960543,44.5,69.19999999999999
3711,0.6285263411318119,0.7346509301833596,44.2,68.25
3712,0.648235025924123,0.835379698811802,43.6,68.8
3713,0.6646438605752099,0.8058367553017026,44.0,67.80000000000001
3714,0.6328422981955386,0.7952339288282942,43.7,67.85
3715,0.640982845907288,0.7660844798808077,44.85,68.35
3716,0.5919384268105118,0.814465836390218,44.05,69.15
3717,0.6202663972958137,0.8071397595176054,44.55,68.35
3718,0.6321981227164135,0.7874235557489778,43.7,67.80000000000001
3719,0.6552975871173767,0.7908548358487927,44.65,67.7
3720,0.6674720527920193,0.7610411096281857,44.45,67.60000000000001
3721,0.6713867485168259,0.7811006557788911,44.75,67.80000000000001
3722,0.6140775393930371,0.7821965222969077,43.3,68.30000000000001
3723,0.6347747122990031,0.7918326332244321,44.45,67.2
3724,0.6170826814631739,0.7946754510159413,44.2,69.0
3725,0.6403027756189563,0.7633711870155382,44.55,69.15
3726,0.6459090210728444,0.808016757792454,44.85,68.15
3727,0.6621532121574767,0.8170133464794835,43.45,67.85
3728,0.6878200993506475,0.8114161973650968,45.2,67.80000000000001
3729,0.672434960484932,0.8517403549248246,44.25,67.10000000000001
3730,0.6823503780712646,0.814979473905736,43.45,67.4
3731,0.6731960479756024,0.8155059784079401,43.8,67.65
3732,0.6896564374053302,0.7988160795137675,44.55,68.0
3733,0.6453308880350623,0.8195329710242975,43.3,68.15
3734,0.6277883696591442,0.8163425501965181,43.3,67.9
3735,0.6776244416029886,0.822648553913334,42.65,67.05
3736,0.6415699492479341,0.7917266326689595,43.3,67.5
3737,0.6735995074465609,0.7827693644001995,44.05,67.30000000000001
3738,0.6467222847397903,0.74313635062056,43.9,66.75
3739,0.6764625808483513,0.7669215377715125,43.9,68.35
3740,0.6399672980857284,0.8140123146928604,43.35,67.5
3741,0.6298356289224099,0.8173850028107734,43.4,67.35
3742,0.6618014383892703,0.8313562006968461,43.05,66.95
3743,0.6382734815686938,0.7773697028582836,43.7,68.0
3744,0.6605017950121241,0.7766029662152597,44.0,67.05
3745,0.6758832581493218,0.7991832813659068,43.8,68.05
3746,0.6424511927911928,0.8346697479174331,43.75,68.25
3747,0.6682120654627611,0.7870538146836065,44.15,66.8
3748,0.6096715948716404,0.8254853403869696,43.15,67.95
3749,0.6622543664105311,0.809811360209505,42.85,67.95
3750,0.6157235581778234,0.7939138497576179,42.0,67.9
3751,0.6247587154233274,0.8433493292029811,43.15,68.4
3752,0.6063873919389288,0.7945584933577771,42.199999999999996,67.10000000000001
3753,0.6408032058412004,0.8109050140311118,43.1,68.85
3754,0.6665305923325694,0.7943737458522744,42.449999999999996,67.85
3755,0.6651885413470293,0.8017470380539735,42.65,67.5
3756,0.6497075122059546,0.802548384055734,43.4,67.2
3757,0.6774097334463824,0.8064054890844014,43.4,67.25
3758,0.7038518360648637,0.7998815362175026,43.7,66.7
3759,0.6725704161214087,0.7859823985177029,42.699999999999996,67.4
3760,0.6524618835517413,0.8356691166660364,43.1,66.95
3761,0.632906807239202,0.8161764849888439,42.85,67.0
3762,0.6539452556146486,0.7791277176263902,42.35,66.9
3763,0.6572104792149639,0.7702569235352432,42.55,67.15
3764,0.6206985971901906,0.8306785336595868,42.6,68.10000000000001
3765,0.651413330188412,0.831956851381569,42.35,67.7
3766,0.6447086251873668,0.7996150630946872,43.3,65.5
3767,0.6530187365418554,0.8171098290636831,42.35,67.35
3768,0.6132051923451439,0.8050644853360726,42.3,65.64999999999999
3769,0.6766971560039904,0.8561171004113992,41.5,66.7
3770,0.6726111328008856,0.8184701427275107,42.25,67.05
3771,0.6406722628340688,0.8149003584186921,42.25,65.75
3772,0.6277075142767724,0.8028650159779331,42.0,67.4
3773,0.6442549323386115,0.8029595012775066,42.35,66.60000000000001
3774,0.606933897985826,0.8224919112675013,42.35,67.2
3775,0.6274327576379896,0.8165433281132223,41.949999999999996,66.64999999999999
3776,0.6214654921823265,0.8017032462250018,42.05,66.4
3777,0.6305610146791458,0.7867350843387294,42.55,67.2
3778,0.5808515224892722,0.8608013335771265,42.25,67.45
3779,0.6186086530284476,0.792334721932027,42.9,65.14999999999999
3780,0.6598129426684861,0.7832897997821003,42.85,66.5
3781,0.6154237242001476,0.820193175390747,41.55,66.95
3782,0.6513564389617156,0.8134013473410872,42.85,67.60000000000001
3783,0.5786393806453475,0.7832383900708686,43.0,65.60000000000001
3784,0.6347104524408537,0.8176890360157363,42.35,67.25
3785,0.6512803244628255,0.8056588772099265,42.699999999999996,66.7
3786,0.6644474409699389,0.7728644092216331,42.9,67.85
3787,0.6874683827489234,0.7945051679998328,42.95,66.45
3788,0.6500141427446958,0.8076083427635171,42.5,67.55
3789,0.6828008044689406,0.7893761764769813,42.35,67.15
3790,0.7207576655501803,0.7629773023091077,42.15,67.15
3791,0.6592375158611041,0.8171805198005871,41.5,66.85
3792,0.6000114278429245,0.7380260041868694,41.449999999999996,65.35
3793,0.6605409178232271,0.7832354771127337,42.75,65.75
3794,0.6554591767498157,0.8328261228175335,41.9,65.5
3795,0.6047301211092927,0.8409505802715698,42.05,67.05
3796,0.6419011393797552,0.8063188869193462,42.0,67.4
3797,0.6475468761603654,0.8028296953394078,42.6,66.95
3798,0.6537659626411896,0.8107395676756137,42.449999999999996,66.25
3799,0.644052138527723,0.8392372119456527,42.95,66.75
3800,0.6791771956575254,0.7909995760167551,43.05,66.95
3801,0.6658140845850783,0.8286563740597606,41.6,66.9
3802,0.6349263985505811,0.8152335770148743,42.4,67.65
3803,0.606838385430086,0.8202080693751873,42.449999999999996,66.60000000000001
3804,0.6770617384505496,0.76149349794723,42.25,66.95
3805,0.6214779530376499,0.7872866323976354,42.5,67.30000000000001
3806,0.6474414605809201,0.7945866530039188,42.65,66.3
3807,0.6426077577243161,0.8243192264942983,43.15,67.60000000000001
3808,0.6833925290892499,0.7702818228931725,43.15,66.8
3809,0.6495707519530235,0.829771286367507,42.95,67.05
3810,0.6625339871267057,0.8002249840681283,43.0,68.05
3811,0.6916446513660515,0.8234738133133603,42.4,67.4
3812,0.6439566847038164,0.8074215638640777,42.55,66.95
3813,0.6577868261154184,0.8054688602819753,43.05,68.10000000000001
3814,0.6651989698476488,0.7981577947793377,43.1,66.35
3815,0.6476476346193633,0.7927769871127603,43.3,66.60000000000001
3816,0.693472902566139,0.7883627364405086,43.2,67.85
3817,0.5929370067685892,0.7948457629835085,42.75,66.45
3818,0.6378113292441453,0.7943959453402712,42.699999999999996,67.7
3819,0.6636656650971604,0.7930014178501644,42.35,68.0
3820,0.6860376608280758,0.8050341276960952,42.75,67.9
3821,0.6697149000067966,0.7996337098628471,42.449999999999996,66.14999999999999
3822,0.7005715456085968,0.8177123497757999,42.3,67.15
3823,0.6445316671454157,0.750202341143519,43.0,66.7
3824,0.6417248424799458,0.8021532695980884,42.15,66.14999999999999
3825,0.6374144288500572,0.7927080758616262,42.25,67.7
3826,0.667754404328093,0.7819191063114577,41.85,67.2
3827,0.6255697573038769,0.7817419120053664,41.65,67.30000000000001
3828,0.6151896116413047,0.7749091162458862,41.15,67.60000000000001
3829,0.6385116483079054,0.8108984849619123,41.55,66.9
3830,0.6271483877442549,0.8119301833019507,42.199999999999996,65.85
3831,0.6358868503163141,0.7932190302508947,42.1,66.3
3832,0.6601255712080867,0.8606903343791573,42.55,68.5
3833,0.6779719527302707,0.7587182676977086,41.65,66.2
3834,0.655638560045222,0.8131065724787316,42.6,67.0
3835,0.6712934407355706,0.8063808858004804,42.4,67.4
3836,0.7057607522984968,0.7894204382396579,42.65,68.10000000000001
3837,0.6513015508132737,0.7982834479209323,42.15,66.3
3838,0.6848213175251594,0.8422798171638324,42.35,67.15
3839,0.6614592794458425,0.7352735223691452,42.8,66.2
3840,0.6439799213700321,0.7984825200005118,42.1,67.80000000000001
3841,0.6684903159355544,0.7574561965704397,42.0,67.05
3842,0.6180659121958135,0.7839091299569358,42.1,67.10000000000001
3843,0.6079901862948218,0.7750360687453703,41.699999999999996,66.14999999999999
3844,0.6422443281466642,0.7490501137481479,42.449999999999996,67.35
3845,0.6293650123578084,0.8259101346815629,42.95,67.95
3846,0.7118896310818426,0.8259073049230244,43.45,67.5
3847,0.6722771165886916,0.8142352398433413,42.3,66.60000000000001
3848,0.6660027121070357,0.840017146437378,42.8,68.10000000000001
3849,0.6378464492050412,0.7893294108354745,42.8,67.85
3850,0.6686099931234869,0.7884558723420642,42.95,67.30000000000001
3851,0.6626826368315332,0.8454736655302367,41.949999999999996,68.05
3852,0.6076783385526259,0.8299965787844312,42.8,66.75
3853,0.6355754425828694,0.8499782821777958,41.9,68.15
3854,0.6741314260010554,0.8097839333472059,42.9,67.80000000000001
3855,0.6234863771624796,0.8201510422866387,41.3,67.0
3856,0.641671236131435,0.8173728566924962,42.449999999999996,68.89999999999999
3857,0.6606987084340842,0.8120560535002223,42.15,67.60000000000001
3858,0.6756411698692169,0.8159010038821993,41.5,69.95
3859,0.6643024353655215,0.7910937362530365,42.55,67.7
3860,0.6823534578153181,0.7912014738976918,41.9,67.0
3861,0.6775680594391064,0.7959059980059978,43.05,66.55
3862,0.6441535392983702,0.7833851806109281,42.4,67.80000000000001
3863,0.6126865337040713,0.790075553855082,42.6,67.4
3864,0.6766314369271802,0.8114197876575842,43.0,68.2
3865,0.6554486763260652,0.8111615158894088,42.8,67.60000000000001
3866,0.6565395029758988,0.7773387377971809,41.9,67.0
3867,0.631573343552343,0.8010240711720739,42.9,67.85
3868,0.6640639793540746,0.8100546458557358,42.15,67.4
3869,0.6672449759348724,0.8189632747226694,42.5,68.10000000000001
3870,0.692710786710213,0.7614624321030982,41.75,67.4
3871,0.6340931886616743,0.8067305907532435,42.65,66.9
3872,0.6491050851807797,0.8113792624055822,42.85,66.5
3873,0.6255107965224128,0.811792262966235,42.0,66.95
3874,0.6427850666503259,0.7704351319237313,42.65,67.2
3875,0.6413795275580194,0.8234274591206757,42.85,67.25
3876,0.6284985679382026,0.8067189502111419,42.0,68.0
3877,0.6710072054489229,0.8380293731607404,42.9,68.0
3878,0.6474309222747177,0.8651176149737738,42.65,69.0
3879,0.6411116758828047,0.8132146909251011,43.0,67.25
3880,0.6839101299446068,0.8118758596757177,42.95,67.65
3881,0.6483574979382706,0.8240923165826473,42.55,67.10000000000001
3882,0.6552170631919201,0.8211719207264953,42.449999999999996,67.85
3883,0.6700510718664631,0.8283726363887539,43.1,67.85
3884,0.6476937276387938,0.8057120524769569,42.55,66.5
3885,0.6323342990552182,0.768928212712408,41.85,67.60000000000001
3886,0.6593347706037908,0.7965647437254811,42.95,68.30000000000001
3887,0.634233146266119,0.8121698213970951,42.55,67.35
3888,0.6851779302732596,0.8259396170099232,42.1,67.75
3889,0.6715001199694322,0.840863543637166,43.55,66.85
3890,0.6414726016038218,0.823166635785044,42.699999999999996,67.45
3891,0.6580564107552559,0.8477689984113574,43.6,67.30000000000001
3892,0.6986620840456059,0.8053586239375964,43.4,67.4
3893,0.6467230902429815,0.7684017849095728,43.45,67.55
3894,0.6605412257631932,0.823256779232192,43.55,67.9
3895,0.6295161946815856,0.814980013067474,43.2,68.65
3896,0.6564244581769278,0.8096860284436175,43.1,67.5
3897,0.692768504004561,0.8367899709766573,42.95,68.30000000000001
3898,0.660286301084481,0.8027062230874824,42.5,68.55
3899,0.6841317162787565,0.813280834378276,43.0,67.25
3900,0.6779950046476374,0.8001787953779836,43.4,68.89999999999999
3901,0.6667472181366139,0.810177541206066,44.1,68.2
3902,0.6464626936911616,0.8196757958466766,43.05,68.55
3903,0.6033423771289891,0.8229874861305628,42.35,68.05
3904,0.6397615399390859,0.7794971753139777,42.4,68.25
3905,0.6863223507887946,0.8231640750965499,42.9,68.35
3906,0.6330906096765248,0.8026455516950337,42.9,67.15
3907,0.6576528408394944,0.8280841609634633,44.05,68.05
3908,0.6848649663434698,0.818787987194559,42.6,68.0
3909,0.6710102460652947,0.8318675016200054,42.6,66.64999999999999
3910,0.6631330259973219,0.8005543006599731,43.4,67.2
3911,0.6403822640200025,0.7994070659611595,42.9,66.75
3912,0.6554837240276126,0.8440930943738688,42.3,67.55
3913,0.6743445640476257,0.7986098485508039,42.75,66.9
3914,0.6825614655616897,0.7716880083379161,43.8,68.55
3915,0.639703089772614,0.8277779758451693,43.35,67.65
3916,0.6773180297579445,0.8101091331437577,42.8,67.35
3917,0.636293822697847,0.8190646470247563,42.35,67.85
3918,0.6433654011732185,0.8231559381356788,44.2,68.2
3919,0.6497489020349435,0.810198755551238,43.0,68.4
3920,0.6698603584520968,0.8098242804553523,43.7,68.25
3921,0.6354218505145327,0.7904115398037945,41.949999999999996,67.95
3922,0.653595405716431,0.8262052611560797,43.1,67.75
3923,0.6895985951558908,0.8371947315505597,42.5,68.55
3924,0.6770815422209977,0.7714424594842906,43.0,68.10000000000001
3925,0.654198458126698,0.7968367234785596,42.4,68.4
3926,0.6475147590789816,0.8851856075582911,43.0,69.3
3927,0.6914103812766609,0.8696222173517622,42.699999999999996,69.0
3928,0.7255928162614448,0.8223208027316102,42.95,67.9
3929,0.6485502937326889,0.8486426892880053,43.5,67.7
3930,0.6700980926879238,0.8102953094275107,43.55,68.2
3931,0.6374908846418802,0.8218846074258551,43.05,67.30000000000001
3932,0.7090590984960856,0.8017802183917805,43.35,67.80000000000001
3933,0.6988479232292176,0.7928127399610316,43.6,66.55
3934,0.6620723232034968,0.8259007591535182,43.2,67.25
3935,0.6437673998430073,0.8451248472014196,43.1,66.45
3936,0.6725165298045735,0.8284359044849753,43.2,68.2
3937,0.686433004564462,0.7953996765288402,43.9,66.25
3938,0.6442161250554875,0.7920982180918748,43.05,67.60000000000001
3939,0.6666257913571734,0.7764302718628473,43.25,68.75
3940,0.6739762618295617,0.8121455838462387,43.7,67.5
3941,0.66043609934934,0.7898158736551883,42.9,67.35
3942,0.6799518856131944,0.8172508174172903,44.15,68.55
3943,0.7012744742938944,0.7625358223994706,42.85,67.55
3944,0.6509712257749899,0.8195127488704552,43.2,68.5
3945,0.6817769493904313,0.8206939587233578,43.4,68.60000000000001
3946,0.6403688343472481,0.8173944348682028,42.15,68.4
3947,0.687234497429168,0.8652806529151967,43.6,68.95
3948,0.6413410032534439,0.8113864096826519,42.449999999999996,69.25
3949,0.6550955861001284,0.8173739424146348,43.35,68.0
3950,0.6287767020229612,0.8553279485994981,42.95,68.60000000000001
3951,0.6630311664049946,0.8391891701674865,42.55,68.10000000000001
3952,0.67039735252212,0.7820148373979333,42.75,67.60000000000001
3953,0.6559339043993577,0.848512592419612,42.8,68.25
3954,0.6780457640464225,0.7956305073064402,42.9,68.0
3955,0.6794321097200616,0.8715821450907756,43.95,68.85
3956,0.6538050141318474,0.8233277159124756,42.5,69.89999999999999
3957,0.644246773406569,0.8176477495969464,42.15,68.7
3958,0.6748257446082517,0.8135611726315638,43.3,68.75
3959,0.6586555299747574,0.85635851145751,43.0,68.89999999999999
3960,0.6584444706039305,0.8655613022064442,42.85,68.95
3961,0.6492333583349105,0.7957453090570129,43.8,69.0
3962,0.6716269615432593,0.8453207809726266,43.9,69.3
3963,0.6371647159374834,0.8345750381828603,42.5,68.15
3964,0.6442764031164541,0.8284788895123824,42.55,68.55
3965,0.6776403726773418,0.8268169257064621,42.4,67.5
3966,0.6772928963017952,0.8254653143309976,43.6,68.7
3967,0.6708688711888372,0.8006746390937988,43.35,67.15
3968,0.68710674448956,0.8514996619439,43.45,68.4
3969,0.6904681613202851,0.780903970458616,43.5,67.85
3970,0.6267334681831265,0.7926616148853277,42.699999999999996,68.7
3971,0.6819817214922395,0.7892256842393683,44.0,68.05
3972,0.6547419517385887,0.8579453150989903,43.1,68.55
3973,0.6415215482689913,0.7975440213043117,43.0,68.25
3974,0.6624101371905179,0.8242312319944274,43.55,67.65
3975,0.6927293110515693,0.7926351152602013,43.95,68.55
3976,0.6482959006398018,0.8369964989486162,42.95,69.1
3977,0.6598720890577522,0.7915766340777489,42.4,68.15
3978,0.6842621423678723,0.8398327563362058,42.65,68.4
3979,0.687576118179677,0.8553637885453073,43.25,68.8
3980,0.7152164797541761,0.8200289462472088,43.55,69.05
3981,0.6761105527730176,0.8440503720368651,43.6,68.5
3982,0.6346943497491356,0.831124192283126,43.05,68.60000000000001
3983,0.6924674536315124,0.8549850621070114,43.6,68.35
3984,0.6628115699589706,0.8258942549781775,44.4,67.65
3985,0.6457525195317728,0.8431739657867808,42.3,68.0
3986,0.6840521815610096,0.8073136854212221,42.65,67.9
3987,0.65891272385467,0.8377194420465077,43.35,67.65
3988,0.6393445294204203,0.7918780161175154,42.4,66.95
3989,0.7024858490198675,0.8116104528716179,43.2,67.35
3990,0.6431015320795709,0.7968379695377747,43.1,68.89999999999999
3991,0.6456665047885194,0.8369241787976637,43.2,69.6
3992,0.6828142718172887,0.7984672583531165,43.1,68.95
3993,0.6460030019474939,0.8151973951181554,43.0,67.5
3994,0.6956494915800879,0.8654268643842915,42.9,68.65
3995,0.6402942422540114,0.8557527327468369,42.75,67.15
3996,0.6717528057296666,0.8277491369048259,42.95,67.25
3997,0.6433548641557946,0.8639380238086599,42.85,68.55
3998,0.6506709197824916,0.8578207921439162,42.25,68.25
3999,0.6774009845615716,0.8416268363762932,42.65,68.30000000000001
4000,0.6838706784166403,0.8199012556328011,42.75,68.89999999999999
4001,0.6759745994116101,0.8329708481335144,42.699999999999996,67.60000000000001
4002,0.6430695534441415,0.8328780058178782,43.6,68.05
4003,0.6114002595135462,0.877577307020504,43.2,69.0
4004,0.657961016255399,0.8360878067849951,43.3,67.45
4005,0.670620004815745,0.7826047983862604,42.5,67.85
4006,0.6788873649507263,0.8868869402760258,42.85,68.95
4007,0.6561425494447373,0.8392308455149111,41.349999999999994,68.5
4008,0.633526945256325,0.8501953043483563,43.35,67.95
4009,0.6960710167271054,0.8276152435613833,43.15,67.30000000000001
4010,0.6351013388391882,0.8926288495434502,42.9,68.60000000000001
4011,0.6660735051154165,0.8517803721022942,42.199999999999996,68.0
4012,0.6756365358111828,0.8341017441824622,42.4,68.7
4013,0.7005224661950937,0.8499763453628982,42.699999999999996,67.9
4014,0.7192669018067787,0.8836455977607461,43.0,68.0
4015,0.6804011537104727,0.8393701525553492,42.85,68.45
4016,0.6639344129457019,0.8708668398342291,42.65,68.95
4017,0.680259789728745,0.8606167547530551,42.199999999999996,68.8
4018,0.6805352595173528,0.8156057896246495,42.9,68.10000000000001
4019,0.6781845254967067,0.8249725326177837,43.9,68.45
4020,0.6668176479060582,0.8274934769422521,43.25,68.25
4021,0.6746130678373745,0.8437438333071482,43.0,68.65
4022,0.6470710368078813,0.8127424519551962,42.95,68.65
4023,0.6697748801210389,0.8387274566456965,43.0,67.65
4024,0.6437624621104576,0.8217480374060637,42.85,67.2
4025,0.6690774537978942,0.8272947354954793,42.9,68.35
4026,0.6804107818408264,0.8178247018635957,44.05,68.89999999999999
4027,0.6711215093334749,0.8917095716469514,43.2,69.19999999999999
4028,0.6973277058043327,0.817462070055665,42.8,68.7
4029,0.671329387494631,0.8105141151702311,42.95,68.45
4030,0.6496109031176764,0.8755753151010868,42.75,68.55
4031,0.6280854781864591,0.8634387885857427,43.05,68.60000000000001
4032,0.6923201309591666,0.8104347194074364,42.4,68.55
4033,0.7023382815992566,0.8053221605615363,43.2,68.15
4034,0.6440254817145002,0.8427297787393289,42.449999999999996,68.8
4035,0.647978315080479,0.860813530276342,42.1,67.35
4036,0.6305784867505705,0.8219562831352973,42.75,68.15
4037,0.6616497631663215,0.8396998653166581,42.9,68.7
4038,0.6629044782088427,0.8065605244019496,42.8,68.75
4039,0.6651074237491593,0.8423088843836049,42.25,68.60000000000001
4040,0.687130503559401,0.8565141902124498,43.05,68.89999999999999
4041,0.6893533491681425,0.8251794422545109,43.7,67.30000000000001
4042,0.6399975737274819,0.8729759182460902,42.0,67.9
4043,0.6699677934552392,0.844268091315321,42.25,68.89999999999999
4044,0.6241474236912713,0.832127052138861,42.95,68.7
4045,0.624288781937935,0.8528527895700532,42.6,69.1
4046,0.6439126852525073,0.8444151514290082,43.55,68.30000000000001
4047,0.6742078677694301,0.81287599076557,42.65,68.95
4048,0.6046577438563633,0.8388038401390381,43.65,69.0
4049,0.6381300887697894,0.8683174852964445,42.8,69.45
4050,0.6559494155373979,0.8240179821261726,42.449999999999996,69.05
4051,0.6585978211225966,0.8259587817067152,42.4,70.1
4052,0.6849134746381521,0.8416930953534038,42.85,68.45
4053,0.6920579228569665,0.8326690548192873,42.65,68.85
4054,0.7135499857469321,0.8253331318898978,43.9,69.39999999999999
4055,0.6749647073131596,0.8311414402267447,42.9,70.19999999999999
4056,0.6496950247913839,0.8021386655504008,43.95,68.55
4057,0.6744729647930414,0.8544860280291675,43.3,70.05
4058,0.6889326641058294,0.8624622413891849,42.65,69.39999999999999
4059,0.6474204067101277,0.8324157907166316,42.65,68.30000000000001
4060,0.709182338734707,0.8591567265489848,43.45,68.30000000000001
4061,0.6897048536280453,0.8412533159875846,42.5,69.19999999999999
4062,0.6542404197886197,0.8463674040972753,42.35,69.15
4063,0.669738915975523,0.8381771912625577,42.85,68.55
4064,0.6513165401890137,0.8367875385920052,42.449999999999996,69.1
4065,0.6732582398660943,0.8511621836588836,42.3,68.8
4066,0.712388056332537,0.8641698845949783,43.0,67.80000000000001
4067,0.6271242748823089,0.8180140046344864,42.95,69.05
4068,0.6426620528630974,0.7907460513206506,42.9,68.4
4069,0.7119811623205403,0.8375874063860382,43.1,68.25
4070,0.6922436630469767,0.8686868379362691,43.6,67.95
4071,0.6266314950616723,0.8382040158796877,43.3,68.05
4072,0.6731878629569878,0.8404193002281197,43.2,68.10000000000001
4073,0.6829227739286104,0.8469917692059833,42.9,69.05
4074,0.657819089998962,0.8450841207484702,42.6,69.35
4075,0.6695906841513691,0.8543131967113885,43.0,68.89999999999999
4076,0.6594072103634144,0.8164098371533187,43.05,68.0
4077,0.718616549119798,0.8767597636037654,44.45,68.85
4078,0.6699663064217077,0.8577105844821427,43.75,68.25
4079,0.6479626083138259,0.8392518819632022,42.9,68.85
4080,0.6562240379689852,0.8304863450633143,43.25,67.75
4081,0.643519117373831,0.8331941855648431,42.95,68.60000000000001
4082,0.6424205970074527,0.8569358465641089,43.2,69.35
4083,0.6470363514220171,0.8442162025694463,43.2,69.55
4084,0.6430467177158109,0.8235158567858021,43.9,69.69999999999999
4085,0.6949885045226981,0.8010085019330663,43.85,69.15
4086,0.6882931817213653,0.8575897979797582,43.4,68.95
4087,0.6748468343761033,0.8780222373576102,43.6,69.89999999999999
4088,0.6701653610411165,0.8596527632866777,43.3,69.45
4089,0.7079522941286921,0.8264556356615722,43.8,69.0
4090,0.6615581968833035,0.8288537427446595,43.55,69.6
4091,0.6645020399992617,0.836714156860191,42.5,68.25
4092,0.7002116607826722,0.8731261309836198,44.2,68.05
4093,0.6553422184898249,0.777696525258264,43.3,68.15
4094,0.6397023510362784,0.8850550978062929,43.85,68.55
4095,0.6755796725710477,0.8738278711934562,43.65,68.95
4096,0.6669039533301875,0.8650706130294233,42.9,69.45
4097,0.6565657380841089,0.8578227457069642,42.75,69.35
4098,0.6800467317628232,0.8449060733038406,44.0,68.89999999999999
4099,0.6835570520332749,0.8563476810348657,43.8,68.45
4100,0.7011840730533022,0.8521619639931038,43.8,69.19999999999999
4101,0.6785601018335049,0.8015379513578905,43.15,68.05
4102,0.6873338017491326,0.8419914629975322,42.449999999999996,68.55
4103,0.689949855687381,0.8495634370130404,43.15,67.35
4104,0.6908891030939421,0.8146512221329664,43.5,68.35
4105,0.6807880250681055,0.865226425651201,43.45,68.89999999999999
4106,0.6993503363118694,0.8333564637072706,44.4,66.55
4107,0.6615430642433597,0.8213735745186027,43.7,69.39999999999999
4108,0.6472371546108545,0.8884639720293387,43.1,69.5
4109,0.6538476309922174,0.8090741205129834,43.6,67.9
4110,0.6911631330464549,0.8203974238399265,43.6,67.9
4111,0.6692240584629893,0.8623853715605013,43.6,68.05
4112,0.6918814137348556,0.813458422767004,43.15,68.30000000000001
4113,0.7024397600973881,0.8123871593689053,42.75,68.35
4114,0.6343330465057454,0.860704042212164,43.3,68.89999999999999
4115,0.6729574780929478,0.8446551093957783,43.4,68.4
4116,0.6924770801891929,0.7818124657115747,42.85,68.30000000000001
4117,0.6579859770113745,0.8167147822612117,43.5,68.4
4118,0.7225100605725042,0.8513447107810329,43.75,69.69999999999999
4119,0.7127516204214668,0.8431216217518659,43.4,67.95
4120,0.6745837232459323,0.8643658380030536,43.15,68.05
4121,0.6630100981004614,0.8895522829463075,43.45,67.85
4122,0.6729878844232102,0.8436331411429162,43.25,68.55
4123,0.6696732468047664,0.8468490637206657,43.35,67.75
4124,0.6701127262083624,0.8166864559271781,42.699999999999996,68.2
4125,0.6655913944014276,0.8587901116832926,43.8,70.19999999999999
4126,0.7103638011390986,0.8699559626163625,43.25,69.35
4127,0.6736027612391133,0.8601433745025993,44.3,68.45
4128,0.703611470198107,0.8451267819798598,43.2,68.60000000000001
4129,0.6541520133086347,0.8622850173740995,43.75,69.3
4130,0.6890026628809108,0.8397859840859162,44.1,68.8
4131,0.6428187323572337,0.8198138889117433,43.8,68.45
4132,0.6727394015745076,0.8424294765997025,43.3,69.15
4133,0.7095113633748578,0.8670216448992757,43.7,68.65
4134,0.6813713950512351,0.86042227789356,44.25,69.0
4135,0.7006356093506209,0.7856944172303225,43.65,68.4
4136,0.6624046600457538,0.844353378348247,43.95,67.55
4137,0.6776859007649458,0.8375967350763163,44.0,69.35
4138,0.6643696406304332,0.8363948747348678,43.6,68.95
4139,0.693555673162673,0.8600598423977446,43.85,69.1
4140,0.6427880706206587,0.8630990857865,43.1,69.1
4141,0.6852493675482667,0.8478534312109224,43.8,68.15
4142,0.654982928927677,0.8120251618265912,43.35,67.05
4143,0.6905312960427462,0.8686729238506392,43.05,69.19999999999999
4144,0.7089210458055559,0.8605354144775826,43.75,69.1
4145,0.6923408649425075,0.8679835279184022,44.7,68.55
4146,0.7187928893489957,0.8931999332991765,42.95,68.60000000000001
4147,0.6764931858091014,0.8001980053679285,42.65,68.60000000000001
4148,0.6880905555901964,0.8647232877485752,44.0,68.30000000000001
4149,0.7025883430374433,0.8421484253279979,43.65,68.75
4150,0.692798987582448,0.8702250639716265,43.35,68.75
4151,0.706393425824674,0.8297760828650107,44.3,68.10000000000001
4152,0.6676008063152171,0.8518309088541148,43.85,69.75
4153,0.6977015452571075,0.8538614072362052,42.35,69.19999999999999
4154,0.6551467805125138,0.8767909191670035,43.35,69.0
4155,0.6733960192448402,0.8506603390556738,43.75,69.1
4156,0.6241862921384269,0.8537073877101077,44.05,68.60000000000001
4157,0.6384222162755729,0.8480424471341642,42.4,68.10000000000001
4158,0.692033460085089,0.8382436346441041,43.85,68.30000000000001
4159,0.693894990649371,0.8406334696556573,43.4,68.05
4160,0.6848970391136904,0.8675915721722716,44.3,68.35
4161,0.6905690158994392,0.853770961488447,43.65,68.4
4162,0.6138077186907022,0.8246515231447574,43.65,68.2
4163,0.6573899269206693,0.8559935361716398,42.9,68.4
4164,0.6900356040596797,0.8137202263301447,43.85,68.0
4165,0.6917349409132756,0.8677177403266918,43.95,68.15
4166,0.663788135149148,0.8320662544424454,43.55,67.95
4167,0.6811132622764162,0.8869929768859237,43.35,69.85
4168,0.6790825156384378,0.8711178906076943,43.3,67.85
4169,0.6444982520344938,0.8827455509589065,44.35,68.75
4170,0.6424083399933456,0.837170060174063,44.1,68.85
4171,0.7468837562574663,0.8257485419275591,44.5,68.85
4172,0.6648814018339004,0.8553731472640322,43.7,67.80000000000001
4173,0.6837219460751826,0.8814870198156505,44.1,69.45
4174,0.7039809779370557,0.8479986463189143,43.7,68.2
4175,0.6944072973763882,0.8741196605749307,43.95,67.9
4176,0.6575896993701154,0.8252607082704766,43.0,67.85
4177,0.7024800695399283,0.8204839996549442,44.05,68.05
4178,0.6610204071858669,0.8225025403480566,43.15,68.0
4179,0.6816679202059984,0.839887383033094,44.45,67.15
4180,0.6904510691896049,0.8372276308328603,43.45,68.4
4181,0.7106089629926077,0.8342305980937547,43.35,67.80000000000001
4182,0.6644028662148534,0.8800110185484,43.8,66.95
4183,0.6703098854512226,0.8807907244035872,43.5,68.35
4184,0.6850192266871943,0.8643312882526168,43.5,68.95
4185,0.7156057911929498,0.8794971462072153,44.15,69.15
4186,0.7121463263987751,0.8517744233379851,43.7,68.5
4187,0.6205184512015016,0.8629492748300553,43.7,69.0
4188,0.6632333572661795,0.8346880643900237,44.7,68.25
4189,0.672684647544839,0.8895201274865635,43.5,68.10000000000001
4190,0.6447617208681709,0.8475640594188903,43.95,68.55
4191,0.7170295358862331,0.8706268227529464,44.2,68.7
4192,0.7105318935548224,0.8579172213733337,44.15,67.45
4193,0.6925039743928906,0.8448152865613253,43.1,68.05
4194,0.6873371054655267,0.8226334279763419,44.2,68.35
4195,0.6754943954596547,0.8532910679545833,43.45,68.89999999999999
4196,0.6372463563950196,0.893038629273006,43.55,68.7
4197,0.7070042410717661,0.8729801168039969,44.4,68.2
4198,0.6907029229735794,0.8561295871072225,43.8,68.75
4199,0.7117305339405755,0.8743546881423268,43.75,68.4
4200,0.6759529421324626,0.846174483004984,44.1,68.0
4201,0.659676515768173,0.8932477912167194,43.9,68.75
4202,0.6781889795653332,0.8403052488436165,44.6,68.5
4203,0.6999389902873946,0.8180312055810559,43.45,67.9
4204,0.6926725159503678,0.8424494285440148,43.95,68.60000000000001
4205,0.6618689964223028,0.8438079026414511,43.25,68.35
4206,0.667347822096936,0.8386185332567927,44.25,69.5
4207,0.6782022043836666,0.8244112273705215,43.8,69.35
4208,0.691785042880721,0.8318757870283036,44.35,67.2
4209,0.6759908852208647,0.8648102080219808,43.35,68.95
4210,0.6634559320954442,0.8593882990381801,43.8,68.55
4211,0.7184437526288344,0.8585575754172509,44.2,69.1
4212,0.6727445508747182,0.8738191448538557,44.0,67.9
4213,0.7507911049098978,0.8232806589425763,44.6,68.65
4214,0.6717943031967734,0.8383969525503199,44.25,67.7
4215,0.6723180828231263,0.8460091014026466,43.8,69.95
4216,0.6441026768824013,0.8667557532454098,43.95,68.2
4217,0.6839493182890869,0.8739877128092535,43.5,68.25
4218,0.6468228044505784,0.8190475313527125,43.15,67.95
4219,0.7099290372522984,0.8613485658482503,43.9,67.9
4220,0.679660925628562,0.8601245575718444,42.95,68.65
4221,0.6957759656908654,0.9002369682172803,43.55,69.75
4222,0.6761702143277782,0.8496322621998681,43.05,68.35
4223,0.7370816310545751,0.8289468969007502,42.8,69.05
4224,0.6335196987291818,0.8391362331037033,43.5,68.35
4225,0.6958555126893449,0.8393285670536139,44.15,68.95
4226,0.7112769041792102,0.8542320319455455,42.9,68.60000000000001
4227,0.7187264541810998,0.8815570594970954,43.5,69.0
4228,0.6851347785830231,0.8781229492763218,43.15,69.3
4229,0.6742810154179132,0.8847160454149305,43.55,68.8
4230,0.6417129108486477,0.8848446718142351,44.45,68.5
4231,0.6608192421713341,0.905422397872921,43.4,69.15
4232,0.6758048062716286,0.8694856372123391,43.6,69.65
4233,0.6920188005069813,0.8813758216235685,43.2,69.25
4234,0.6956627489837177,0.8829554608875178,44.0,68.15
4235,0.7188219222313916,0.8757214103571391,43.95,68.75
4236,0.7316013449231712,0.8425906961913129,43.15,67.4
4237,0.638557138151989,0.8492457997063831,43.55,67.05
4238,0.6718543169297193,0.8637948850747769,43.1,69.39999999999999
4239,0.6860069182526712,0.8778359413183562,42.4,68.75
4240,0.6416474079920286,0.8632672365336751,43.25,68.95
4241,0.711459180165087,0.8800801861399685,44.65,69.05
4242,0.702431748345151,0.8738008100012792,45.15,68.89999999999999
4243,0.6671037781819489,0.8838389698574058,44.2,68.15
4244,0.6711619297534369,0.8808796396617166,43.0,70.0
4245,0.6463415268999682,0.8269723314736789,42.699999999999996,68.2
4246,0.7420806489170642,0.8766760679893218,44.0,69.35
4247,0.7155926704730553,0.8723107917494775,43.85,69.95
4248,0.7127693452092322,0.8742043545286049,44.0,69.55
4249,0.7258093020243318,0.8806013739152247,43.9,69.8
4250,0.6774905258266605,0.8733670817391059,44.2,70.15
4251,0.7041474832770394,0.8398630947027095,44.3,70.6
4252,0.6966741435213858,0.8486895402114288,43.6,70.75
4253,0.6834522270388526,0.873226797792223,43.85,69.95
4254,0.6774313625033547,0.8815855114537762,44.05,69.85
4255,0.6672870001517193,0.8518748207688692,44.2,71.15
4256,0.7400207237901568,0.8664150437356019,44.6,70.19999999999999
4257,0.7087766512181052,0.851242188898252,44.6,70.15
4258,0.721685954038606,0.8712736416056819,43.7,70.35
4259,0.7189599966436233,0.9386439734028017,44.25,70.1
4260,0.6734155320566821,0.8584991224623575,43.85,69.95
4261,0.6685385296254671,0.8518157133391344,44.2,69.8
4262,0.6971941984553086,0.8571994503815922,44.7,70.7
4263,0.6890428864601609,0.8453209751378251,43.9,69.55
4264,0.7047093975100358,0.8568205871709489,44.3,69.45
4265,0.7199457769878603,0.8531755855130139,44.5,69.69999999999999
4266,0.6446285987320067,0.8812854206973225,44.5,70.25
4267,0.7372541849214599,0.9074442094875986,44.45,70.55
4268,0.6894141901348377,0.8522919222064784,44.35,69.65
4269,0.7336043198420018,0.8331672872951004,43.65,69.6
4270,0.6922331834311809,0.8354273154110884,44.4,68.65
4271,0.6127752020208369,0.8615405493168287,43.1,70.25
4272,0.6704298947153725,0.8588879073682543,43.25,70.19999999999999
4273,0.7262853643391731,0.8348733436701722,43.6,69.89999999999999
4274,0.669314004009696,0.8547430870622735,43.7,70.0
4275,0.6690196550885124,0.8564850543332229,43.1,70.25
4276,0.6800337392927134,0.8599008669221796,44.5,68.8
4277,0.6776663952521078,0.9002173357912172,44.15,70.1
4278,0.690436990506945,0.8536715069961376,43.55,69.5
4279,0.6810527137513214,0.8333256281226602,44.6,68.95
4280,0.7105007257480189,0.8709613844497964,44.65,70.05
4281,0.7103362328849951,0.8480513523190323,44.2,69.95
4282,0.6865074438493166,0.8519256887810386,44.3,69.19999999999999
4283,0.6569094765429487,0.833967501893235,44.800000000000004,68.0
4284,0.6851849207341645,0.8672912902721414,43.05,69.45
4285,0.6898335408620888,0.8628802827340105,44.1,69.05
4286,0.6991855035881397,0.8574309861488955,43.95,68.8
4287,0.7368368219418537,0.8728409688737658,45.15,69.25
4288,0.6682168281817532,0.8628761628797086,44.15,69.8
4289,0.7012473575488796,0.8403589441028023,44.1,70.15
4290,0.6924097854174861,0.8550983951387718,44.45,69.5
4291,0.7445929586637942,0.8694468319851296,45.0,69.65
4292,0.6892117671001251,0.887559829836015,44.5,68.8
4293,0.7028502083682047,0.8597151693702301,44.6,68.55
4294,0.6885761500785607,0.8585975986671348,44.95,69.95
4295,0.7050644541740813,0.854915980223905,43.55,69.95
4296,0.6956572513577233,0.8460784324145147,44.3,68.75
4297,0.7095875695689214,0.8621472820306874,43.85,69.8
4298,0.7008082120208732,0.8846957122736032,44.1,69.69999999999999
4299,0.6804953815934457,0.8588393330372889,44.65,67.15
4300,0.7308811654897751,0.8337873134549298,44.0,67.7
4301,0.680493638985041,0.8523134846759047,43.8,68.4
4302,0.6384919462389382,0.8723906710373124,44.05,68.75
4303,0.7052222891091037,0.8304305352688811,44.75,68.25
4304,0.7020794632354211,0.8880118730644917,44.65,70.05
4305,0.6799767551147333,0.8923039736653859,44.4,69.95
4306,0.6756935984436825,0.828898371774764,44.45,68.7
4307,0.7104783215045095,0.8544152228215366,44.15,68.95
4308,0.7057762048511164,0.877264402078103,44.75,69.75
4309,0.7104688749187307,0.8151981757225228,44.0,69.15
4310,0.6823628177064607,0.8265315687713459,44.7,68.0
4311,0.6786543709849393,0.8975093531000059,44.2,70.55
4312,0.6848173271586023,0.8411413418133651,43.8,69.05
4313,0.7089640432302058,0.8645866729591607,44.65,69.3
4314,0.677124659098168,0.8373759597760142,43.85,68.85
4315,0.6910156046960934,0.8547585810695463,44.75,70.89999999999999
4316,0.7066663191788899,0.8708962398721269,43.7,69.95
4317,0.7006889007033277,0.8665908275730876,44.2,70.3
4318,0.7070149791310766,0.8629853877154079,44.6,69.35
4319,0.6689937447996861,0.9019421890401392,44.5,69.89999999999999
4320,0.683964652861089,0.9070638190159889,43.9,70.85000000000001
4321,0.7231141768740119,0.9078786593112157,44.1,71.15
4322,0.6801256368976024,0.8486705796515946,44.15,69.95
4323,0.7476709114716686,0.8788242337819878,45.050000000000004,69.75
4324,0.7062741761871183,0.8538261533690736,44.65,70.0
4325,0.7001757229411153,0.8475545187890551,44.75,69.85
4326,0.679698069174095,0.8644709450758296,44.95,70.15
4327,0.6883547462162204,0.8582307576905921,44.0,70.15
4328,0.7220453734942169,0.8894392480453921,44.0,70.65
4329,0.7129765314046874,0.9000800184321223,45.85,71.0
4330,0.707756481652364,0.8820942988146041,43.45,70.75
4331,0.6745399549332499,0.8553896415145686,44.55,69.39999999999999
4332,0.6870323369687048,0.8335667318018548,43.7,69.55
4333,0.7171818789573827,0.8950472401948837,44.0,70.8
4334,0.7072052933378286,0.8719673434848223,44.1,70.3
4335,0.7378241152053209,0.8534868232707762,45.1,69.25
4336,0.7083327973966151,0.8671215326400452,44.25,69.0
4337,0.7065830197498048,0.8995554781387757,43.75,70.1
4338,0.7333055686515861,0.8816803286387012,44.25,69.6
4339,0.7352778295911073,0.8495148073528476,44.800000000000004,69.8
4340,0.7637308709314079,0.8703393431988009,44.75,69.15
4341,0.6944896110297732,0.8880948312786431,44.5,70.45
4342,0.7472382382590351,0.8931914851618388,44.7,71.39999999999999
4343,0.6914921531203218,0.860889474070091,44.85,69.15
4344,0.7461448598175328,0.8612003228050755,44.55,68.7
4345,0.7050493466958001,0.865626628058198,45.800000000000004,69.25
4346,0.6994659538124696,0.907551316866536,44.75,69.69999999999999
4347,0.6932792997493415,0.8725505254835662,45.65,69.95
4348,0.6980671971923298,0.9310098433297391,44.65,70.25
4349,0.7056419001721616,0.8497299205051811,44.800000000000004,68.75
4350,0.75010771036316,0.9034141394334807,45.7,69.05
4351,0.7213381845675919,0.9130292862753693,45.0,69.05
4352,0.6889663498456179,0.8642008208037648,44.800000000000004,69.6
4353,0.6752621637539604,0.8709331114919743,45.300000000000004,68.89999999999999
4354,0.6905500713173472,0.8643319623921596,44.75,68.5
4355,0.7161543231885283,0.8512103224453221,45.95,69.5
4356,0.7330733788678442,0.8545744477983466,45.6,70.35
4357,0.7146187356820283,0.8877299298565116,45.75,69.75
4358,0.7048604490533961,0.8882021480260701,45.35,70.05
4359,0.7099921528573446,0.8963342927496014,44.800000000000004,69.39999999999999
4360,0.6924952943165584,0.8758585097859141,45.300000000000004,69.69999999999999
4361,0.6851030523212069,0.8943014543772402,45.65,68.65
4362,0.7429948225739229,0.9103831716541692,44.95,69.05
4363,0.6820863305913156,0.8904686333592724,44.75,69.55
4364,0.6913154638152048,0.820940626209891,44.9,68.10000000000001
4365,0.6959373856158233,0.9030140813576489,44.25,69.65
4366,0.6682090562826313,0.8698348711306376,43.65,69.25
4367,0.710176609715201,0.8935188393420137,44.800000000000004,70.5
4368,0.6820563637527385,0.924336800820334,43.05,69.89999999999999
4369,0.7250339405581947,0.8788123173204129,44.05,69.75
4370,0.7085579434170439,0.8633624739185526,44.35,69.05
4371,0.7022556808202326,0.8892821961875524,44.95,70.1
4372,0.7095220879286382,0.8708028819147137,44.95,69.39999999999999
4373,0.6956244610859481,0.8105742837385148,44.9,69.45
4374,0.7294940895213368,0.8501088361655791,44.95,68.89999999999999
4375,0.6759670327117062,0.8238537973763177,43.7,68.75
4376,0.6866265750380999,0.8325286025651293,43.2,69.85
4377,0.7328495613879458,0.8459958039384728,44.55,69.89999999999999
4378,0.6738908080412364,0.8895651661464558,44.7,68.35
4379,0.7231076177480433,0.841522880749838,44.9,69.45
4380,0.6511241359973242,0.8614237875860421,44.55,70.39999999999999
4381,0.7002453482231569,0.8315265113895166,45.25,69.75
4382,0.7613425966868179,0.8785978760558609,43.75,69.45
4383,0.6801115775050067,0.8318115852074766,45.75,68.35
4384,0.7093001871742599,0.904698341383991,44.7,69.69999999999999
4385,0.7264966848252643,0.8848821471839565,45.050000000000004,69.75
4386,0.6862695490290903,0.9132814679847282,44.75,70.65
4387,0.722980156123863,0.8737992186090726,44.9,69.6
4388,0.7137417233283345,0.8890761006463219,45.0,69.85
4389,0.7091049422789656,0.8604513846619362,44.05,69.55
4390,0.678907125849805,0.8532824029347902,44.0,71.15
4391,0.7245659803262299,0.8795609636258466,44.35,69.85
4392,0.6878789840719158,0.8589108428403912,45.4,69.89999999999999
4393,0.7230260952038197,0.8802370232280663,44.45,70.25
4394,0.7249298823278832,0.8897633043417918,44.05,70.1
4395,0.7876928180928616,0.8560984453796819,44.95,69.39999999999999
4396,0.6881942037345592,0.8250660043195458,44.55,70.55
4397,0.7160580025431841,0.8481949932005889,44.05,71.7
4398,0.7228867594217705,0.8964957638207922,44.85,70.55
4399,0.7279784863310776,0.910631721322251,45.0,70.8
4400,0.6935043680490066,0.8555114033254122,44.65,70.1
4401,0.6991023480449641,0.8604763839366016,45.0,70.75
4402,0.6725316215811751,0.857407132656205,45.15,70.45
4403,0.6879412977060667,0.8783367172509638,43.75,70.35
4404,0.6847773720536474,0.8500007754328829,44.55,69.8
4405,0.6973286757983799,0.880588372964333,44.65,69.1
4406,0.7106801293966896,0.9014938338629104,44.45,70.89999999999999
4407,0.6979905459182041,0.8652964590817591,44.1,69.8
4408,0.7153144042336287,0.881016753620028,43.5,69.85
4409,0.670057532697331,0.9018283874158934,43.45,70.39999999999999
4410,0.7370118336970992,0.9117321117805863,44.55,69.39999999999999
4411,0.7119971556501553,0.8622057545328905,43.9,70.1
4412,0.7499942485430429,0.8656099972382786,44.3,69.19999999999999
4413,0.7171419619524071,0.9123593314811576,44.800000000000004,69.69999999999999
4414,0.709833973149912,0.8787113156022988,44.05,69.19999999999999
4415,0.6828773991453864,0.8704012247791522,43.7,70.85000000000001
4416,0.6911053660045188,0.8934292699260702,44.45,70.05
4417,0.7010579412360303,0.8634980108514914,44.25,68.85
4418,0.6791152243697437,0.8454973742506665,44.15,70.19999999999999
4419,0.6978731273700964,0.8824788299507752,43.75,69.15
4420,0.693677576945326,0.8900375001351407,43.7,68.65
4421,0.7615254461680742,0.8486944173187427,44.55,70.65
4422,0.7124557101842366,0.8882256475921652,43.65,69.55
4423,0.6782038698783744,0.8574345064057655,44.3,70.19999999999999
4424,0.7375984430630256,0.8951113412306906,44.2,70.5
4425,0.6913418352730688,0.8934183002990734,44.05,70.39999999999999
4426,0.7079201106978321,0.8948162136130723,44.5,69.89999999999999
4427,0.67788227813384,0.8898990240600163,44.25,69.3
4428,0.7214852464398491,0.8885352826301297,44.3,69.1
4429,0.69786796492807,0.8545587172062841,43.85,69.69999999999999
4430,0.6974170196733996,0.86739457249553,44.55,69.95
4431,0.7108667895467915,0.8888212150823133,44.25,69.8
4432,0.7489678060354861,0.8872962019418758,44.4,70.05
4433,0.6965019438405664,0.8210859841051759,44.2,69.35
4434,0.6918877922923493,0.8801582373632588,44.2,69.95
4435,0.7335978799805704,0.9013495492171166,44.800000000000004,71.15
4436,0.7056882530422108,0.8974332190249086,43.6,71.25
4437,0.678568164549043,0.8710630015932895,44.85,69.6
4438,0.7336678417884236,0.8604854137196718,44.4,70.55
4439,0.6810568782054434,0.8795486777677063,43.9,69.69999999999999
4440,0.6913472984996138,0.82834407788306,44.3,70.05
4441,0.6868824223506271,0.8444979071440513,44.3,68.7
4442,0.6941468953029907,0.8630266119283119,43.05,70.5
4443,0.6889446499460165,0.9296959476382111,44.15,70.3
4444,0.701053512528408,0.9055658005754933,44.3,71.0
4445,0.730795075974286,0.8409481286389996,44.85,69.65
4446,0.7206263422668651,0.8623738177623264,44.3,70.65
4447,0.690605980525282,0.9010567114812205,44.35,71.39999999999999
4448,0.665112233761317,0.8795029534042853,43.5,70.19999999999999
4449,0.7019804569109599,0.8352663056466242,43.95,70.19999999999999
4450,0.7311098168710147,0.9008193774541743,43.8,71.6
4451,0.6825695118665769,0.8676721915297266,44.1,70.25
4452,0.7395178492764233,0.886382773340435,44.55,71.65
4453,0.6933377283206081,0.8620927002229762,44.25,71.05
4454,0.7240332215517497,0.8734285550323125,44.85,70.8
4455,0.6916696936367513,0.8827647620189425,44.7,70.75
4456,0.7122480963583071,0.8611304021463643,43.5,70.55
4457,0.7308072719513581,0.8454382537091285,44.55,71.0
4458,0.7189708541412823,0.8831789336835608,45.4,70.5
4459,0.7187316133696667,0.9130743087116248,44.25,71.3
4460,0.6960930225115725,0.87840297462527,43.65,70.1
4461,0.7251520922736991,0.8299670739236555,43.85,71.1
4462,0.7085017299570402,0.8805543390072963,44.3,71.05
4463,0.6982181073799768,0.8588062661881068,43.45,70.39999999999999
4464,0.6731441347808741,0.8390336203632431,43.3,70.25
4465,0.7469633556753351,0.8796949749354955,43.85,71.05
4466,0.7031942886491442,0.8594375027323634,44.55,70.55
4467,0.6443526100837278,0.9128763985436149,44.1,70.0
4468,0.6808877421023217,0.875465264107622,43.9,69.65
4469,0.7034867813935899,0.8894503650835796,43.6,69.35
4470,0.6822074058114742,0.8998668179693236,43.9,69.45
4471,0.6964722911487793,0.8936044822550202,44.25,69.95
4472,0.727765048461179,0.921482158743095,43.95,68.89999999999999
4473,0.7074205760793529,0.8695187205377877,43.5,69.25
4474,0.6870582823383626,0.926454601392695,44.35,70.0
4475,0.7042624892031374,0.9020746845792161,44.55,69.39999999999999
4476,0.7281861077610804,0.8920030951143739,44.7,70.19999999999999
4477,0.684930329917039,0.8791627338278056,44.1,69.45
4478,0.7310179348656477,0.9209667187882572,44.15,69.05
4479,0.71754660438555,0.8431022476361214,44.2,69.45
4480,0.7633665547569108,0.9035309625656808,44.4,70.89999999999999
4481,0.7241582955256888,0.9058733481165256,44.7,69.35
4482,0.7170641355857429,0.8749625433751078,44.4,69.3
4483,0.7372154505111289,0.8806139687782145,43.3,68.60000000000001
4484,0.7170564172619215,0.8771428597570304,44.5,68.75
4485,0.7289382994803393,0.8849759812270037,44.05,69.75
4486,0.7241603261178043,0.931851988666491,43.9,70.5
4487,0.6722282022728359,0.9056823383580693,43.4,69.0
4488,0.6966750448082483,0.8708315154195486,44.1,69.6
4489,0.7429089818683354,0.9095581082402471,43.75,69.35
4490,0.726318535706567,0.9203388971724775,44.05,70.3
4491,0.7237758984219408,0.8510774132784864,43.4,69.19999999999999
4492,0.7005190732169713,0.8547462653421584,43.4,69.05
4493,0.6779897327251081,0.8906669700285551,43.25,69.1
4494,0.692777229203773,0.864744401142684,43.15,69.55
4495,0.7341199301248672,0.890465086478591,43.1,70.45
4496,0.7090556666353468,0.9135880651866114,43.95,69.55
4497,0.7220996893661189,0.8923197186217097,43.8,69.15
4498,0.7161041800159462,0.8788522441121384,43.9,70.6
4499,0.7129740476591387,0.8688916416764322,43.5,69.95
4500,0.7256596424529849,0.8984180490820788,43.65,69.8
4501,0.6530076232276256,0.8862556026620968,42.5,71.15
4502,0.7086955370424728,0.8982341020923587,43.4,70.55
4503,0.7485210311893454,0.9214819540255879,43.35,70.5
4504,0.694687336691785,0.912056151475261,43.75,70.95
4505,0.7181997248217045,0.8956034412908657,43.75,70.95
4506,0.6985414485040559,0.8468131136744239,43.3,70.15
4507,0.7204784269617148,0.8991623437537537,44.2,70.35
4508,0.6688492282966816,0.8892511214327421,43.3,69.3
4509,0.7528224140034873,0.8795462624857924,43.6,70.75
4510,0.7223505015749968,0.8757361871949411,43.35,68.95
4511,0.7330412627500252,0.891686083366504,43.35,69.69999999999999
4512,0.6997719740363805,0.8997239562530989,42.75,71.0
4513,0.7150849770831224,0.9256679013624591,43.9,70.75
4514,0.669404426741921,0.923034387802537,43.45,70.35
4515,0.7008433636511291,0.9258665114527279,43.95,69.8
4516,0.7236911901354685,0.8701633191272318,44.15,70.6
4517,0.7154553628857624,0.897244561765601,43.65,70.55
4518,0.6866800502011396,0.8966829375591637,42.699999999999996,69.6
4519,0.7061636230671128,0.9073956125442604,43.85,69.35
4520,0.7216123187342012,0.8845665394835993,43.85,69.69999999999999
4521,0.7058768355448422,0.9193368380626146,44.0,70.0
4522,0.715624059528111,0.8785950639530568,43.1,69.05
4523,0.717045483955618,0.8674460351569783,43.15,69.39999999999999
4524,0.7243134988533393,0.8268710176264331,44.2,68.65
4525,0.744437086314818,0.8706177972310306,44.1,69.19999999999999
4526,0.6988019471054029,0.8949092172933528,42.85,69.25
4527,0.7130855707661358,0.8890491061181184,43.0,68.75
4528,0.7088932664143771,0.8887657437587696,43.65,70.05
4529,0.7242474067901848,0.8987621540236637,43.6,69.8
4530,0.6989060649198644,0.9247423438816973,43.1,70.55
4531,0.7340395289717412,0.8933191059935432,43.95,69.15
4532,0.6991702923696415,0.89558875981958,42.5,70.05
4533,0.7057238094440107,0.8906185681286667,43.95,69.89999999999999
4534,0.6855764415011092,0.8700201367162296,42.25,69.8
4535,0.7301268393106891,0.8852097377243573,43.8,69.25
4536,0.7202472415461183,0.8942387386392698,43.65,70.89999999999999
4537,0.7174214610024515,0.9488033354714956,44.05,69.85
4538,0.6867415352969749,0.9037878993210625,43.85,69.39999999999999
4539,0.7245855833150106,0.8755294702948861,43.65,69.15
4540,0.6940585405510462,0.8668210624306902,43.05,68.45
4541,0.7017136168927052,0.8600134592451412,42.05,68.75
4542,0.7181548835018693,0.8912374130770868,44.25,68.4
4543,0.7079244464684168,0.8806454397358656,43.15,69.05
4544,0.6963065173004739,0.8913386990396365,43.4,69.55
4545,0.6920077623024926,0.9086898483474217,42.85,68.95
4546,0.6958004095557997,0.8745757468418561,42.6,68.5
4547,0.6925442331914655,0.8593668236340684,43.05,69.55
4548,0.7048146391048088,0.9201351574804125,43.25,69.3
4549,0.7259918397080273,0.8932253063299674,42.8,69.39999999999999
4550,0.7430947995747851,0.8680193181374455,43.0,67.35
4551,0.6909541183309337,0.8798722002066193,42.55,69.19999999999999
4552,0.7133529253532926,0.8810723228721915,42.55,69.35
4553,0.7832034154930354,0.8726310696477213,42.55,68.0
4554,0.7177149348188833,0.909731279158939,42.6,68.15
4555,0.6958104328333583,0.8494418124492299,43.3,68.05
4556,0.7449256438312397,0.9050804870040281,43.9,68.4
4557,0.7273723530981355,0.8922671141639364,44.0,69.0
4558,0.724328955001712,0.9104266652616522,42.9,68.2
4559,0.690881660566316,0.8884965499158286,43.2,67.7
4560,0.7250427515556851,0.8754149914244242,43.2,68.4
4561,0.7295578964743782,0.8996327376981021,43.45,67.85
4562,0.6983543252432171,0.892851082220752,43.2,68.8
4563,0.718858563989263,0.8669323852987844,43.75,68.30000000000001
4564,0.7030657637913047,0.91241866509662,43.2,69.89999999999999
4565,0.7146870089510432,0.9352482934215868,43.85,68.65
4566,0.7369487977132105,0.9212247022826232,44.25,68.55
4567,0.7484937955449354,0.886667998236152,43.8,68.2
4568,0.7685221958958802,0.8838273459469514,43.1,69.05
4569,0.7064222963354233,0.850602268500581,43.7,68.45
4570,0.733732543148744,0.8882270847891711,44.4,69.25
4571,0.752649482081615,0.9055908388739559,43.65,68.2
4572,0.711018826661855,0.8865968742369208,43.95,69.5
4573,0.7059433435207587,0.9342108366573497,43.7,68.85
4574,0.7010455283995156,0.9056684521179854,43.8,69.75
4575,0.6855835746856194,0.8971300116976584,43.4,69.0
4576,0.7157871248574287,0.9174541986809172,43.1,69.25
4577,0.7343143575103548,0.9236953579631829,43.9,69.15
4578,0.7637336459585331,0.8946789847252201,43.15,67.85
4579,0.7499362774137155,0.904290008224613,44.2,69.69999999999999
4580,0.6992839028642865,0.8967440558222028,43.55,68.8
4581,0.7376133352078883,0.8831307732230952,44.0,67.95
4582,0.7441125429451678,0.8765289645907657,43.65,68.05
4583,0.7576862133770089,0.8782305331523842,43.9,68.25
4584,0.7048831357141689,0.892302574894529,43.05,68.8
4585,0.7491829883581749,0.9077816096858297,43.8,69.05
4586,0.7033002076404461,0.9215465304846175,44.05,69.39999999999999
4587,0.7296107657781689,0.8967903269834337,43.9,69.25
4588,0.7083404579416577,0.910752625325765,44.85,69.25
4589,0.6629199677977292,0.8657973279977507,43.9,68.85
4590,0.7384310033498646,0.9273935286511601,43.8,68.5
4591,0.6919243817818183,0.9216326996658933,43.65,69.19999999999999
4592,0.6841099171500716,0.9374151005768981,44.55,70.6
4593,0.6743518479911287,0.8607560013626255,43.45,69.69999999999999
4594,0.7028542599278356,0.8801642393559517,44.5,68.30000000000001
4595,0.7406018381412435,0.8681223617195708,45.4,68.35
4596,0.7444532235275256,0.9153895373000465,44.95,69.45
4597,0.7339094460656911,0.9006655193058111,44.75,68.5
4598,0.7543846139998165,0.8899656900958205,44.800000000000004,68.60000000000001
4599,0.7369063177236574,0.877974204074262,44.1,69.0
4600,0.7606110171807549,0.9324463083467426,44.95,68.10000000000001
4601,0.7123320100774342,0.9008418306157339,44.800000000000004,69.69999999999999
4602,0.7414247762611974,0.8491532947771494,44.2,68.75
4603,0.7150902718941268,0.8799780897019364,44.65,69.0
4604,0.7425162576809852,0.9005430434304431,44.55,69.35
4605,0.7660087399081172,0.8717311569495821,43.85,69.55
4606,0.7155996430493448,0.8983400999441948,44.1,69.0
4607,0.7042971619316432,0.8404304775500657,43.8,67.85
4608,0.6935033345188037,0.9277707807201689,44.75,69.1
4609,0.7397973528272977,0.9330423866901677,44.0,69.1
4610,0.68761224809028,0.8789467732811755,43.75,68.85
4611,0.7430241325261523,0.8855760521409121,44.0,68.35
4612,0.6682021248331058,0.9069070733465624,43.05,70.1
4613,0.7338135712004842,0.9229589260055375,43.85,70.1
4614,0.7292827217265703,0.8776713694863315,43.95,70.25
4615,0.7651177037761385,0.9063524363436282,44.3,70.3
4616,0.7028714774286116,0.8757639033307675,43.2,70.1
4617,0.694163758284119,0.950815166187466,43.65,68.8
4618,0.7022966243719967,0.9538046887654608,43.45,69.75
4619,0.7406491067930581,0.8964646085207335,43.05,69.69999999999999
4620,0.7693328391847073,0.8931247131885582,44.15,69.95
4621,0.693778554658495,0.8701496089930372,44.6,69.85
4622,0.7032620281814587,0.8974082450308961,44.6,69.75
4623,0.7042492074428901,0.8667635274670121,43.7,69.95
4624,0.7125975514298186,0.9004000312741314,42.9,69.85
4625,0.6915293189528946,0.8873274425852685,43.45,69.3
4626,0.7594052955263738,0.8838691480051414,42.95,70.1
4627,0.7007130950445087,0.8824398029694778,43.7,69.05
4628,0.7337701463731796,0.8625714522746334,43.85,69.0
4629,0.7500251665069834,0.9288162664556839,43.55,69.8
4630,0.687658989203386,0.9040161298004566,43.7,69.75
4631,0.7323121264997424,0.8716866871011223,44.0,68.4
4632,0.7319973708084697,0.9307340604612842,43.7,68.89999999999999
4633,0.717673095965358,0.8787898813483648,43.65,68.65
4634,0.7121633257466687,0.8910548514161485,43.1,68.89999999999999
4635,0.6944123885835767,0.9145130937175756,44.25,69.65
4636,0.6947570728253344,0.8859700265749404,44.1,70.6
4637,0.7205580944548893,0.9162258066664738,43.75,69.89999999999999
4638,0.7295845994302084,0.8775787793193884,43.95,69.5
4639,0.6924962715265924,0.9001108933470693,43.75,69.1
4640,0.6995094388791188,0.8657381071093623,43.55,69.0
4641,0.6975591858900664,0.9087205256640097,44.15,69.55
4642,0.754197646821596,0.8887462363502568,44.35,68.05
4643,0.726486619825972,0.8690111501164979,43.9,69.35
4644,0.7023568799196852,0.8985091449926003,44.3,69.55
4645,0.7151691495232017,0.8982342116163504,43.75,70.1
4646,0.7071230682404908,0.8995244894566917,44.2,69.69999999999999
4647,0.6846075502092736,0.9029229651449369,44.4,69.8
4648,0.709166491874306,0.9411306222748141,43.65,69.3
4649,0.7108216240805334,0.8952880101283819,44.2,68.75
4650,0.7696931421184153,0.9047252857272655,43.8,70.0
4651,0.7254456840554444,0.8912560391713098,44.4,69.6
4652,0.7029249756900133,0.8773979407008603,43.85,69.95
4653,0.7237011708965294,0.8876195754267967,44.45,69.0
4654,0.7192525190517317,0.8695674796852668,43.3,68.35
4655,0.7395398938113549,0.8910665951165283,44.25,69.3
4656,0.6963335613141561,0.9213619887650013,44.65,70.15
4657,0.7421817259077145,0.8944281348579857,44.3,68.85
4658,0.7075172080093042,0.9041419275571412,44.3,68.95
4659,0.7075624834758549,0.9490076898732884,44.25,69.39999999999999
4660,0.7062875421186475,0.9135667021155975,44.05,68.65
4661,0.7667293679987147,0.8894095477439548,45.4,68.65
4662,0.7085491982844702,0.9043691133530695,44.3,70.45
4663,0.7163262291766622,0.9243475649976243,44.3,70.6
4664,0.7089897502775698,0.8957727768808488,44.6,71.1
4665,0.7546247413803618,0.8620260447224127,44.15,71.1
4666,0.7157383663595781,0.9012614809645595,44.1,70.65
4667,0.7495340492672639,0.903437275863544,44.4,69.39999999999999
4668,0.7228941271163942,0.9105709089436509,45.0,70.1
4669,0.7263332911185121,0.8935821423998238,43.5,69.8
4670,0.674533439016709,0.8999107078665977,44.35,68.35
4671,0.7324671776249716,0.9095104970713701,44.5,69.45
4672,0.7234681825252026,0.9308986250814806,44.1,70.5
4673,0.7041026814793856,0.9537266145684234,44.75,69.55
4674,0.760792084664992,0.9357428242425204,45.65,69.85
4675,0.7150797818700614,0.8806928812794349,43.7,69.6
4676,0.6829178168913193,0.905781932574568,44.1,70.1
4677,0.7236182338362055,0.8536456579080227,44.95,69.25
4678,0.7231260543690953,0.9203765947314688,43.2,72.0
4679,0.7891572307393023,0.9208424950023787,44.6,70.6
4680,0.7638696656436496,0.9106519886047814,44.5,70.6
4681,0.7439093227127566,0.9368460953877576,44.55,71.05
4682,0.7567901071898747,0.9086788862822571,44.3,70.0
4683,0.7372416646530874,0.901714539953683,44.5,70.39999999999999
4684,0.7588479742172713,0.8713418914311618,44.9,70.05
4685,0.7316592259472025,0.9120618170326013,45.550000000000004,70.5
4686,0.7219866044539592,0.9132457174835562,44.4,70.89999999999999
4687,0.7198247049679085,0.8941435133274501,44.85,70.1
4688,0.7012796122114568,0.9105616615165679,45.85,71.35000000000001
4689,0.7384526068820927,0.9166731215478949,45.0,69.95
4690,0.7349064804129767,0.8970488647588255,44.15,70.65
4691,0.6985567123351923,0.8989843327844875,44.2,70.75
4692,0.7283487744934171,0.9063707252270158,44.15,70.75
4693,0.7468714630933755,0.9722953467083569,44.3,71.0
4694,0.774633745949281,0.9020076646392656,45.15,70.7
4695,0.7593241953426662,0.9354217997617816,44.15,71.05
4696,0.7023122738120373,0.8930838965214373,43.8,71.0
4697,0.7180027715681461,0.8793817754486463,44.45,70.1
4698,0.7129209049992355,0.8856794838987475,44.65,70.65
4699,0.7653624163566333,0.9131620579994653,43.7,70.1
4700,0.7165369636856015,0.9163792918736049,44.6,70.85000000000001
4701,0.7206419772219033,0.9148104718172863,43.9,71.45
4702,0.7093107745485139,0.955559509452019,44.9,70.95
4703,0.71027716357068,0.9273700312757042,44.1,70.95
4704,0.7293705218226323,0.9447068807977378,44.15,71.45
4705,0.7285651694715707,0.8640060772802498,43.9,71.2
4706,0.7556026395956229,0.9037643972093491,44.75,69.8
4707,0.7052777518008579,0.9179377086748414,44.05,71.39999999999999
4708,0.7228814015003072,0.9087314625040356,44.65,71.45
4709,0.7866047700663691,0.8778713975719177,45.2,71.35000000000001
4710,0.7250831195538571,0.9110131751072847,43.5,70.6
4711,0.7192630808941394,0.9151106324182783,44.3,71.6
4712,0.7280824229215566,0.8859849546344489,44.2,71.89999999999999
4713,0.7337910018489631,0.9373159244111677,43.95,71.35000000000001
4714,0.7388444485660227,0.9239525974505901,44.4,71.5
4715,0.7326750643361882,0.9351838626827191,43.25,70.89999999999999
4716,0.7138664301808361,0.9260943304808597,43.9,70.6
4717,0.7153271249302668,0.9687981021614851,43.65,70.7
4718,0.7512229364150782,0.9071054270516529,43.2,70.89999999999999
4719,0.734341254823026,0.8415246642598107,44.15,70.39999999999999
4720,0.7898218342528153,0.9378273143821131,44.55,71.05
4721,0.7691442731698942,0.8939474922979834,44.15,69.69999999999999
4722,0.7369066147622345,0.8988951847050407,44.3,70.25
4723,0.7241904467400789,0.928336861923806,44.55,71.05
4724,0.6812046322978136,0.8938269908689349,43.55,70.5
4725,0.7245710212097315,0.9299744354416045,43.55,70.25
4726,0.7494359043798471,0.9012166311142205,43.0,69.75
4727,0.7196106164272207,0.9203724791016089,43.95,70.89999999999999
4728,0.7334386398881402,0.8981991175093956,43.9,72.1
4729,0.7080936976446958,0.8890081537076802,44.25,71.0
4730,0.7421808900667514,0.9029771479609062,43.75,70.7
4731,0.732595197396929,0.8789805190978893,43.4,71.15
4732,0.7025635662880545,0.9368743261270592,43.35,71.55
4733,0.7336691858278556,0.9209311357017209,43.55,72.65
4734,0.7659853698040262,0.9341492636307605,43.9,70.75
4735,0.7357666447484037,0.9253470592368086,43.2,70.19999999999999
4736,0.6988349010441153,0.8778942779688675,43.45,71.0
4737,0.7065356791905751,0.9477069370988738,43.75,70.8
4738,0.7227162429842147,0.9293400065344214,43.05,70.7
4739,0.7850456571979745,0.97626957735164,43.75,71.25
4740,0.7346756495970597,0.9386291092361876,43.05,71.15
4741,0.7320955108531405,0.8772818922412389,43.2,70.55
4742,0.7215951618213392,0.9447513650964274,44.6,71.15
4743,0.7615291936222459,0.8815882718618139,43.25,70.35
4744,0.7280309257830864,0.9286539274439664,43.5,71.1
4745,0.7610904401936758,0.9209783925659831,44.1,70.35
4746,0.7618216463906411,0.9232609966934611,44.1,69.69999999999999
4747,0.7629345115107264,0.9008990058818752,44.3,70.55
4748,0.7414460995855987,0.8985886961217343,43.9,70.39999999999999
4749,0.7355009193772309,0.8734380682340047,43.6,68.8
4750,0.7444421177537409,0.895907936587035,43.0,70.25
4751,0.7252028746559538,0.9174242609924652,43.15,70.65
4752,0.708343252801129,0.8881352485417161,43.55,71.85000000000001
4753,0.7492190948900807,0.9011658330421879,43.6,70.19999999999999
4754,0.7013632273021752,0.8811174975383707,43.15,70.39999999999999
4755,0.7366125110240073,0.9548437871587807,43.65,71.39999999999999
4756,0.7406027901480055,0.8672678500234176,43.6,70.19999999999999
4757,0.7531585991847548,0.8669002714659713,43.95,69.85
4758,0.7348711731725723,0.9099630046381421,44.0,70.35
4759,0.7233731177841431,0.8996897572414649,44.5,69.39999999999999
4760,0.7629894959791834,0.8823700310165287,43.7,70.45
4761,0.6997269896422872,0.8874686221285378,43.55,68.65
4762,0.7208527010280108,0.8623919561590825,43.75,70.35
4763,0.7069347535265333,0.8938324650349002,44.35,71.0
4764,0.7812748623587545,0.9146787187224968,44.5,70.35
4765,0.7131497846585116,0.9156378929941027,42.75,70.6
4766,0.718769828121139,0.9086304477482233,44.05,70.85000000000001
4767,0.747814239432689,0.8775793048458213,44.3,70.19999999999999
4768,0.7771777091961174,0.9362426028697094,44.6,70.45
4769,0.7516754296967385,0.9298414456701208,43.35,70.25
4770,0.7662813652783572,0.9041850936620894,43.55,69.8
4771,0.7184382368096746,0.9154252246894387,43.7,69.85
4772,0.7584234038130157,0.892112298428043,44.65,70.85000000000001
4773,0.7536549932249157,0.8929166738503815,44.1,70.95
4774,0.7692607009876138,0.8883375251387408,43.55,70.19999999999999
4775,0.779599151565905,0.9694578402087968,43.05,70.7
4776,0.724351055247572,0.9124482899966847,43.0,69.85
4777,0.7288234200347588,0.9374612011746667,43.85,71.55
4778,0.777752306689206,0.9389771723447174,44.25,70.8
4779,0.7595865073471292,0.9327961726588394,44.2,69.6
4780,0.7168960214837379,0.9016785596991481,44.0,69.95
4781,0.7572141238543253,0.8812681853939842,43.3,70.55
4782,0.7478980555678122,0.9269879913411241,43.75,71.1
4783,0.730505004717975,0.9365321115435282,43.3,70.95
4784,0.7690312359979845,0.912239396014334,43.65,70.7
4785,0.7170140968864177,0.9320726022414328,42.85,71.1
4786,0.7391134250445329,0.9195871211017096,43.45,71.1
4787,0.7157072441509948,0.9345348531804551,43.3,70.65
4788,0.7120197726947417,0.9457547652406395,43.45,71.15
4789,0.7031914313884964,0.9520603002885737,44.0,71.3
4790,0.7066218441707206,0.9082181581959488,44.25,70.45
4791,0.7421766245782953,0.8957835667919855,44.6,71.85000000000001
4792,0.7973191055540753,0.9330001833807969,44.4,69.65
4793,0.7242562610620114,0.8789986412961245,43.6,70.15
4794,0.7369655131977372,0.8787870446303286,45.15,69.75
4795,0.7450177492837673,0.8968564591139213,43.8,70.0
4796,0.7232835911241686,0.890449098958547,43.4,68.85
4797,0.7312588451132381,0.8405994322632805,44.15,69.1
4798,0.7237838304833936,0.9271444923243646,43.7,69.55
4799,0.7176077969682904,0.8906063052114546,44.75,69.89999999999999
4800,0.7251442158530947,0.8839461369086057,44.4,69.65
4801,0.7237988632513088,0.9187269018949586,43.8,70.75
4802,0.7423051812023082,0.9207742535716229,44.4,70.25
4803,0.706340617083665,0.9519354588823521,43.65,69.89999999999999
4804,0.7683155695635665,0.9337943739755287,43.35,70.25
4805,0.7748755925007798,0.9467203399787605,43.55,71.15
4806,0.7454186804731112,0.9124589539382425,42.95,71.15
4807,0.7548348450620349,0.9345294641719879,44.55,70.7
4808,0.7322095193468549,0.9134385536321759,43.25,70.6
4809,0.7491779567409049,0.9144592544452439,43.75,70.85000000000001
4810,0.7303181113499293,0.9073124840897159,43.05,70.3
4811,0.7585909536489001,0.9119119449750965,43.9,69.69999999999999
4812,0.7799205840778959,0.9302097785392307,44.65,68.75
4813,0.7477519454263861,0.9117674355482505,44.3,70.35
4814,0.75193751042404,0.9568899575970677,43.65,70.65
4815,0.734299274353054,0.9257022911965603,43.7,72.25
4816,0.8079552024306116,0.9155406650458101,44.1,71.6
4817,0.707974254705141,0.9424938333742713,43.8,70.55
4818,0.7629259081292558,0.9413987776456186,43.1,70.7
4819,0.7384623293308047,0.9331690416709971,43.1,69.89999999999999
4820,0.7145973592826295,0.9298096897623269,43.85,70.05
4821,0.7068455435624046,0.9005101831462363,42.85,69.3
4822,0.744549183079617,0.8957877490230489,43.15,69.55
4823,0.7905891245377192,0.8850457841385614,44.0,70.65
4824,0.7287875779768226,0.9188150287258416,43.6,69.1
4825,0.7340661364905727,0.9345893593585445,43.15,70.1
4826,0.7466645473850432,0.9376961443972888,44.3,70.7
4827,0.7378857083688495,0.9817784211588737,43.05,70.15
4828,0.7284150096233557,0.9255097018357018,43.55,69.69999999999999
4829,0.7219910111888089,0.9252016617257602,43.4,70.25
4830,0.723923696572678,0.9353690768623517,43.0,70.15
4831,0.740584358657213,0.9124570525998051,43.45,69.3
4832,0.7148103379811804,0.9453503817322966,43.3,70.0
4833,0.7847575599178718,0.9210904962382079,44.3,69.75
4834,0.7086417458808568,0.9189403664925497,42.65,69.65
4835,0.7358403978812562,0.9327407872660956,42.75,70.0
4836,0.7654419804800523,0.9315879154438701,43.85,69.89999999999999
4837,0.7606271219160143,0.9308516301410052,43.1,70.55
4838,0.76837239111888,0.9258673479952259,43.4,69.6
4839,0.757946549470246,0.9301996231608871,43.6,69.85
4840,0.7400159953258857,0.8971096231411586,43.55,69.15
4841,0.7362718814186024,0.8985321603128548,43.5,69.0
4842,0.7447653742606335,0.8684341751667379,43.8,68.10000000000001
4843,0.7510042236593744,0.8995724749166698,42.85,68.75
4844,0.7393258510330634,0.9437486608188292,44.05,70.05
4845,0.7133272961328403,0.9004088181647885,43.4,68.89999999999999
4846,0.7366344519352117,0.8899215100698303,43.9,69.95
4847,0.7158395146314885,0.8946428869107109,42.9,69.95
4848,0.7425472595928619,0.9283673239391593,43.95,69.85
4849,0.7360883839144531,0.9497453198875987,42.85,71.05
4850,0.7611667255076879,0.9543023998155832,43.05,71.0
4851,0.7436209422202467,0.9010885563416666,43.4,70.0
4852,0.7488446798072869,0.9382394011932176,43.35,69.95
4853,0.7690781205281428,0.9270582633837005,43.05,71.1
4854,0.7465920661005607,0.929038901010904,43.7,71.95
4855,0.6936931238837217,0.9077011128645379,43.15,71.89999999999999
4856,0.7374380300712149,0.9337623061742695,43.75,69.69999999999999
4857,0.7318238941728202,0.9225818943333802,43.5,69.85
4858,0.7507027479749898,0.8715097039498478,43.1,69.75
4859,0.7390025019442236,0.9023206019880523,43.45,70.19999999999999
4860,0.7413157539589807,0.93452955302166,43.75,70.19999999999999
4861,0.7466927380175375,0.9289713226008652,43.95,69.89999999999999
4862,0.7198033409155608,0.9470306487760933,43.2,69.5
4863,0.7693422241519803,0.9079735403226595,43.25,70.6
4864,0.7236195106535085,0.9431959895011253,43.7,71.0
4865,0.7359653824463762,0.9325348104538407,44.15,70.39999999999999
4866,0.7137935250987011,0.9234783633567335,44.0,70.05
4867,0.7205137375167676,0.8876848560762646,44.2,69.75
4868,0.7647257217278863,0.9287673309680649,44.2,70.15
4869,0.7680973244905974,0.8801521223704181,43.9,69.15
4870,0.709109555699435,0.9157822440845557,43.2,68.75
4871,0.7478157132511323,0.9124311738264971,43.75,69.39999999999999
4872,0.6890767814668077,0.8851879553488486,44.05,69.6
4873,0.7564399102285254,0.9276111872019669,45.300000000000004,69.85
4874,0.7238890498869043,0.870089206864901,44.5,69.5
4875,0.6897909478510393,0.9451869726076156,44.2,69.3
4876,0.7603832439289014,0.9215182637626098,43.85,70.5
4877,0.7488710001261136,0.9066342742032837,44.7,69.95
4878,0.7323921001605658,0.9580151085070879,43.75,69.95
4879,0.7584013206117293,0.8886720723316783,44.6,70.15
4880,0.7092023767229769,0.9208106479173556,44.05,70.3
4881,0.7501339834156693,0.8943347846304428,44.45,69.85
4882,0.7573636491594657,0.9447524213210309,44.6,68.89999999999999
4883,0.7611051649227772,0.9232045365971999,43.6,70.65
4884,0.736614399320132,0.9089956424278733,44.4,70.7
4885,0.7982077750548865,0.8996180030907411,44.35,70.15
4886,0.7597928457054232,0.9030032542503372,44.35,68.60000000000001
4887,0.7501276970547274,0.9275958857778309,43.6,70.75
4888,0.7286694656710452,0.9234642358878523,43.65,70.95
4889,0.7650363199630312,0.9446320570496195,43.3,71.35000000000001
4890,0.7235312595908213,0.9134390645416068,43.15,69.6
4891,0.7308242604235768,0.9510637596177924,43.8,70.5
4892,0.7320165439418538,0.9049095501066587,44.15,70.45
4893,0.7598668232915246,0.9035735088861823,43.8,69.89999999999999
4894,0.738694845995682,0.9459201231788175,43.15,69.5
4895,0.7368338499397207,0.9345400556917032,43.2,69.69999999999999
4896,0.6895343612812899,0.8858108253039161,43.35,70.45
4897,0.7409109097022266,0.9528747806328336,44.35,69.39999999999999
4898,0.6979366146673439,0.9224091628174891,43.25,69.65
4899,0.7650102759117632,0.9260155707687905,44.05,69.1
4900,0.7557811683660891,0.8937576492354264,44.05,69.25
4901,0.7464634055562465,0.927051352686124,42.85,69.8
4902,0.7369188081093245,0.9371857556653327,43.3,69.8
4903,0.7612734773238445,0.9687200622391002,44.15,69.89999999999999
4904,0.7361906999017023,0.9555363733351789,43.85,69.8
4905,0.7392100501840179,0.9216184476660398,44.2,70.3
4906,0.7299356688632507,0.9213105525769011,43.55,68.89999999999999
4907,0.7991819227469009,0.9079156801271517,43.75,68.89999999999999
4908,0.6908956323375626,0.9103360161429841,43.0,70.0
4909,0.7531924242571021,0.8693732354637025,44.15,68.8
4910,0.7307383968689075,0.9301874710202978,43.85,68.5
4911,0.7081403100613937,0.9205548776884248,43.6,69.89999999999999
4912,0.7102242230690726,0.9229529152953824,42.3,68.8
4913,0.7396118073563218,0.9206804826668776,42.75,69.1
4914,0.7040530390467999,0.8753538786884046,42.35,68.30000000000001
4915,0.7584017824250521,0.909277143731484,43.15,68.45
4916,0.7518307026440761,0.9400554840768036,43.05,69.85
4917,0.7067862034640682,0.9558662790709898,42.25,71.0
4918,0.795218102334513,0.9558655623869163,43.35,69.55
4919,0.7250340502882024,0.9593708041140041,43.75,69.05
4920,0.7644569913311935,0.9280458491045813,42.5,70.45
4921,0.7568951943107826,0.9342416065504483,43.05,70.0
4922,0.7512039423828462,0.9457380490131707,43.05,70.0
4923,0.7417717599280014,0.9626430422328579,42.75,70.0
4924,0.7469071758204376,0.9255466216845933,42.9,68.7
4925,0.7634612504319209,0.9141860936556577,43.4,69.35
4926,0.6842640060843838,0.9656554595515536,43.25,68.10000000000001
4927,0.7541769744189687,0.9308403337660913,43.75,69.65
4928,0.739204740102053,0.9313846077975115,43.2,69.6
4929,0.7438339787226955,0.8832285566431467,43.6,67.55
4930,0.7563814952692209,0.9323961941289243,43.1,69.35
4931,0.7019064281793503,0.8535567612427521,43.1,69.05
4932,0.775823056508141,0.9002754175595462,43.55,67.80000000000001
4933,0.7748465379586857,0.912189520627727,43.9,69.1
4934,0.7578761446640748,0.9157408541098514,42.9,68.25
4935,0.7503669211541112,0.8932576520511213,43.6,69.1
4936,0.7277639032630239,0.9538921233051361,44.05,69.19999999999999
4937,0.7496524863558084,0.9301852472171388,43.0,69.45
4938,0.7668085535329551,0.8984159738714005,44.1,68.10000000000001
4939,0.7764040409356251,0.9839738373984124,43.35,69.0
4940,0.7557747046202719,0.9527963975712407,43.65,69.35
4941,0.7363953847204648,0.9183706101259793,43.2,69.3
4942,0.7350700403649191,0.8838634618009675,43.3,68.4
4943,0.7371780764469086,0.9405988300705889,42.95,69.39999999999999
4944,0.737956889177294,0.9566731373629854,43.4,68.25
4945,0.7599844729005762,0.9656405106740017,43.65,69.69999999999999
4946,0.7794823350310185,0.903669126158399,43.8,68.15
4947,0.7012047666652348,0.9382427412627714,43.9,68.60000000000001
4948,0.748785392262932,0.9373123228506495,44.05,68.0
4949,0.7608276009743027,0.9166750820298474,44.45,67.9
4950,0.7765799522710539,0.9290625589266357,44.0,69.1
4951,0.7408561530997829,0.8918676958316896,44.25,68.85
4952,0.7582772385113902,0.9162200194887355,43.9,69.0
4953,0.7920122347318443,0.9325150310211895,44.35,69.0
4954,0.7303191510347042,0.918815604371804,43.4,69.39999999999999
4955,0.7604747819140197,0.9547497878870914,43.95,68.89999999999999
4956,0.7485502555327573,0.9145888683719229,43.85,69.75
4957,0.733764607465444,0.9615162665766575,43.2,68.95
4958,0.7512962706015415,0.9626376869249832,43.75,68.75
4959,0.7730147576402385,0.8794951444119212,43.7,68.8
4960,0.6733622425106632,0.942077894970224,44.45,69.85
4961,0.7419743252148193,0.9516503004174599,43.2,69.19999999999999
4962,0.7792881225861082,0.8987270032492729,43.65,68.55
4963,0.7406921340009274,0.9553660628674248,42.75,69.1
4964,0.735284284735627,0.9227293150242352,43.8,68.25
4965,0.76553439168661,0.9427585704345566,43.45,68.65
4966,0.763224265418414,0.9300828897279538,43.0,68.2
4967,0.7433993860219176,0.9791541493765977,43.6,68.8
4968,0.7255768803018835,0.9262286605630777,43.45,68.85
4969,0.7338873215198521,0.9241882941132583,43.45,68.55
4970,0.8105753308944934,0.9318854095595706,43.75,69.15
4971,0.7321988228039839,0.9052745758746603,42.9,68.45
4972,0.7726512002674394,0.9358755959664945,43.7,69.05
4973,0.7695606054296436,0.9436921586637343,43.75,69.19999999999999
4974,0.76313021131162,0.9028569681862212,43.05,68.30000000000001
4975,0.7562263265762734,0.9435915877501135,43.65,69.35
4976,0.7462673944476967,0.94382010503293,43.65,69.25
4977,0.765421246546535,0.8919428150000046,44.3,69.95
4978,0.7583817212154134,0.8812484867096126,42.95,70.1
4979,0.7218096389386361,0.9147996281317121,43.7,69.19999999999999
4980,0.7644240334160655,0.9323668480109557,43.65,69.8
4981,0.7647265012771827,0.919502112419175,44.3,69.45
4982,0.8019144895463483,0.9201117317176735,44.3,70.3
4983,0.774020550484637,0.9324571702535935,43.85,69.3
4984,0.768228928965984,0.9151458960067737,44.45,69.8
4985,0.745483642541837,0.9431523587906913,44.35,69.75
4986,0.7292837053340882,0.9180137801142638,43.35,69.6
4987,0.7200716492126997,0.9227728998594966,43.45,68.8
4988,0.7589097153237636,0.9245902902703033,43.35,69.95
4989,0.7336824941075605,0.9218941220660809,43.75,70.55
4990,0.7823303449985302,0.9063141095301539,42.95,69.39999999999999
4991,0.7840981585807537,0.9139882703335878,43.95,69.85
4992,0.7377232775373616,0.9381218644908863,43.3,70.55
4993,0.739352132944401,0.9351228191542209,43.95,69.3
4994,0.762882338041635,0.9351350106507229,43.85,69.65
4995,0.7387894044270448,0.891098061689249,42.75,68.8
4996,0.7734497702033959,0.9710066571640018,43.2,68.30000000000001
4997,0.7759102454149559,0.9935781916578833,43.05,69.85
4998,0.7362539830962367,0.9312149484940635,44.25,69.05
4999,0.7767554350725707,0.9218875306884702,43.3,70.3
5000,0.7487220818324625,0.9319843360084831,42.65,70.05
5001,0.7433536934585198,0.92761881732602,43.95,69.05
5002,0.7471209590094029,0.9755907063857692,43.9,69.19999999999999
5003,0.7046620573399799,0.9518731595866684,42.65,70.0
5004,0.7324685006236059,0.9267314496141198,43.7,68.85
5005,0.7590991677031468,0.915723303904041,43.7,69.85
5006,0.7535691365018274,0.9528788578301051,45.050000000000004,70.85000000000001
5007,0.7809779219962354,0.8833853499275766,43.8,70.0
5008,0.7803277125614443,0.9555159847675815,44.4,70.05
5009,0.7591708500084681,0.9728986599155317,43.8,70.89999999999999
5010,0.7299212987276023,0.9468290719696273,43.85,69.75
5011,0.7716216888872209,0.924184319324215,44.65,70.25
5012,0.7731902475435738,0.9145789432746054,44.4,70.5
5013,0.7121704760545144,0.9360411201169779,43.4,70.89999999999999
5014,0.7587745549570338,0.9185160489742966,44.7,70.7
5015,0.7355365528175286,0.9658410610570627,44.25,71.1
5016,0.7370736425683824,0.8947138004810856,44.1,71.0
5017,0.7402008645210045,0.9870631498763398,44.35,70.45
5018,0.7753056170423481,0.9026537470128047,44.2,70.05
5019,0.7106202230669303,0.9683074280972392,44.4,70.1
5020,0.70738518335136,0.9487796142322871,43.65,70.55
5021,0.7191642394067062,0.9446325417785808,45.1,69.69999999999999
5022,0.7443663152032333,0.9736756062739844,44.35,69.35
5023,0.7780238319126774,0.9347196827766866,45.0,70.75
5024,0.7653717506567375,0.9179679810143554,43.95,69.65
5025,0.7267036665026975,0.9035785380573692,43.85,69.85
5026,0.752745195077814,0.9716807288036604,43.3,70.5
5027,0.7343857823318515,0.9399868363249603,44.2,69.19999999999999
5028,0.7746180458868244,0.9547395795748502,44.1,69.25
5029,0.7410542499552069,0.9703380831077167,44.65,70.0
5030,0.7446653098170948,0.9223593710616163,43.8,69.05
5031,0.7273597570383972,0.9399351135004241,44.15,69.19999999999999
5032,0.7375652581948664,0.9302886444755082,44.75,69.95
5033,0.716352024702556,0.9530049204090119,43.6,69.8
5034,0.7473747364576809,0.9694534777506506,44.0,69.95
5035,0.7668233991068792,0.901391547771513,44.2,70.7
5036,0.7654724722163967,0.9774210438478815,44.6,69.69999999999999
5037,0.7438706444028823,0.9529505225302365,44.6,69.95
5038,0.7439814533282699,0.9045181148527112,43.95,68.45
5039,0.767989393596294,0.8993599416160697,44.1,69.65
5040,0.7759310683086519,0.9244903986207229,45.0,70.7
5041,0.7854802682929051,0.958246445711744,44.800000000000004,69.69999999999999
5042,0.7666540181401006,0.937172497570556,44.2,69.95
5043,0.7544653770315468,0.9338061818752453,44.45,71.05
5044,0.7371689204172769,0.9664922422641943,44.05,69.55
5045,0.742847949793174,0.9315101665188464,44.4,70.89999999999999
5046,0.766448155232849,0.966820110228354,44.15,71.45
5047,0.7315411911853771,0.9834932299097968,44.45,71.3
5048,0.7823885258123369,0.9571245775270388,44.85,70.1
5049,0.766208336722056,0.9642141684998299,43.8,70.0
5050,0.7476393116297998,0.8993283840903246,45.1,69.6
5051,0.7540765951964462,0.9605145365635336,44.65,69.75
5052,0.7674274226110238,1.0050462034605707,44.85,69.75
5053,0.7610653130691268,0.9262656773070246,44.2,70.05
5054,0.7457312066976777,0.9411323369286206,44.15,69.55
5055,0.7820014827400809,0.9590832989057295,45.050000000000004,70.5
5056,0.7733875091885408,0.9259602657824305,44.45,70.35
5057,0.747330939638291,0.9368470709694072,44.15,69.6
5058,0.7454553433215854,0.9186422632141321,44.6,69.95
5059,0.7652811647364316,0.9171806360647831,45.9,69.0
5060,0.7617458663637374,0.9778141220240694,44.6,69.69999999999999
5061,0.7709465300859749,0.9457234148220569,45.45,70.0
5062,0.7403085120492305,0.9267796617782813,45.050000000000004,70.05
5063,0.7388527525732126,0.9935133904696752,44.05,70.6
5064,0.76516426676884,0.9332735205474069,44.05,70.8
5065,0.7578517097317468,0.9355581465149508,43.6,70.19999999999999
5066,0.7467453054309544,0.966192718069425,44.800000000000004,70.39999999999999
5067,0.7537294243201088,0.9496294170359674,44.35,70.25
5068,0.7987566161751007,0.9306548272961818,44.95,70.05
5069,0.7506711012838545,0.9213395405551373,44.85,70.75
5070,0.7472714856416015,0.9318215407150706,44.3,69.05
5071,0.7505596709151643,0.9317513032915254,44.7,69.35
5072,0.762785825496052,0.9485154201848857,43.35,70.39999999999999
5073,0.7686982227523039,0.9826586143518321,45.050000000000004,70.19999999999999
5074,0.7559150775944237,0.947621084456192,45.65,70.8
5075,0.7607027894490463,0.8995703933479465,44.25,69.95
5076,0.8288358569393107,0.9617341827248986,44.85,70.5
5077,0.7770552131002902,0.9347069559099335,45.1,71.05
5078,0.7768329770282869,0.9574879227823042,44.55,71.75
5079,0.7650339567109435,0.9674111342992323,44.55,71.5
5080,0.7867698501596927,0.9442745302878737,45.4,71.3
5081,0.8147068838949344,0.9318981911510634,44.35,72.1
5082,0.8172533230655854,0.9518406481916724,44.800000000000004,70.85000000000001
5083,0.7697752951083635,0.9661879142953055,44.25,71.55
5084,0.7603830111728042,0.9542954815652677,45.65,71.65
5085,0.7754577348813814,0.9529398050077686,44.9,70.7
5086,0.782276023061692,0.952123439491321,44.5,71.55
5087,0.7957870764142034,0.9246406042562919,44.7,71.39999999999999
5088,0.7755198303930901,0.9198192845577311,45.2,71.45
5089,0.7555388357381186,0.9470057723923364,44.3,71.2
5090,0.7633477091503217,0.9489338743786022,44.55,71.55
5091,0.7617989466947922,0.9661105195861671,44.05,71.75
5092,0.8031878162767693,0.9403562827750305,44.65,70.39999999999999
5093,0.7386751825854858,0.8999058303304515,44.800000000000004,72.1
5094,0.7583020213334389,0.9595145727706714,44.4,71.2
5095,0.7873637611871961,0.9419836818316439,45.35,71.2
5096,0.7602276412909778,0.961024483370265,44.2,71.05
5097,0.773697930753507,0.955591487340973,44.85,71.89999999999999
5098,0.7254002433625051,0.9515851118233869,43.4,71.6
5099,0.8079104787504595,0.9399094800288201,44.75,70.39999999999999
5100,0.7700754428226501,0.9466577408439059,43.7,70.05
5101,0.7503354839159183,0.9624838165875489,44.05,70.1
5102,0.7585819416349798,0.9225494536777384,44.7,69.05
5103,0.7886653388609439,0.9303606603489455,44.5,70.3
5104,0.7528047434719822,0.9596533344288011,44.0,70.15
5105,0.7748924834846684,0.9215187211129016,43.45,70.85000000000001
5106,0.7790875221771613,0.9288124999646378,43.8,69.85
5107,0.7615636029661748,0.9563777006948746,44.0,70.65
5108,0.7437764754881223,0.9772083794009532,43.8,71.15
5109,0.7386758482718601,0.9310930239889063,43.65,71.25
5110,0.7683413070671192,0.9374901213735531,44.55,71.45
5111,0.7550712687644948,0.9717424530892727,43.75,70.95
5112,0.7606948400277709,0.9422156702065211,44.800000000000004,70.05
5113,0.7726293161978905,0.9494254030331718,44.15,70.45
5114,0.7722391699263347,0.95254194277591,43.65,71.0
5115,0.7146623040286256,0.9087360698377325,42.699999999999996,70.85000000000001
5116,0.778714745480419,0.9199554772486224,44.55,70.65
5117,0.8156741527289958,0.9548301501508341,44.2,71.05
5118,0.7713925469311078,0.9611992986377408,42.9,70.6
5119,0.7247683432115103,0.9683226962463357,43.25,70.7
5120,0.7618439039417881,0.9743699804212833,44.15,72.15
5121,0.8195842392780116,0.9664090523826031,44.75,71.25
5122,0.7508842894250333,0.9645139475088743,44.3,71.25
5123,0.7521705937704672,0.9096174747022492,44.05,70.05
5124,0.7540500420980829,0.9450506364287168,43.75,70.0
5125,0.789692120490294,0.9382558100545852,43.55,70.7
5126,0.7287173187435648,0.9724188440182958,43.5,71.05
5127,0.7747623795158609,0.9761701323654709,43.95,71.45
5128,0.7872973767714848,0.9279604107028975,44.0,70.95
5129,0.7553383056062177,0.9670897068339975,44.1,70.85000000000001
5130,0.7663262299447319,0.9892255789519779,45.050000000000004,70.65
5131,0.7604115340226105,1.0118646726363718,44.3,70.45
5132,0.7577997399333566,0.9319204113862123,44.800000000000004,71.05
5133,0.7754100299902726,0.9583231895034453,44.75,70.6
5134,0.7720764808260407,0.9737522144366478,44.6,69.1
5135,0.7788953951370676,0.9348608581892354,44.9,70.85000000000001
5136,0.7691279527481273,0.9893623593156309,44.35,71.15
5137,0.769195747616162,0.9761680759922108,43.8,71.75
5138,0.7367466400537137,0.9460513412212304,44.35,70.89999999999999
5139,0.7794105194941997,0.9468633723735538,43.75,71.65
5140,0.7686170956402804,0.9621843269341311,44.1,71.15
5141,0.747653641161106,0.9496409681842862,43.8,71.3
5142,0.8450680201040965,0.9290160223541111,44.15,70.15
5143,0.7691664674389016,0.9887861055309821,43.95,70.6
5144,0.7768067317554486,0.9661190904799513,44.05,71.1
5145,0.7620661076595941,0.9699728946123461,43.9,71.05
5146,0.8007510583801156,0.9614189983092892,45.35,70.65
5147,0.7706853662647143,0.9842264247926892,45.65,70.15
5148,0.7704204323869307,0.9705536667228826,44.5,70.65
5149,0.7138013321450165,0.915805014442951,44.25,70.95
5150,0.7490169486597893,0.9506547913351028,44.1,70.45
5151,0.7655183511530865,0.9448033460613615,43.95,70.85000000000001
5152,0.8079023569617324,0.9406207143843671,45.1,70.8
5153,0.8037414740935198,0.9591864287019275,44.85,70.7
5154,0.7694228838836866,0.9251281932952665,44.800000000000004,70.3
5155,0.7473398080991212,0.9156675739500986,45.1,70.19999999999999
5156,0.7393525665326315,0.9158101360334522,45.0,68.85
5157,0.7660815403348054,0.977151644667635,44.15,71.3
5158,0.7733078946930896,1.0121738713195396,44.75,71.95
5159,0.7604330922725504,0.9563030696163505,44.15,72.1
5160,0.7772881246958584,0.956756677751681,44.55,70.39999999999999
5161,0.7614086142343187,0.9542004696450157,44.3,70.85000000000001
5162,0.7736983005883136,0.9566601576591444,43.95,69.55
5163,0.7853466476805814,0.9275782338042957,44.75,69.89999999999999
5164,0.7658398065459935,0.9291255359360271,45.0,71.2
5165,0.7006383416308481,0.9135232876831169,43.85,70.1
5166,0.7695364684464469,0.9630220746868942,44.1,70.7
5167,0.7714261934957886,0.9236164805414067,43.5,70.5
5168,0.76951284028242,0.9681641235703541,45.0,70.15
5169,0.7547205184956524,0.9493780817183842,45.2,70.39999999999999
5170,0.7622374652837973,0.9793407471403799,45.1,69.45
5171,0.7455501260267157,0.9962766714106295,44.9,69.19999999999999
5172,0.7918483380996247,0.9761258973576569,44.95,70.15
5173,0.7656601936955185,0.9305401984227585,45.2,69.19999999999999
5174,0.7614138700241813,0.9310123336957544,45.5,70.35
5175,0.7914975659657929,0.9726988265383282,45.35,69.25
5176,0.7828245736443475,0.9964465328723136,45.45,69.6
5177,0.8016438863540776,0.9494622255411632,45.5,70.8
5178,0.7800803795944496,0.9736787942056547,44.7,70.1
5179,0.8013434913052258,0.9465303375370968,45.4,69.55
5180,0.7770288643361278,0.9647341115525706,45.050000000000004,70.45
5181,0.756729502402557,0.9545964148021492,45.45,70.55
5182,0.763438685313231,0.9328086306672035,44.95,71.25
5183,0.7797236759404877,0.9552152683766081,45.9,69.89999999999999
5184,0.7798797495441271,0.9892403644670152,45.5,70.55
5185,0.8031566938390585,0.9298799411970267,45.4,71.89999999999999
5186,0.7854020215928306,0.9651582268148887,45.5,70.35
5187,0.7883933539804583,1.0255976356487257,45.550000000000004,72.15
5188,0.8001296746271228,0.9709980930394437,45.85,70.89999999999999
5189,0.802357096695672,0.9705484813812337,45.25,71.15
5190,0.7338515567542904,0.9394232252742925,44.95,69.8
5191,0.7581832906587941,0.9507389657234595,44.65,70.3
5192,0.7633471321178672,0.9411076282260746,45.550000000000004,70.85000000000001
5193,0.732392567782259,0.9271956153744229,45.550000000000004,70.7
5194,0.7807741251533455,0.9637617743063028,46.2,69.39999999999999
5195,0.7555498450324977,0.9892608812234168,45.050000000000004,71.05
5196,0.7384106333015966,1.021993149966481,44.85,71.3
5197,0.7746207474363643,0.9851759703852406,45.050000000000004,70.85000000000001
5198,0.7337101403592201,0.9574084810249516,45.85,69.8
5199,0.7874798834411337,0.9465889064407085,45.0,70.8
5200,0.7896662483245633,0.9388907551941843,45.65,70.89999999999999
5201,0.8040495431588093,0.9783875817963933,44.5,69.15
5202,0.777850858668762,0.9503985509965597,45.85,70.85000000000001
5203,0.8121243405654851,0.9791488132197061,45.300000000000004,70.45
5204,0.7609338752622518,0.9632859881426523,44.75,71.55
5205,0.7801632374873599,0.9559332459571258,44.95,72.0
5206,0.736024160041334,0.9643446264035843,45.9,70.35
5207,0.7779072441744259,0.9156289044772565,45.5,70.39999999999999
5208,0.800245075244944,0.9523414920638652,45.5,71.35000000000001
5209,0.786799764814935,0.960401768736371,45.35,70.75
5210,0.8146595292086369,0.9952538562530133,45.0,71.95
5211,0.7902897262912078,0.9424286476284407,44.85,69.8
5212,0.8095077025367621,0.945565949015122,45.45,71.3
5213,0.825670791729636,0.9505292580423368,45.050000000000004,70.95
5214,0.7523125545993973,0.9896150804442062,43.85,71.2
5215,0.7855697646445943,0.9715689968295269,44.55,70.7
5216,0.7890661917660345,0.9456242092657605,45.0,70.35
5217,0.7942849356887615,0.951004296479121,45.050000000000004,71.39999999999999
5218,0.7423549891894413,0.9588493031277078,44.35,71.3
5219,0.7657999222336411,0.9898117275658124,44.45,70.15
5220,0.7935815246178822,0.9546217082243574,44.3,70.19999999999999
5221,0.7495902084740059,0.9504762231574213,45.050000000000004,70.5
5222,0.7401076868929994,1.014106643439102,45.45,70.35
5223,0.7601446211831092,0.9958163305052438,45.0,69.95
5224,0.7784889700712706,0.9681556682367398,45.1,71.39999999999999
5225,0.8296710731047342,0.9690226646991805,44.35,71.25
5226,0.7892132213333279,0.9376161660728979,43.95,70.85000000000001
5227,0.7928423125502831,1.0027185021088887,44.95,71.39999999999999
5228,0.7637080266290726,0.9477033199035898,44.800000000000004,69.6
5229,0.7818796763063783,0.9296064733747084,44.9,69.45
5230,0.7751717869400496,0.9588895572179493,44.3,69.65
5231,0.7825386501772214,0.9782507113226985,44.55,70.3
5232,0.7747480367655166,0.9327421243531787,44.05,70.05
5233,0.7569703475064784,0.9634631395023213,44.35,71.05
5234,0.7351236391076352,0.9388902442388123,45.6,70.1
5235,0.7564354030860516,0.9585725302611995,44.15,70.39999999999999
5236,0.7729987965284335,0.9617082716440156,45.65,70.75
5237,0.7698642934642185,0.9391786175598357,44.1,70.45
5238,0.7466743132351292,0.9834811289924527,44.5,70.7
5239,0.7855229947875991,0.9290414785831076,44.55,69.6
5240,0.7562134534013266,0.9631128579455951,44.85,70.3
5241,0.7692937061956348,0.933256759821531,44.9,69.55
5242,0.7527277426359809,0.8900279169597395,44.2,69.5
5243,0.7938161552619468,0.9354432551699692,45.45,70.05
5244,0.8024618019859832,0.9470537847610467,45.35,69.55
5245,0.7778728226736336,0.9862683917785091,45.050000000000004,70.7
5246,0.7817862221840102,0.9433067726562832,43.95,69.75
5247,0.7971663721588368,0.9627855696020244,45.0,70.15
5248,0.7947916333177202,0.9334392262816985,45.050000000000004,70.7
5249,0.7872369709110054,1.0191098064845099,45.35,71.15
5250,0.7497008730944427,0.9186483717943715,44.65,69.39999999999999
5251,0.7894467780460959,0.9780813079029878,44.1,71.1
5252,0.7813365166952859,0.9655234166017469,44.85,71.35000000000001
5253,0.7747621306681951,0.931304912317961,44.9,70.3
5254,0.8035348127980062,0.9671218885859236,45.7,70.6
5255,0.7927545867728686,0.9501203617450978,45.2,70.5
5256,0.7861395369287406,0.9472225444758304,44.95,70.45
5257,0.7763505531580948,0.9901918265146465,44.800000000000004,70.35
5258,0.7584496934317191,0.9786629662438477,45.050000000000004,70.45
5259,0.7909182110090339,0.9825715398523744,44.800000000000004,69.65
5260,0.7406537496363901,0.9359929396779904,44.800000000000004,70.35
5261,0.7703503531154356,0.968198727398145,44.9,70.39999999999999
5262,0.7548859856270117,0.9661382317845761,45.0,69.65
5263,0.7909849437906418,0.9552601341788661,44.800000000000004,69.3
5264,0.7968399114460308,0.9755461639267995,44.1,69.69999999999999
5265,0.8117102666436081,0.9981055363984412,44.9,70.85000000000001
5266,0.7597396518580701,0.9395941819248289,44.45,70.15
5267,0.7680762889103206,0.9809842040812179,44.45,70.75
5268,0.7632404593763347,0.9868065364359645,44.800000000000004,70.35
5269,0.7748555387812934,0.9948172915306397,44.55,69.55
5270,0.7482432434820196,0.9661771074168878,43.9,69.75
5271,0.7631087343950834,0.9547309067501938,44.95,69.39999999999999
5272,0.7867094914596032,1.0216731733312678,44.6,71.0
5273,0.8442940048442592,0.9576400557582333,44.95,69.45
5274,0.7605415159100773,0.9925746061824466,44.800000000000004,70.45
5275,0.7806420989457151,0.9735961141810863,43.75,69.65
5276,0.7996766629788417,1.0067201693673684,44.75,70.1
5277,0.7971852875658185,0.9800191314131628,45.1,68.8
5278,0.7958227505372797,0.9515068601274164,45.7,69.75
5279,0.7956091698009081,0.9357729086645975,45.95,69.15
5280,0.8052301807144159,0.9538690438619927,45.35,69.8
5281,0.8177526056462591,0.9674332816294862,45.65,70.55
5282,0.81035606704198,0.9926301671275298,45.050000000000004,70.89999999999999
5283,0.7900168501970372,0.9470297925974246,45.85,70.15
5284,0.7816258327979335,0.9578817285594855,44.25,69.15
5285,0.7627617310917398,0.9789278944694884,44.6,69.69999999999999
5286,0.7720773991337441,0.9336060837634259,44.4,69.5
5287,0.7684721775099127,0.9651202469289389,44.75,69.5
5288,0.7389529931832691,0.9226572121891725,44.75,69.5
5289,0.7982895502486003,0.9829177588373464,44.800000000000004,69.75
5290,0.750746322581316,0.945634970744771,44.6,69.95
5291,0.7517797523705307,0.9878701626105866,43.95,69.05
5292,0.8108640879696672,0.9887766057390754,44.85,70.0
5293,0.78740111071051,0.959340413730191,44.75,69.5
5294,0.8390644236223661,0.936777741097272,44.3,69.3
5295,0.7701071095086569,0.9546410017625887,44.5,68.75
5296,0.7620231644996345,0.935919989831507,44.65,69.3
5297,0.7690701503927965,0.98535624371887,43.5,70.05
5298,0.8012865007333114,0.9786162431394888,44.0,69.55
5299,0.7427602096255966,0.9260589445932558,43.35,68.65
5300,0.8223956638486787,0.9421564393003584,45.65,69.1
5301,0.7740477913251707,0.967230739563749,45.25,69.89999999999999
5302,0.7690123337421927,0.9617913686349523,44.95,69.65
5303,0.7310125749906329,0.9660350937787116,44.75,70.45
5304,0.7736544064137438,0.9561634458033741,44.15,70.39999999999999
5305,0.7338653143323369,0.9913058836843355,45.050000000000004,70.3
5306,0.7639280639462407,0.9042554309925398,43.9,69.65
5307,0.7839561466325164,0.943898874763928,45.800000000000004,69.35
5308,0.8093628104814617,0.9615635835572106,45.0,71.2
5309,0.7756409474799864,0.9609044032503634,45.85,70.19999999999999
5310,0.8172805661099147,0.9593454562095104,45.6,70.25
5311,0.7575245737237235,0.9240450736108689,44.65,69.8
5312,0.8014443798921598,0.9930437687899991,45.35,70.3
5313,0.7766487270017342,0.962891919995217,44.5,68.95
5314,0.7764020288027874,0.9519762720389203,44.800000000000004,68.30000000000001
5315,0.7565800593864241,0.9398920030497923,44.4,70.35
5316,0.7763434394953068,0.9023300274342091,45.050000000000004,68.95
5317,0.7392230002326746,0.9755556333696354,44.45,71.3
5318,0.7904220009358061,0.9734802609850599,44.7,70.0
5319,0.7965863104022066,0.9618254035709058,45.300000000000004,70.75
5320,0.7558154471948381,0.9730785642983772,44.75,70.85000000000001
5321,0.7868694202889079,0.9515924468397681,45.1,71.2
5322,0.7374659325457369,0.95452153077683,45.5,70.6
5323,0.7359430990494333,0.9787991257221912,44.95,70.7
5324,0.7891328940231245,0.9798802042789382,45.300000000000004,71.2
5325,0.7565416885925403,0.8939618151260411,46.25,70.05
5326,0.7939228124238888,0.9602153375045429,44.75,70.95
5327,0.8058868462004855,0.9463033879091666,43.95,71.6
5328,0.7967683214731723,0.9700437432683244,45.25,70.95
5329,0.8141776484392705,0.9354508881927893,44.55,69.95
5330,0.7701642764893035,1.0070184128413266,43.7,69.6
5331,0.815213966519318,0.953572669561783,45.35,70.75
5332,0.7628722898639736,0.9487218248378475,43.85,71.25
5333,0.7661754404440893,0.9316584299594299,44.9,70.85000000000001
5334,0.7687556602444583,0.9415015454699771,44.65,71.0
5335,0.8178735651703474,0.9432386054840085,44.5,70.7
5336,0.7573708864189851,0.9625168796006848,44.75,70.85000000000001
5337,0.7555876653966973,0.9357002105552888,45.050000000000004,70.35
5338,0.8014099537915949,1.0008310645625753,45.1,70.8
5339,0.8048112529775756,0.9976512543695631,45.5,71.3
5340,0.7689706822073997,0.9958853143751871,44.3,71.7
5341,0.7815159781664435,0.9608040769090062,44.7,69.69999999999999
5342,0.7862202904064617,0.948358448416253,44.25,70.6
5343,0.7645510574181926,0.9899489070428712,45.5,71.05
5344,0.7690626433106247,0.9383105590538574,44.65,70.19999999999999
5345,0.8259440091069096,1.020051590551195,45.800000000000004,71.5
5346,0.7998421498218327,0.9696172647236949,44.85,70.55
5347,0.7814968259938958,0.9699774609979875,45.1,70.65
5348,0.7993525697746116,0.9907748193332956,45.2,71.89999999999999
5349,0.7841193064158192,0.9844229548849734,45.0,70.85000000000001
5350,0.8101410560532191,0.9971929510163068,43.9,71.05
5351,0.8056139320903762,0.9584837510384137,45.1,70.19999999999999
5352,0.7736898528354216,0.9865217511873716,45.45,70.8
5353,0.8295320408324545,0.9683556224121295,44.3,71.75
5354,0.8215860941011409,0.9578648855157226,45.35,70.75
5355,0.7700846286078318,0.9227655106787719,44.800000000000004,70.7
5356,0.7994673968440528,0.9684456439002379,45.1,70.3
5357,0.7717130760185018,0.9730456249938358,45.95,71.05
5358,0.776340961135132,0.9393988737303163,44.35,70.75
5359,0.7534407006204737,0.959891839463278,44.1,70.55
5360,0.8165058158024661,0.9939945759975785,44.15,71.65
5361,0.8009017475145137,0.9244053661928828,45.1,70.39999999999999
5362,0.7683260748130146,0.9568518730270454,44.4,71.05
5363,0.7604772081417973,0.9848781539422969,45.35,70.8
5364,0.8089866331604656,0.9715168239866931,44.4,71.0
5365,0.7673948227660164,0.9594852817682197,44.75,70.8
5366,0.7962118239528582,0.9606026281783094,44.6,71.55
5367,0.7574052435353128,0.9694997109345695,44.9,71.5
5368,0.7978024032354689,0.9972619566969215,45.35,71.5
5369,0.8028750713567484,0.960772341621807,44.65,71.65
5370,0.7718237466218174,0.9933166111117366,45.85,70.75
5371,0.7849394200567924,0.9804455424939078,44.85,71.25
5372,0.8191871257723786,0.9679299787507333,44.95,71.25
5373,0.797468050604645,0.9732837720831949,44.45,71.1
5374,0.7972589159645997,0.9647685149846135,44.4,71.0
5375,0.8291436540141784,1.0054569928520247,44.85,70.85000000000001
5376,0.7701756314235992,0.9804079698249889,44.75,72.05
5377,0.7655419005951156,1.027322458140584,44.800000000000004,70.8
5378,0.8047850416400133,0.9502895912627605,44.6,70.5
5379,0.7348561837734472,0.9852402428582708,44.2,71.89999999999999
5380,0.7979705952104255,0.9544486948477374,44.0,70.89999999999999
5381,0.780832927330207,1.0116163228853785,44.2,72.35000000000001
5382,0.7926266451468881,0.954285905399784,44.0,70.3
5383,0.7682072217297543,0.9642070110068164,44.75,70.89999999999999
5384,0.7579065762075824,0.9483696373876322,44.35,70.95
5385,0.8199155930630753,0.9859318085444134,44.800000000000004,70.55
5386,0.7690239746393076,0.9831482819497191,45.0,70.75
5387,0.7773017913003737,0.9788455006299166,44.65,69.45
5388,0.819980010963523,0.9968355636113543,44.95,70.75
5389,0.7659370958271459,0.9638017724332613,44.95,70.85000000000001
5390,0.7769984976394738,1.0052469253289562,44.800000000000004,70.7
5391,0.7770672234422971,0.9705921950121008,45.550000000000004,70.1
5392,0.7899036237937181,0.9712652818860895,45.4,70.19999999999999
5393,0.7957380972613607,0.9648625423580864,45.95,70.05
5394,0.7720653791277805,0.9948687828719474,46.050000000000004,70.65
5395,0.7933864393598703,0.9763821428394839,45.6,71.6
5396,0.778438684400492,0.9748179586294098,44.95,70.45
5397,0.7888417072679706,1.0053245813994887,45.300000000000004,71.39999999999999
5398,0.8137372685031432,1.0032053484918846,45.7,71.39999999999999
5399,0.7652338235664934,1.033054226243511,45.85,71.2
5400,0.7846770939195612,0.9574250898522477,45.4,70.6
5401,0.7504918764749863,0.9701942110982971,44.5,70.5
5402,0.8122918177716595,0.9396646029117801,45.800000000000004,69.69999999999999
5403,0.8129567296239174,0.9736811853558363,45.5,69.85
5404,0.7600303137386987,0.9055175767513897,44.85,69.05
5405,0.7723956479773305,1.0084390387836855,45.2,69.35
5406,0.7947449955941125,0.9639968487128994,44.55,69.15
5407,0.8088229952040537,0.9759922610192563,45.050000000000004,69.45
5408,0.8122427308235106,0.9950974073396383,45.15,69.15
5409,0.7835643027561942,0.9572032030488649,44.4,69.25
5410,0.8076290122225196,0.9509895492292311,44.35,68.7
5411,0.7581065482674505,0.9851572021238205,44.45,69.3
5412,0.7504650931625636,0.9429818484762466,45.1,69.19999999999999
5413,0.769129075258717,0.9639556620089946,44.25,69.35
5414,0.8167535369958255,0.9884772317352702,44.800000000000004,70.05
5415,0.7879068804670107,0.9538438149598053,45.35,70.0
5416,0.7985016751030989,0.9351715156881715,44.800000000000004,68.55
5417,0.7237986495225557,0.9823964121274176,43.7,69.6
5418,0.8009696455724192,0.9983311542383221,44.9,69.75
5419,0.7890627331279682,0.9517849914599144,44.65,68.89999999999999
5420,0.7911986821441971,0.987824624823229,44.7,71.25
5421,0.8254466965133741,0.9796383463003924,44.25,69.65
5422,0.8112476425161756,0.9571667766931593,45.7,70.0
5423,0.7734914786217355,0.9409838167016183,45.2,70.19999999999999
5424,0.7558071257696554,1.0047773736360932,44.3,70.89999999999999
5425,0.8019308517680755,0.9687436619821048,45.4,71.75
5426,0.8067978540470042,0.9733904991484419,45.1,70.89999999999999
5427,0.7311492824892726,1.0186553271791854,44.55,71.1
5428,0.7494794062422689,0.9723674602676959,44.35,70.1
5429,0.7804919993460782,0.9473626966639785,44.25,71.85000000000001
5430,0.7579151107429188,1.0111746478947286,45.15,71.8
5431,0.7923996769361404,0.961381398674182,43.7,71.1
5432,0.8051145982409341,0.9776409304901729,44.65,70.25
5433,0.7528505554912955,0.9712205214003852,45.2,70.7
5434,0.7462403055514649,0.9672697692965845,44.05,70.15
5435,0.801633677763421,1.0208172178080441,44.9,70.85000000000001
5436,0.7613642794490676,0.9755938750377895,44.35,71.7
5437,0.7584389581907419,0.9848910429241687,44.05,71.1
5438,0.7876612462003416,0.9962456653823267,45.1,70.8
5439,0.799695204595663,1.0152428676170813,45.1,71.1
5440,0.7991853634338373,0.9746686369298442,45.15,69.89999999999999
5441,0.7670233822879059,0.982214211197796,44.3,70.0
5442,0.8163344975446839,0.9324307124933466,45.2,70.0
5443,0.7634025165751328,0.9559096963397997,44.15,69.89999999999999
5444,0.765222500444038,0.9528140591314895,45.4,70.7
5445,0.7901082877742513,0.9185583889783312,44.5,70.3
5446,0.790393166050635,0.9630977504384997,44.35,71.05
5447,0.7219039533627644,0.9610281993657839,43.4,71.39999999999999
5448,0.7593150777109825,0.9676936813036588,43.65,70.8
5449,0.7615120354340056,0.9748682868588182,44.85,69.39999999999999
5450,0.8028773507969541,0.9805143738265061,44.55,69.69999999999999
5451,0.7429624447694013,0.9817161580079977,44.15,69.39999999999999
5452,0.7631424842741983,0.9900177613988633,45.35,70.1
5453,0.7732200624023498,0.9763180569123592,44.55,70.75
5454,0.8197139393706844,0.9982139179295685,45.1,70.0
5455,0.7867908544723514,0.9787767222570845,44.0,70.55
5456,0.7872861256152311,0.9855802973518186,43.65,69.39999999999999
5457,0.7834298649294058,0.9741643878915552,44.7,69.35
5458,0.7646242076085797,0.966586497384489,45.35,70.89999999999999
5459,0.8248529030990726,0.9704253549489772,45.15,70.39999999999999
5460,0.7800102052154794,0.9348412764542148,44.0,69.39999999999999
5461,0.7483967462217997,0.9246467886052541,44.0,70.05
5462,0.7874032476902224,0.9667378846551001,45.1,70.3
5463,0.7816373189463677,0.9964069471882572,44.4,71.1
5464,0.7979347779670916,0.9840061424301914,44.6,70.0
5465,0.7782803338461675,0.9512501282819328,44.85,69.85
5466,0.7751305623838978,0.9373460591494642,44.800000000000004,69.35
5467,0.7724298328235393,1.0202693505443816,44.65,71.85000000000001
5468,0.8144235683125758,0.9598545017008994,44.65,70.45
5469,0.7448782770810038,0.9899738993244179,43.9,70.85000000000001
5470,0.7786929617136763,0.9783339176341853,44.05,71.89999999999999
5471,0.825341322313662,0.9715112710093792,44.6,70.75
5472,0.7714360880530527,0.975880597623215,44.15,71.2
5473,0.7424041192171505,0.9453618361353749,44.4,70.95
5474,0.8067299009734111,0.9642469216386858,45.050000000000004,70.95
5475,0.7521558013198916,0.9746895481592792,45.050000000000004,71.6
5476,0.8046919784336147,0.9668034576064565,45.300000000000004,70.1
5477,0.7166219441325756,0.98633224602997,43.6,69.55
5478,0.7705155021768422,0.9713973058189115,44.85,69.35
5479,0.7960113311678934,0.9691807356736957,44.05,70.35
5480,0.7603608623728663,0.9284112119034136,45.050000000000004,70.6
5481,0.749019960748539,0.9583438755583947,44.6,69.89999999999999
5482,0.7671421118372903,0.9472297896555752,44.800000000000004,69.69999999999999
5483,0.810073391270063,0.9439376192008498,45.65,69.89999999999999
5484,0.7793572580822281,0.9833345773247965,45.050000000000004,70.25
5485,0.7591628300365839,0.9803146893942242,44.15,69.3
5486,0.7608706633467341,0.9762152998729491,43.85,70.0
5487,0.7899710730639756,0.9458362742743325,45.25,69.55
5488,0.7897294951343361,0.9820764509503435,43.65,71.15
5489,0.734970020027266,0.9629509885741251,44.35,70.6
5490,0.806395100394585,0.9719859792221704,44.1,69.75
5491,0.7787144814544881,0.9606768699138267,44.55,69.45
5492,0.7995127760625621,0.9538708812887007,45.1,70.45
5493,0.766586179963137,0.9548844844317094,44.0,70.19999999999999
5494,0.7746920679338272,0.9739501192301931,44.25,70.05
5495,0.7938519681719395,0.9255814750241742,45.0,69.1
5496,0.8339377231694801,1.0023605576226886,44.7,70.65
5497,0.7893098431256649,0.9436431827360916,45.1,70.35
5498,0.8055292339761834,1.0132004847796847,44.0,70.7
5499,0.7435125422816741,0.9711907121864448,44.95,70.8
5500,0.7939862097027409,0.9905900548556048,44.3,70.5
5501,0.7579632599630038,0.9896312062841153,44.85,70.35
5502,0.7078834662994248,0.9475036912644914,43.3,70.45
5503,0.7713692577435224,0.9899225086025834,44.0,70.3
5504,0.7461156898080703,0.9725660977862332,44.1,70.45
5505,0.809557458843724,0.9396938211999907,45.050000000000004,70.45
5506,0.753901627871945,0.9675733232475822,44.9,70.39999999999999
5507,0.7972291835775137,0.9873731817683392,45.2,70.35
5508,0.7858977859359906,0.9683305609876803,44.3,70.35
5509,0.7974422975852015,0.9805627806658286,45.300000000000004,70.75
5510,0.7928080240925615,0.9915965887724719,44.25,71.65
5511,0.7566743918279272,0.9865037771639602,44.2,70.65
5512,0.7802047235295619,0.9850610089273826,44.05,69.8
5513,0.7581957451862901,0.9897126520722711,44.4,70.7
5514,0.8269786402028874,0.9920950736397977,44.45,70.39999999999999
5515,0.8307256267458294,0.9912609799785091,44.05,71.2
5516,0.7629898798197556,0.9569484987874951,44.05,71.55
5517,0.8184673665329922,0.9739348872564694,45.050000000000004,70.55
5518,0.7567032918379955,1.004727457213011,44.05,71.2
5519,0.7888485058269724,0.97779684570263,44.05,70.45
5520,0.8114512039747614,1.0041764486971243,44.6,70.55
5521,0.7977707836592834,0.9755891671698966,44.45,70.89999999999999
5522,0.7667592370846671,0.9644615008001801,44.25,70.5
5523,0.789578598418907,0.990640913161174,44.05,69.95
5524,0.7483942511243394,0.9846262958051527,44.25,70.35
5525,0.7872811647452088,0.9637008649682308,45.1,70.39999999999999
5526,0.8089927499656128,0.9761087663436042,44.35,71.7
5527,0.7794065494429737,0.9910343724520478,43.65,71.39999999999999
5528,0.7748088819044658,0.9760996749760877,44.35,70.45
5529,0.7934231809221947,0.989104859685909,43.35,71.75
5530,0.7740972446977616,1.015008067237339,43.95,71.55
5531,0.7996741958027419,0.9675796738368775,43.2,70.8
5532,0.7839049528309214,0.9879520270146971,44.1,70.6
5533,0.775783691883497,0.9961098509343677,43.9,70.89999999999999
5534,0.7895768689719248,0.9624861848129951,43.95,71.2
5535,0.8190391498609647,0.9714161367638203,45.1,70.89999999999999
5536,0.8189501528105768,0.9894496826871487,45.4,70.1
5537,0.7600826923311337,0.9400613570123498,43.65,71.0
5538,0.8479060740729808,0.9317459178654214,44.65,70.39999999999999
5539,0.8051361295387699,0.9842613158802146,44.5,72.1
5540,0.7833466278341279,0.9639769848651929,44.4,71.35000000000001
5541,0.8495956285650166,0.997625125656776,44.2,71.15
5542,0.7704630340660542,0.9554799181230816,44.15,69.55
5543,0.7962669175778001,0.9800467303050039,44.95,70.89999999999999
5544,0.7965789259794992,0.9693032191508566,45.0,70.6
5545,0.8138581418961174,0.9461795145004751,44.2,70.55
5546,0.7632081375658883,0.9961907579652893,44.2,72.55
5547,0.7582695237815943,0.9822968612401837,44.4,71.1
5548,0.8153455131902602,1.002076379945429,43.8,71.05
5549,0.7793361686604763,0.9888516281418868,44.5,71.6
5550,0.8142739850271836,1.0168703377549864,44.9,71.15
5551,0.8059651656899066,0.9994980244873479,44.65,70.8
5552,0.7814493079203128,0.9518687673971221,44.25,70.7
5553,0.8077293332278244,0.9940177434434463,44.800000000000004,70.5
5554,0.7811907428961334,1.0094992963305018,44.95,71.2
5555,0.7899079974197546,1.0182893724238118,43.7,71.15
5556,0.7845763831586705,0.9890792862642749,44.2,71.39999999999999
5557,0.7738347119554134,0.9887141711538354,43.85,71.05
5558,0.7830364812914374,1.0112745447187252,45.4,71.75
5559,0.8622461358411411,0.9905123914050181,44.65,70.75
5560,0.7938811615330879,0.999122971911801,44.5,70.65
5561,0.7900514844805565,0.9417191992203024,44.25,70.3
5562,0.7978631181564877,0.9726982279505844,44.05,70.8
5563,0.8086629423288635,1.042156177234226,44.15,71.75
5564,0.8282048813587137,0.9752706313497218,45.1,70.39999999999999
5565,0.7838563828171523,0.9779084431237601,44.7,70.89999999999999
5566,0.8167179049142681,0.9606162302687601,45.4,71.6
5567,0.8095520682297828,1.0047093322223515,45.4,70.8
5568,0.766127139223434,0.9837309867284313,44.3,71.7
5569,0.7999130549839552,0.9498639938173618,44.35,71.05
5570,0.8213101192189158,0.9918013128499109,44.75,71.89999999999999
5571,0.8115203418120901,0.9710181081949256,45.050000000000004,70.8
5572,0.7925813998300737,0.9779453977157792,44.5,70.89999999999999
5573,0.8037145061298482,0.996563721312506,44.55,70.89999999999999
5574,0.8281093040361579,0.9911817568283109,45.5,72.8
5575,0.7940656797396254,0.9804611103672212,45.65,71.5
5576,0.7578403973330757,0.9552550527677943,45.0,72.15
5577,0.8042048526099704,0.9603946762538562,44.6,70.8
5578,0.8150448553431605,0.974957870173072,43.95,72.3
5579,0.8018933349294582,0.9913297669267247,44.7,72.5
5580,0.8058282750392498,0.978970139366227,43.85,71.5
5581,0.7756617021420738,0.9995007645628738,44.05,72.2
5582,0.8103864489727916,0.9730482963777736,45.15,72.25
5583,0.7823189467066142,0.9717380279364264,44.800000000000004,71.85000000000001
5584,0.7577383272410781,1.002226623787933,44.55,72.1
5585,0.7797214917891454,0.9734158320842121,44.85,72.55
5586,0.7467400440243429,0.9998864511940885,44.2,71.7
5587,0.8068463552722731,1.0443794985726549,44.800000000000004,72.05
5588,0.7834044003529659,0.9976123364736572,44.5,72.39999999999999
5589,0.820199377936339,1.0692351272835772,44.7,72.1
5590,0.7887376516381983,1.0033325497877417,45.6,72.05
5591,0.7789442386308284,0.9532911850206068,44.55,70.6
5592,0.7997659990981872,0.9523027071584258,45.050000000000004,72.0
5593,0.7399901076553926,0.9912937660892317,45.4,72.3
5594,0.8377285645532205,1.0311803069079626,45.5,73.2
5595,0.824490518994666,0.9726670740891634,44.05,72.05
5596,0.6988692849596372,0.9675469821077282,44.5,71.85000000000001
5597,0.78021293854252,1.0227920453350903,44.6,72.35000000000001
5598,0.798320645812234,0.9944568319260143,44.9,71.6
5599,0.7991797338776033,0.9622004915505646,45.4,71.55
5600,0.8165528428419884,0.9900943490363989,44.55,71.3
5601,0.8203281437324356,1.0045598377305647,45.6,71.05
5602,0.8049242918599671,0.9906771699260607,45.050000000000004,72.39999999999999
5603,0.7970237689949504,0.9466007774338793,45.25,72.3
5604,0.7859978238039346,1.009104412207026,45.25,72.7
5605,0.804618874195098,0.9832004074674154,44.45,72.35000000000001
5606,0.8322638191688753,0.9954354030114554,45.050000000000004,73.25
5607,0.7764673258212067,1.0376190563409726,44.15,73.05
5608,0.800144297762184,1.000329652316898,44.65,72.89999999999999
5609,0.7497674606384248,0.9689662884299891,44.75,71.6
5610,0.7922783463225914,1.0332923458607084,43.8,72.89999999999999
5611,0.7861219276967327,0.9495882207397988,44.6,71.85000000000001
5612,0.7985679684509192,0.9749792919024758,44.85,71.75
5613,0.7744146933432228,1.0004231967303345,44.25,71.8
5614,0.7903402430826759,0.9662709112864291,45.0,71.05
5615,0.7880357390173115,1.0325772353524214,44.05,71.35000000000001
5616,0.7937190137079656,0.9462330908673589,44.1,70.85000000000001
5617,0.7981757682869074,1.0299230107429813,45.1,71.6
5618,0.768562063334757,0.9672881076309046,44.65,71.2
5619,0.7561205793224447,0.9778038149574588,43.75,72.05
5620,0.845230055435345,1.0100565118678955,45.4,71.39999999999999
5621,0.7948514808006483,0.9948572272832404,45.050000000000004,71.7
5622,0.8000003391632038,0.9975861078202024,45.050000000000004,72.0
5623,0.8149274737098948,0.9778481462913814,45.6,71.6
5624,0.818484188911259,0.9792906535094167,45.2,71.95
5625,0.8132042972654607,1.0252118473788951,44.95,72.35000000000001
5626,0.806095812919262,0.9536497210412948,45.4,72.05
5627,0.7834804883668016,0.9682135589089423,45.5,71.3
5628,0.8006908478861382,1.002824367907947,45.2,72.2
5629,0.7964959386188245,0.9811326243629988,45.65,71.35000000000001
5630,0.8077839068841987,0.9832344694307057,44.55,71.8
5631,0.806562765728158,0.9799425137659298,44.5,71.85000000000001
5632,0.8050735809010084,1.013112166886249,44.2,70.75
5633,0.7566339785694854,1.0007072969001833,45.2,71.89999999999999
5634,0.8244657013290568,0.9769304868389348,43.85,71.65
5635,0.8038261198184726,0.9574590210346509,45.15,71.95
5636,0.7222398996879268,0.9789983324757879,43.4,72.8
5637,0.7689843246409648,1.0164564916579553,44.65,71.6
5638,0.7982825268575998,1.0143962569788587,44.5,73.2
5639,0.8215431878936086,0.9997823976866975,45.25,72.25
5640,0.7612155153476724,0.9643047665880691,44.800000000000004,71.89999999999999
5641,0.7908018999150783,0.9965661581770504,44.7,70.89999999999999
5642,0.8295463705654466,0.9626200427602614,44.9,71.25
5643,0.8055832664454847,1.0281943911471636,44.4,72.35000000000001
5644,0.7861540933012402,1.0153669692231346,44.5,73.5
5645,0.842163775007006,0.9786436415270252,45.550000000000004,71.39999999999999
5646,0.7780552339842848,0.9845621128071357,44.95,72.39999999999999
5647,0.7766709691334837,1.007675999111159,44.5,73.7
5648,0.8067230073080921,1.0011556578332175,44.35,71.85000000000001
5649,0.7972055037569823,1.0086221622003493,44.4,72.8
5650,0.839035489816089,1.0059668912324191,43.9,71.7
5651,0.8255466297456856,1.0256489972027567,43.95,73.5
5652,0.8594407601916971,0.9731254567367577,44.75,71.8
5653,0.7915581028674683,0.9876604760527772,44.5,72.15
5654,0.7987379003268457,0.9724287857331744,44.5,71.95
5655,0.7932240059853092,1.0145386085828025,44.0,73.1
5656,0.8188077836762524,0.9909079289821514,44.3,71.65
5657,0.8479549640669867,0.9967602194100641,44.55,72.89999999999999
5658,0.7578089965736062,1.0138050061999841,44.95,72.8
5659,0.7829107690655553,0.9718511582127803,44.05,72.05
5660,0.8367051770347557,1.0157982631957476,44.45,72.25
5661,0.7728940052385629,0.98678349428074,44.35,71.05
5662,0.7960540867883417,1.0129556455958066,44.3,72.75
5663,0.8120640685766284,1.0400047369218643,44.25,71.85000000000001
5664,0.8269333611324201,0.9946813535931895,44.1,72.35000000000001
5665,0.8279502002719549,0.9790144424757738,44.1,71.2
5666,0.8195749843449162,1.0086398886763948,44.9,72.15
5667,0.8032115059936866,1.0083911704513102,44.65,72.6
5668,0.8438302825368571,0.9780458756209541,45.300000000000004,71.1
5669,0.8249147602954134,0.9439651933583054,44.7,70.6
5670,0.8069033884720064,0.9890098300591974,44.85,72.7
5671,0.7790499334208222,1.037172699744684,44.3,72.89999999999999
5672,0.7823252411031231,0.9952773210206126,44.3,71.6
5673,0.774545794050823,1.0179881506184238,44.9,71.2
5674,0.7983635392054717,0.9823179806748555,44.75,71.35000000000001
5675,0.8604615892420024,1.0008645819005237,44.9,71.65
5676,0.8232493940784619,0.9812079291812938,44.4,71.8
5677,0.8157307598831182,0.9720610511918505,43.8,71.89999999999999
5678,0.7832922145792846,1.0266354760944651,43.75,71.2
5679,0.7844528718122752,0.967913953555599,43.55,71.45
5680,0.7785433739306948,1.017925579937778,43.95,72.1
5681,0.805926795675017,0.9677764433518607,44.45,71.05
5682,0.8119505008043318,0.9617292080293702,45.5,71.7
5683,0.8138970843113621,1.0148734477602466,44.55,72.39999999999999
5684,0.8230733696974878,1.0086364929410434,44.0,72.05
5685,0.8045620119362564,1.0005659916771779,44.25,72.8
5686,0.8456085888103223,0.9709268556587438,43.9,72.0
5687,0.7977007063421714,1.0377193433598115,44.55,72.1
5688,0.7928429886248057,1.0054722309710824,44.25,72.39999999999999
5689,0.7950464511172067,0.9976865591668616,44.25,72.1
5690,0.7835232289164675,0.9853849087206398,43.5,71.15
5691,0.8220491668197881,1.0091182809873616,45.2,71.95
5692,0.7954476240095282,1.030920190661685,44.4,72.15
5693,0.8146822324757292,1.0051849488927858,44.95,72.05
5694,0.8225217034913926,1.0042299363632747,43.65,72.39999999999999
5695,0.797011170434618,0.9951021078860892,44.800000000000004,72.7
5696,0.7526369343615938,0.9549229429349737,44.25,70.8
5697,0.7897395508247016,0.9880756556116328,44.800000000000004,70.55
5698,0.8057220589568035,0.9972084856230606,44.7,70.85000000000001
5699,0.8253059132902814,0.9841088275641132,44.75,72.05
5700,0.7685323933601128,1.0029394511810157,43.95,71.3
5701,0.7836112910701262,1.0145564583386626,45.2,71.95
5702,0.8003815245505723,1.0112289692086385,45.300000000000004,70.85000000000001
5703,0.8237318759253105,1.0229427912399325,45.4,70.3
5704,0.8361178311613072,0.944848478741676,45.6,72.89999999999999
5705,0.7753959647406907,0.9997154409861191,44.9,71.7
5706,0.7679207428108784,1.055182438522771,43.85,71.55
5707,0.7979842369118008,1.0216547241013456,44.55,71.35000000000001
5708,0.8080182172908197,1.014395766965532,45.050000000000004,71.25
5709,0.7764243196179217,0.9762525259947737,44.65,71.2
5710,0.8486154380290872,0.9571288581543038,45.5,71.5
5711,0.833369849278362,1.0037161888640815,45.050000000000004,71.5
5712,0.8139574638851843,1.0203618247765935,45.15,71.25
5713,0.848538111102078,1.027085405131063,44.7,72.35000000000001
5714,0.8190944143768045,0.9853152179989898,44.4,71.7
5715,0.813580693778968,1.0422194353304248,45.050000000000004,72.0
5716,0.8230028327994381,0.9883510541482117,44.9,71.25
5717,0.8064444525366868,0.9713891126538811,44.05,71.15
5718,0.8417111260538117,1.0314260718433939,44.65,72.25
5719,0.8003982676223529,0.9725663446464373,44.15,71.89999999999999
5720,0.7829514497315667,1.0003882448966555,45.300000000000004,71.55
5721,0.7893029903983801,1.0011322572782149,43.0,71.75
5722,0.8153554450145456,0.9997514549783866,44.05,71.6
5723,0.7816064047347543,0.9911353881258449,44.6,72.15
5724,0.8069384573965397,1.028735608235853,44.5,71.75
5725,0.7941343313178124,0.98194234123285,44.65,71.2
5726,0.7669338686623326,0.987083698900763,44.7,71.89999999999999
5727,0.8198493580790194,0.9989094304625208,44.5,72.65
5728,0.7840752407828995,0.9949587879972822,43.55,72.1
5729,0.8286431915981519,0.9851795584555773,45.1,71.7
5730,0.796018229108713,0.98829295664853,44.45,71.65
5731,0.8053284258854874,1.0099640535185472,44.6,71.39999999999999
5732,0.8106590191753837,1.0005568874328643,44.35,71.8
5733,0.7865158247506195,1.002922092614314,45.2,70.15
5734,0.8350830135945803,1.0237649304531917,45.5,71.3
5735,0.7716809282338373,0.9896558509127922,44.15,71.55
5736,0.7571610836505268,1.0193935908662333,45.0,70.35
5737,0.7924658563407031,0.9603588390936546,44.7,71.95
5738,0.7795057693574691,1.0111425113959638,45.5,71.1
5739,0.8014014360709691,0.9814161793951144,44.5,71.45
5740,0.7958124567977961,0.9978109793628726,45.800000000000004,71.65
5741,0.8083435319296649,0.9903679412737713,45.25,71.15
5742,0.82689797130943,0.9687883078278644,45.300000000000004,70.95
5743,0.8125010062786034,1.0116584941703564,44.9,71.6
5744,0.777740414183166,0.9824766925063134,44.1,72.35000000000001
5745,0.8186817659749569,0.9817342535275815,44.55,71.5
5746,0.8377586320311974,1.0498502512630261,45.7,72.2
5747,0.7711216227565205,0.9837994701871661,44.05,69.6
5748,0.7846014266333805,1.0522825273878487,44.75,72.15
5749,0.8369723019107496,1.0085437439460418,45.300000000000004,71.3
5750,0.8259395456746226,0.994904297146077,45.1,69.39999999999999
5751,0.80408871046601,0.9990870194037897,44.6,71.15
5752,0.779369353033164,0.9670693957985863,44.15,71.8
5753,0.74209453858528,1.044013614935192,44.5,71.89999999999999
5754,0.7901007887388778,1.0851279721549827,44.4,70.6
5755,0.8369270814644083,1.0063165289148974,45.65,71.3
5756,0.8025914024040652,1.0334637083618743,45.45,71.89999999999999
5757,0.7996111916824523,0.9900079158907531,45.300000000000004,71.2
5758,0.8053506483429289,0.9970286814965061,44.95,71.8
5759,0.8061215694450174,1.008175482300496,44.9,72.15
5760,0.8227628974188288,0.9721188566460164,44.800000000000004,70.65
5761,0.804688784734302,0.9859587071961566,45.050000000000004,72.25
5762,0.815512620239531,1.0153474272234349,44.95,73.1
5763,0.8572582627248554,0.9910078266258967,44.9,71.39999999999999
5764,0.8131008456256066,1.0215292036489816,44.45,70.55
5765,0.803605921723142,1.029719984392061,43.7,71.25
5766,0.818259036258544,1.0227178820551581,45.0,72.35000000000001
5767,0.7904708429133493,1.0381402286078623,44.9,71.65
5768,0.8196806512524211,0.9941890772294755,44.5,72.45
5769,0.8309715287428014,1.0082919887639124,44.25,71.75
5770,0.8116198450282572,1.047613311617324,44.4,71.45
5771,0.8176358652480367,1.0028204684488882,44.6,71.45
5772,0.8378656439048024,1.0326364692297407,45.2,71.85000000000001
5773,0.7831420412460803,1.0118516949810723,44.4,71.89999999999999
5774,0.7812623614804801,0.9744093670918491,45.15,72.15
5775,0.7861863025300107,1.0316055384633702,44.1,71.3
5776,0.8302032977640806,0.9785976244701392,44.75,71.45
5777,0.8214494604427112,1.0200865423495296,44.0,71.45
5778,0.8191555543828606,0.992556885157716,43.3,72.6
5779,0.7666316378743118,1.045832154326231,43.3,72.3
5780,0.8116381846235883,1.0049907217927745,44.35,72.65
5781,0.8475015197955941,1.0033012816619966,44.65,71.3
5782,0.8029539903954249,1.019315189023002,43.75,71.7
5783,0.751542076839671,1.016062897138064,43.85,72.3
5784,0.8098230963037497,1.0092836634537121,44.1,71.7
5785,0.8137352024331076,1.020409462259345,44.3,72.35000000000001
5786,0.829031915051831,0.995918746377215,44.75,73.25
5787,0.7646571825525617,1.0373667479094018,44.65,72.15
5788,0.7895527059478205,1.0357557933369472,45.25,72.85000000000001
5789,0.811551534212384,0.9990419008833901,45.25,72.6
5790,0.814930613397096,0.969779754735589,45.300000000000004,71.3
5791,0.8418314079259974,0.9868614402383387,45.5,72.85000000000001
5792,0.8337351106769972,0.975495140075699,44.35,71.05
5793,0.789439063338311,0.9973369656556008,44.9,72.65
5794,0.8204050434459573,1.0409484264691973,45.25,71.0
5795,0.812642233877293,0.9937680718230469,44.800000000000004,71.6
5796,0.8415219677813772,0.9884477969866698,44.45,71.8
5797,0.825168626069983,0.9794334356012685,44.75,72.05
5798,0.7824001333599871,0.9361512874914096,44.65,71.55
5799,0.8788795900050238,0.9597752267356918,44.35,70.25
5800,0.8341089869763673,1.0413092387712135,45.300000000000004,72.95
5801,0.8532049122380622,0.9910521915981522,45.35,71.85000000000001
5802,0.825013392969106,1.0160162878639527,45.6,71.89999999999999
5803,0.7966394014026605,1.0269889618495107,45.15,72.1
5804,0.8266135418561252,1.0162085650897532,45.65,72.65
5805,0.8244236255255469,0.9930810287869608,45.050000000000004,71.55
5806,0.8264537524606559,0.9667202311946772,45.0,71.15
5807,0.8548708987867615,1.0220056275465532,45.6,71.25
5808,0.8191418397321656,0.989455485281331,44.9,71.3
5809,0.8296976778088183,0.9857039030683051,45.5,71.39999999999999
5810,0.8114828289145867,1.0227181741409552,44.15,72.75
5811,0.7902130522282214,1.0040840163252953,45.45,72.2
5812,0.7940098606770416,1.0416635861209138,45.300000000000004,72.3
5813,0.852634766978971,0.9912818600013223,45.7,71.7
5814,0.8494934173531075,1.0036684196930232,45.45,71.5
5815,0.8166888298004475,0.9557961067801161,44.800000000000004,70.55
5816,0.8223337949898687,1.0608310690860112,45.4,73.15
5817,0.7959556351227502,0.9988789340065612,44.0,71.7
5818,0.771380323986804,1.0105960413565356,44.1,72.39999999999999
5819,0.8339130700241915,0.9984973356614558,44.0,72.39999999999999
5820,0.8026188597771873,1.0274475447033493,44.15,72.39999999999999
5821,0.8097609886992393,0.9862056909038961,43.95,72.85000000000001
5822,0.8076291886287973,1.0170510838428768,44.75,72.65
5823,0.8012307886550338,1.0327274294105409,43.65,72.85000000000001
5824,0.8210979547524894,1.0580658106257956,44.7,73.35000000000001
5825,0.807100865022777,1.00306153668644,44.95,71.89999999999999
5826,0.8424122583420748,1.012789120098955,45.1,72.55
5827,0.8031174927741727,1.0174385147909446,44.85,71.5
5828,0.8168220416012589,1.0144044985337708,45.5,72.85000000000001
5829,0.8095175597239936,1.0408649647526305,45.2,72.75
5830,0.7668216206862708,1.002140279025384,45.2,73.15
5831,0.7722426317526762,1.0041820355713367,43.6,72.2
5832,0.8306812608612241,1.021421065373051,44.95,72.25
5833,0.8296540066195548,0.948251835810121,45.5,70.85000000000001
5834,0.8342007289698083,1.00764997650439,44.800000000000004,71.7
5835,0.8250328665790078,1.020097276668955,45.15,72.55
5836,0.8436730126362963,1.0190039438344347,45.15,72.2
5837,0.804129600249006,0.9880136251256866,45.45,71.7
5838,0.7983115912248355,0.9375180515594608,44.3,71.0
5839,0.794776089683259,1.0193873023387292,45.1,72.25
5840,0.80565101101469,1.0227519990576164,44.25,72.35000000000001
5841,0.8633544919697606,0.9836901561759653,44.85,70.65
5842,0.8273097235231726,1.0018055848922425,44.15,71.75
5843,0.8066721700638882,1.010216236121321,44.65,72.1
5844,0.8254059973247732,1.0100462561429948,44.0,71.3
5845,0.8679491028831948,1.0231660056424356,44.800000000000004,71.7
5846,0.8230016141470945,1.0206902299699505,44.0,71.1
5847,0.8084539864423318,1.0554067858445095,44.0,71.95
5848,0.8360312543852431,1.0513899544030165,45.0,72.1
5849,0.8344621132394046,0.9768599806423675,44.45,71.05
5850,0.8333563147430209,0.9974424241666002,45.0,71.75
5851,0.8009949248874257,1.0041710325889657,45.050000000000004,72.2
5852,0.7897266255509796,0.9979946080645232,44.4,71.65
5853,0.8209015861553821,0.9761230356910678,44.3,71.05
5854,0.8434713760518125,0.996974540006403,43.95,72.25
5855,0.8074847643166752,1.0153828177875819,44.65,70.95
5856,0.8073856811797945,1.0189883562749094,45.050000000000004,73.0
5857,0.8284378830512353,0.9964815748147414,44.25,71.7
5858,0.7735654964995092,1.003263853746603,45.800000000000004,72.55
5859,0.8121497196443461,1.0438896363721832,44.5,72.6
5860,0.8199225730589709,1.0168640022594548,44.05,71.95
5861,0.827087280702123,1.0011680482093501,44.4,71.35000000000001
5862,0.8102939114957528,0.9724536258975734,44.1,71.05
5863,0.8561573954503771,1.046550084881108,45.2,73.05
5864,0.810742074760562,0.9806399311494028,44.85,71.39999999999999
5865,0.805203592628422,1.0657504675625364,44.15,71.89999999999999
5866,0.8046256289224624,1.0355663362497545,44.45,72.3
5867,0.8252409902953314,1.0324569431341828,44.5,70.85000000000001
5868,0.8784047978383057,1.0228504400423803,44.65,72.05
5869,0.8272899601892482,1.0032359093698169,44.0,73.0
5870,0.8278733760991017,1.0244815163599204,44.35,72.7
5871,0.8619716168614707,1.0135423570299391,45.45,73.4
5872,0.8478614100692276,1.017093591646857,45.25,72.7
5873,0.8684896280534702,0.9724977615926335,46.050000000000004,71.2
5874,0.8339930143572865,1.0147654936755246,45.25,72.55
5875,0.7892142097331527,1.0183411251751346,44.4,72.7
5876,0.8264003575708811,0.9957905869100652,44.7,72.85000000000001
5877,0.8320553993156005,1.0151327146411677,45.050000000000004,71.65
5878,0.8333027298873312,1.0224100939790468,44.15,71.3
5879,0.8213072659843706,1.0317483456313643,45.300000000000004,72.2
5880,0.7761158973332973,0.9893116386672804,43.35,72.45
5881,0.7773829964263194,1.0432175165845,44.800000000000004,73.0
5882,0.8174304304897098,0.9863024191187298,44.7,71.35000000000001
5883,0.8328126484789853,1.0559539605263788,44.4,72.75
5884,0.8589724151244218,0.9969068749411159,45.5,72.0
5885,0.807546043953949,1.0256953891531098,45.35,72.2
5886,0.8305500105482784,1.0405000794532602,45.15,72.5
5887,0.7577433606852537,1.0497548451154748,44.6,72.45
5888,0.8650053964447355,1.0177907642940618,45.0,72.25
5889,0.8320058525926213,1.0257077486872133,44.75,72.7
5890,0.8509274508086948,0.9971456107272593,45.7,72.05
5891,0.8092203714521117,1.0161164960674802,45.15,72.39999999999999
5892,0.8035997141159313,0.991345485133312,45.0,72.1
5893,0.8425391558194988,1.0342566605041836,44.7,73.35000000000001
5894,0.7976772157773878,1.0353867051851815,45.550000000000004,73.25
5895,0.8164446100417324,0.9887596089832951,45.35,71.85000000000001
5896,0.8359129278753764,0.9939977951214404,44.85,71.25
5897,0.7708790847110903,0.9813175700721183,45.15,71.85000000000001
5898,0.8054517708331669,1.0003571254912518,45.2,71.45
5899,0.8701238237443534,1.005836784516796,44.7,71.55
5900,0.8638892977196566,0.9929502986204273,44.9,71.8
5901,0.8345902050949414,1.0279753831930498,45.0,72.89999999999999
5902,0.8415726848232252,0.9763065835827455,44.75,70.5
5903,0.8144596149966008,1.0509397493577561,45.050000000000004,72.0
5904,0.8159466333213047,1.0290230525318886,45.95,72.39999999999999
5905,0.8316365375130365,1.059978935781508,44.6,71.25
5906,0.8612079745064904,1.0115900057079013,45.6,71.35000000000001
5907,0.8513744170395324,0.994520159537303,44.95,70.75
5908,0.8725206852856532,1.0511408324628089,45.25,72.55
5909,0.8083684582732737,0.999977862605604,45.85,72.45
5910,0.809738007871758,1.0465743194274988,45.0,71.2
5911,0.7996132277633234,1.0455168464414093,45.45,72.15
5912,0.8590725595301562,0.991828790032647,45.0,71.95
5913,0.7979585269091592,1.0181447753498594,45.35,71.65
5914,0.8237512358351514,1.0292359516453842,45.45,71.7
5915,0.8360245006155401,1.0046523355781845,45.550000000000004,71.65
5916,0.8343852718861408,1.0117230689030234,45.15,72.05
5917,0.8074363879631492,1.0311527364938302,45.4,72.2
5918,0.8627518816956071,1.0146613171501215,45.15,71.65
5919,0.8012284838013071,1.0455010867274064,44.7,72.05
5920,0.774722400116084,1.0058826122677125,44.65,72.39999999999999
5921,0.8591178817025388,0.9968075050427518,45.45,72.0
5922,0.8209061543854602,1.041071143486981,45.45,72.6
5923,0.8290343754153965,1.0131872573374416,44.55,71.85000000000001
5924,0.8285853604685529,1.0152011943239503,45.9,72.05
5925,0.8112655886859882,1.0384168273215548,45.5,72.0
5926,0.8192785274651053,1.0178362005559836,45.4,71.39999999999999
5927,0.8226075380717799,1.0370106110219772,44.35,72.7
5928,0.8000309140420895,1.0512100354568723,45.95,71.7
5929,0.8721122512673206,1.0053495105528598,45.5,72.5
5930,0.7936371807999071,1.0867241614641285,45.050000000000004,71.89999999999999
5931,0.8400244724873621,1.0323679781818742,45.45,71.85000000000001
5932,0.7765392398152104,1.0070680829252456,45.1,70.85000000000001
5933,0.8343380642376663,1.019851687208227,46.1,72.39999999999999
5934,0.8432234177692618,1.0311912498559492,45.800000000000004,71.55
5935,0.8276409129396534,1.0081984769188612,45.4,72.05
5936,0.8341579409327345,1.0313394269324785,45.65,72.2
5937,0.8586563620304216,1.0335036980819898,45.15,71.05
5938,0.8246359197819917,1.0376643069019698,46.400000000000006,72.2
5939,0.8358215413764851,1.0508653233046448,45.550000000000004,71.5
5940,0.8164950209065712,1.0010996892209731,45.550000000000004,71.1
5941,0.8121654265330315,1.0205178017416932,45.5,71.25
5942,0.8304725399699846,0.9986950742141782,45.550000000000004,71.89999999999999
5943,0.8062948762316955,0.9996282952531816,45.9,73.15
5944,0.8323184984364977,1.035608038037898,46.150000000000006,72.15
5945,0.8080607999433892,1.029608898263211,46.1,72.0
5946,0.7716748214834136,1.0147074381354497,45.35,71.65
5947,0.8481424131741047,1.0063525182548074,46.35,71.0
5948,0.8082381532209285,1.002644144710314,45.4,71.39999999999999
5949,0.8297677889378525,1.0282267188532497,45.95,72.89999999999999
5950,0.8379793785877848,1.0745193240776958,46.150000000000006,72.39999999999999
5951,0.79924874183489,1.0166335797513744,45.550000000000004,70.45
5952,0.8355342742936112,1.0465280292538763,45.5,73.35000000000001
5953,0.8229420138336121,1.0626409514269246,44.5,72.35000000000001
5954,0.8661556848450027,1.0025030300313322,46.300000000000004,71.05
5955,0.8400742978790121,0.9982347333535558,45.25,71.39999999999999
5956,0.8058893364599471,1.0018852791836677,45.800000000000004,71.35000000000001
5957,0.8037367502410148,1.0267960157338205,46.2,71.05
5958,0.8078612241318626,0.9850731978433461,45.75,70.89999999999999
5959,0.8022166725587199,1.0270440573067106,46.25,71.45
5960,0.820186813468662,0.9961837669081063,45.7,71.2
5961,0.7674175097822533,0.9501843331870564,45.35,71.7
5962,0.7903568258020551,1.0272521735200852,45.25,72.25
5963,0.8670816277492513,0.9986937646534334,46.300000000000004,71.3
5964,0.8158505429379029,1.0113650686519648,45.75,71.1
5965,0.8289850750178714,1.0244991789887,44.85,71.5
5966,0.8414922036642436,1.033521447798629,45.75,71.55
5967,0.8096369290121291,0.9731291594531264,45.2,70.7
5968,0.8650820388265043,1.058504725578788,46.0,72.2
5969,0.8518569484081439,1.0463298489645771,45.75,73.25
5970,0.7896551928636504,1.0202455152242043,45.4,71.75
5971,0.8030822955839746,1.057475952997701,45.85,72.45
5972,0.8832499871496821,1.0392444772988123,45.5,72.05
5973,0.8221678088582526,1.0328943386617462,45.0,72.3
5974,0.8216879208180102,1.0133621842895502,46.25,72.05
5975,0.85404234960749,1.0093473121316043,45.6,71.75
5976,0.8140546238245309,1.0047820548427773,44.95,71.45
5977,0.8556948746988887,1.0095494027260428,45.15,70.89999999999999
5978,0.8104385932407835,1.0235393087411992,45.2,71.85000000000001
5979,0.821366973393134,1.060021913336327,45.300000000000004,72.2
5980,0.8436701670193247,1.0311013451953381,46.050000000000004,70.05
5981,0.8591724081543943,1.018632115145909,45.75,71.85000000000001
5982,0.8506388921720978,1.04700373498204,45.4,71.45
5983,0.8385761151222901,0.9867513221010699,46.050000000000004,71.65
5984,0.8421763599736178,1.0029789221496561,45.0,71.1
5985,0.8027248218552717,1.0382038080736355,45.2,71.65
5986,0.8043958234533048,0.9884532411393759,45.300000000000004,70.89999999999999
5987,0.8442179602949205,1.0313318514613663,44.35,71.39999999999999
5988,0.8421259935266344,1.0346725237138035,45.2,72.39999999999999
5989,0.7990223433031748,1.0483463405818632,45.5,70.95
5990,0.886315308939199,1.025790811097254,45.050000000000004,71.35000000000001
5991,0.8606345452872849,0.9802580826338304,45.2,71.35000000000001
5992,0.8377966131622081,1.0343637317262204,45.0,70.75
5993,0.8292711673992015,1.0066747212829519,44.75,69.39999999999999
5994,0.8468530964490038,1.0358945186492405,45.6,70.5
5995,0.8430452613405623,1.0115464456048875,45.0,70.95
5996,0.8106695949382613,1.0087245114508439,45.0,71.0
5997,0.8529501569232574,1.049208134133067,45.15,71.1
5998,0.8430123245697011,1.0277319813842365,44.2,70.1
5999,0.8292894956104384,1.0088222357562828,44.0,70.65
6000,0.8063503927364735,1.0499576807148063,44.7,71.3
6001,0.8096562376100455,1.0351856241012352,45.2,71.0
6002,0.8110040648155009,1.0365500767216262,44.55,71.15
6003,0.7840669957849317,1.0799267625378304,44.9,71.1
6004,0.8243630841590887,1.005570033544658,45.800000000000004,71.45
6005,0.8024069324866653,1.0552440383643866,44.75,70.95
6006,0.7884832966518884,1.0567245391851905,44.6,71.05
6007,0.8380072795162725,1.04324837598582,44.95,71.65
6008,0.8494187053160887,1.0377675453950617,45.300000000000004,71.75
6009,0.8388918508414138,1.000254694962042,45.35,71.1
6010,0.852169029255574,1.0027370624341305,45.1,71.15
6011,0.8348013169589896,1.0306882707110985,46.050000000000004,70.1
6012,0.8349826363008496,0.9930110641233187,45.050000000000004,70.5
6013,0.8270696598372026,1.022176937448353,45.25,69.3
6014,0.833707997796024,1.03555877045485,45.0,70.25
6015,0.868296613620143,0.9907339762360625,45.7,70.75
6016,0.8635928798484958,1.0623149844153832,44.35,70.35
6017,0.8267666590539061,0.996625851286998,44.75,69.69999999999999
6018,0.8513242681441655,1.0193038446237126,46.2,69.75
6019,0.8003717407913393,1.010254079626483,44.5,70.5
6020,0.8759169042167381,0.9853280040599598,44.95,70.45
6021,0.8180371474455442,1.0236182031822887,45.4,70.35
6022,0.8211497802968529,1.020815488869978,44.7,70.35
6023,0.8410039422218953,0.9369231945489538,45.15,68.95
6024,0.86131362553086,1.0238758800588497,44.95,69.89999999999999
6025,0.8479831673682808,1.0479119269271546,45.050000000000004,70.55
6026,0.8037177079269152,0.9686751702018946,45.7,69.65
6027,0.8393985216357935,1.0438289597535289,44.9,70.35
6028,0.8230695720636821,1.0331482285118236,45.800000000000004,70.35
6029,0.8120635501332104,1.0759318411423715,45.7,71.55
6030,0.8571432410954049,1.068340695878735,45.65,71.5
6031,0.8084008008072564,1.0002515516258006,44.4,71.55
6032,0.8652057475330348,1.0151536973422297,45.5,71.85000000000001
6033,0.8550824871167843,1.0221628735848483,45.050000000000004,71.35000000000001
6034,0.7764047784184702,0.9997778400442626,45.75,69.65
6035,0.8270808677772262,1.0087286236593154,44.95,70.1
6036,0.8043714412627418,1.0119600394442878,44.9,70.39999999999999
6037,0.8146857286737946,0.9949950409506155,45.0,70.5
6038,0.8495515441151216,1.025288562598185,45.95,71.55
6039,0.8353535095103544,1.012686834912277,45.4,71.39999999999999
6040,0.8053074753805084,1.0192002688904085,44.95,73.1
6041,0.8429209670525555,1.010524032592115,45.550000000000004,72.3
6042,0.7842235954582772,1.0481882175654889,44.9,70.89999999999999
6043,0.8636369408459257,1.0126065552153802,44.85,71.2
6044,0.8272099640981622,1.0769547958552008,45.800000000000004,71.05
6045,0.8377010444225739,0.9924232266113447,46.150000000000006,72.0
6046,0.848026994972611,1.0063288223870617,45.5,71.75
6047,0.8461932329451094,1.0223146672121555,45.95,70.8
6048,0.8470731836584471,1.031508571619772,45.050000000000004,70.35
6049,0.8130367120207539,1.0553309659988959,45.15,71.5
6050,0.8724506867973119,0.9995303769314502,45.0,71.1
6051,0.8316935394529511,0.9924613542351671,45.15,71.95
6052,0.8695655211408184,1.0436462546017913,46.150000000000006,72.55
6053,0.8204140712703074,1.0462152813438912,46.150000000000006,73.25
6054,0.8510735926015823,1.0214724651526461,45.9,72.85000000000001
6055,0.81236710793876,1.002046301357505,46.400000000000006,72.35000000000001
6056,0.8382123470021794,1.0283944446043611,45.85,71.15
6057,0.8239272271487491,1.017405651824569,45.300000000000004,71.5
6058,0.8522263703214196,1.0464995634041538,45.6,71.7
6059,0.8807383107265864,0.9918962506368787,45.45,71.2
6060,0.8164000374782473,1.0225555209077657,46.0,71.7
6061,0.8219698289438517,0.9921365856346251,45.65,71.0
6062,0.8118978571033417,1.0785660633566307,45.9,72.2
6063,0.8630825031198399,1.0479689175425906,45.35,70.7
6064,0.835447306888123,1.0075871147173845,44.95,71.0
6065,0.8509858130195133,1.0498232094070963,45.2,71.0
6066,0.8303928184623507,1.0309020338535293,46.150000000000006,71.89999999999999
6067,0.8245095620872799,1.0303687789473075,44.65,72.0
6068,0.8131587456155498,1.0784045944889518,46.1,71.5
6069,0.8560761768021995,1.0565929830669998,46.550000000000004,72.0
6070,0.7862815721627063,1.0121292631772512,45.2,72.1
6071,0.8213736338581367,1.007686609467201,45.9,71.45
6072,0.8518695943010368,1.0515964977173688,45.45,71.3
6073,0.822000406563965,1.023975081796333,44.75,73.1
6074,0.8446103618062923,1.0259230480602664,45.0,71.75
6075,0.8328381827136206,1.0174955548470064,45.65,71.39999999999999
6076,0.8448028761450059,0.9952105504147123,45.4,71.6
6077,0.8401894948549461,1.0323675819408717,45.65,71.89999999999999
6078,0.8346368246171945,1.0223039196786003,45.7,72.5
6079,0.8589721147820821,1.0571221055963138,45.9,72.0
6080,0.826932577986521,1.0229413418704665,45.0,71.25
6081,0.8320912070054021,1.0357439628002008,46.150000000000006,71.55
6082,0.8258028872886737,1.0272793851129018,44.7,71.1
6083,0.843012996501536,1.1051628033795948,46.400000000000006,71.75
6084,0.9005924560668971,1.0782841470301032,46.6,71.75
6085,0.8596563191216408,1.0450163472499243,45.2,72.1
6086,0.8019899996991007,1.030043606129923,45.4,71.35000000000001
6087,0.8630520433231768,1.0682826041039557,46.35,72.15
6088,0.8654529741429794,1.0494134952456102,45.75,72.05
6089,0.7651239283341423,1.0419173760625795,43.6,71.65
6090,0.7977304658295956,1.0316962841825494,45.0,70.8
6091,0.8097481290370085,1.0295378481434436,45.4,70.19999999999999
6092,0.860057407930629,1.0617305548716072,45.550000000000004,73.3
6093,0.7868740399277742,1.0054387642231428,44.65,71.8
6094,0.8468604236173667,1.0554473172701613,45.4,72.8
6095,0.8258988685572566,1.0306654360429215,45.65,71.3
6096,0.8433615332981939,1.0209100889440124,46.150000000000006,72.8
6097,0.8333098568141699,1.033459183672399,45.1,72.35000000000001
6098,0.8206327465975427,1.0424908502184467,44.800000000000004,72.7
6099,0.8494377999657035,1.007633161126804,45.4,72.15
6100,0.8323398535514902,1.0689113734446136,45.550000000000004,72.15
6101,0.8565886279350328,1.0233377970957718,44.6,71.75
6102,0.7847744611175406,1.0131224653953002,45.75,71.55
6103,0.8624401302085922,1.0391960502192088,45.800000000000004,71.85000000000001
6104,0.8102290620421526,1.0111029796377764,44.75,70.3
6105,0.878787367247725,1.0136692432402432,45.550000000000004,71.6
6106,0.8701619311697287,1.0076399541423402,45.35,71.55
6107,0.8562509621561882,1.0269798284838316,45.6,73.0
6108,0.8540052928842828,1.0545374523438873,44.7,72.0
6109,0.8809010447688209,1.0456614003420825,45.45,72.39999999999999
6110,0.8199110653462938,1.0424125204753896,44.85,72.0
6111,0.8090680058867407,1.0274281775615801,44.35,72.35000000000001
6112,0.8519177481194156,1.056946956775384,45.300000000000004,73.25
6113,0.8729537098966161,1.0257290851782455,44.800000000000004,71.85000000000001
6114,0.8662639184460983,1.0275524526695001,44.7,72.6
6115,0.8259353121040495,1.0687159178729853,44.3,72.1
6116,0.8118691204930868,1.0804164581975737,44.45,73.05
6117,0.800810984990201,1.008943026762806,45.15,71.2
6118,0.8139194180671493,1.0719038562186327,44.7,72.35000000000001
6119,0.8485568146361415,1.085594302022031,44.9,72.39999999999999
6120,0.8244638694029417,1.0420430739777293,45.2,72.25
6121,0.8030457307249306,1.0299684509684826,44.85,72.2
6122,0.8149236390598853,1.0367969124275325,44.95,72.65
6123,0.8175029650404176,1.0352690644848,44.2,72.3
6124,0.8293252063825641,1.0200750446274782,44.800000000000004,72.25
6125,0.8521269733436501,1.0178310108320887,45.6,72.25
6126,0.8516775680403766,1.0780868049702728,46.0,71.85000000000001
6127,0.8177826956862306,1.0625439915339685,44.3,71.55
6128,0.7955517509661328,1.022965324631166,44.0,72.1
6129,0.8905132860990055,1.0586972774873535,45.6,72.2
6130,0.8358151405085091,1.0765781436004251,45.65,72.35000000000001
6131,0.8112886670490153,1.0557181737953978,45.95,72.55
6132,0.8590528613513094,1.0216847413329255,45.15,72.15
6133,0.8258587432977134,1.0274759422553068,45.75,72.35000000000001
6134,0.8339146217650364,1.0136843850615491,45.45,71.65
6135,0.8136787193415264,1.0174843687204027,44.6,71.05
6136,0.8758128547688688,1.0384595630943108,44.65,71.55
6137,0.8476254141600928,1.0327934635341258,44.85,71.15
6138,0.8450122677785451,1.0201980205413985,43.6,72.45
6139,0.8436512252278553,1.0018242812270046,45.0,71.55
6140,0.8667257956582466,1.0450858371967429,44.800000000000004,72.3
6141,0.8286499874220479,1.059705746670713,44.800000000000004,72.89999999999999
6142,0.8889434949725978,1.0558959682512137,45.300000000000004,72.35000000000001
6143,0.8474214436845416,1.0090303207102778,44.800000000000004,72.1
6144,0.8183770370720287,1.011148655482658,44.65,71.05
6145,0.8363227201290834,1.0553983897732415,44.9,71.39999999999999
6146,0.7941026260350101,1.0274460307419266,44.5,72.1
6147,0.8163269133217459,1.0697880745043502,45.1,72.35000000000001
6148,0.8779195584780165,1.0219199319369514,44.45,72.95
6149,0.8142494833308768,1.0524560247689767,43.8,72.3
6150,0.8234339260311444,1.0615237832230144,45.15,72.0
6151,0.8352730653675369,1.0852869902416482,44.55,71.35000000000001
6152,0.8041200175697804,1.0644720563891952,44.95,73.2
6153,0.8823436835788152,1.0323277620155153,44.35,72.15
6154,0.8926279768267082,1.0510510186089623,44.2,71.75
6155,0.847934973167369,1.0374254794494036,44.6,72.5
6156,0.842629151319153,1.0581496944186957,44.35,71.1
6157,0.8652920902598553,1.049854042726291,44.5,72.55
6158,0.8500231374935111,1.0538052694911744,44.0,71.85000000000001
6159,0.8356289664552303,1.0220532797779032,44.05,71.3
6160,0.8985450359226338,1.064233111534407,44.05,72.95
6161,0.864539379594925,1.0684975553058615,45.35,72.8
6162,0.8154275996816741,1.0290112249480452,44.7,72.15
6163,0.8136865619448672,1.0246920384164226,44.1,71.89999999999999
6164,0.8595106727317525,1.011965339801997,43.95,71.55
6165,0.8064569585983825,1.0239409859112327,43.8,73.1
6166,0.8247388731006039,1.0975709743519932,44.2,71.1
6167,0.8249703224378486,1.0325879005647043,43.35,71.6
6168,0.8253181435858673,1.0270660596986574,44.85,71.7
6169,0.8884440951441918,1.0576764967495005,44.5,72.75
6170,0.8449253383606541,1.061219050211152,44.0,72.55
6171,0.8495238497514324,1.0254594167875983,44.75,71.6
6172,0.8701358825711736,1.0295719437565654,44.65,71.1
6173,0.8794636969272267,1.073761824890531,43.15,73.45
6174,0.794969031698482,1.032027144086691,43.85,72.85000000000001
6175,0.8813090988619556,1.0651467472059448,44.65,72.55
6176,0.8187468968144239,1.054439802311717,43.5,72.35000000000001
6177,0.8336503801596834,1.0057367689110652,43.45,72.7
6178,0.8097331431052942,1.0617834445422312,44.5,72.6
6179,0.8270301558438247,1.0442247605257986,44.2,72.35000000000001
6180,0.8315125806828038,1.068416226348868,44.4,73.55000000000001
6181,0.8451613086929979,1.0254250573961845,45.75,73.0
6182,0.882176384482207,1.078987074035648,44.25,72.75
6183,0.8812651270025512,1.03151544742524,44.35,72.35000000000001
6184,0.876330472690593,1.0621859851103514,45.0,71.65
6185,0.8334338152829027,1.072038463001878,44.25,71.85000000000001
6186,0.8286537722103184,1.0109820371434424,44.05,72.39999999999999
6187,0.8452396408554608,1.050766861056199,44.55,73.3
6188,0.8346105204284089,1.0442648908735344,44.5,73.0
6189,0.901411488105925,1.0458489935783406,44.6,73.3
6190,0.8368415394702953,1.0529521221730247,44.1,73.05
6191,0.8055843829484844,1.0704845047308678,43.4,73.0
6192,0.8686107716757397,0.9936752418831163,43.85,71.75
6193,0.8272587124591175,1.0722501701653169,43.8,72.25
6194,0.8875706768908689,1.0538508027360265,44.0,73.65
6195,0.8255200189463625,1.0796234486761747,44.6,74.25
6196,0.8123009175236051,1.067322267413126,44.0,73.55000000000001
6197,0.8336102986353138,1.0739589004266237,44.4,72.55
6198,0.8684610699479046,1.0639948918262532,43.85,73.0
6199,0.8078110382951365,1.0322870479374437,44.25,73.5
6200,0.8701558519346202,1.029838223343476,44.4,71.7
6201,0.8247884702484776,1.0087019557008017,44.1,72.65
6202,0.8523318075277739,1.011103167514045,44.15,72.75
6203,0.835397029244425,1.0017073089587967,44.45,71.55
6204,0.8256647854102305,0.9955871704120199,43.3,71.5
6205,0.8493624912437433,1.0351254186521588,43.8,71.7
6206,0.8532825597514395,1.05554563314563,43.95,72.7
6207,0.8648467786252483,1.0265983678080055,44.35,71.75
6208,0.8037441161655331,1.0716930839692813,44.1,72.39999999999999
6209,0.7987083091019582,1.082565499556294,42.8,71.65
6210,0.8372960074633485,1.0030014203320643,44.25,72.45
6211,0.8386774850852734,1.0112554334247816,44.05,71.5
6212,0.8447002857433976,0.9977668342754805,43.95,71.55
6213,0.8552914447411093,1.0512532341610068,43.65,71.8
6214,0.8520207964219412,1.012713423160463,44.3,70.95
6215,0.8396323901470865,1.0530222373584057,44.2,71.7
6216,0.8379128802835374,1.0584303051472148,44.45,72.39999999999999
6217,0.8593643104080757,0.9907417833117478,43.55,70.7
6218,0.8427515736626294,1.0007713849536137,44.55,71.7
6219,0.8332570595250869,1.0504868708906352,42.95,71.39999999999999
6220,0.8066889582970599,1.0808422353809521,43.5,72.39999999999999
6221,0.8334362560587085,1.0318363882107577,43.45,70.5
6222,0.8755091746574615,1.0630055107238763,44.05,72.2
6223,0.8271218591641976,1.0054302952606047,43.8,71.75
6224,0.8398431425454626,1.069891028646585,44.65,71.65
6225,0.8236483203333058,1.0441586810256636,44.15,72.15
6226,0.840881392317498,1.0393807239329393,44.4,71.45
6227,0.8748881070468502,1.0134170157098217,44.75,71.3
6228,0.7788446380899052,1.0447691845772793,43.85,71.75
6229,0.8384961738698787,1.0367304758649407,43.75,70.95
6230,0.8595688723590001,1.0076787717590385,44.9,71.89999999999999
6231,0.8558909822422847,1.0199606581089624,43.8,70.95
6232,0.8969353201074077,1.002430029793481,44.6,70.7
6233,0.804929255524583,1.0122687394095684,43.9,71.55
6234,0.8701702447977311,1.0594190205440202,43.75,71.89999999999999
6235,0.8280828756700983,1.0110418059938666,44.7,72.65
6236,0.8934866095256198,1.0325561899527358,45.300000000000004,72.75
6237,0.8635195841755121,1.0576828103990352,44.85,72.65
6238,0.8532129473961529,1.0405319568696367,44.85,72.05
6239,0.792466703932833,1.0545162332348637,44.5,72.35000000000001
6240,0.8310666134008966,1.0726600678294904,43.6,72.2
6241,0.8114554262164706,1.056233415382303,44.0,72.25
6242,0.8100879280142835,1.0593672325194612,43.7,72.15
6243,0.8078855914325626,0.9826808559522852,43.6,72.0
6244,0.8316555360039777,1.0722860768744535,43.85,73.65
6245,0.8519834082592481,1.0516440238097324,44.35,73.9
6246,0.8340388673730443,1.0571995207249634,43.8,73.15
6247,0.848836269695663,1.0427333634842075,44.2,72.05
6248,0.7980573184731162,1.0276581155906432,43.5,72.75
6249,0.891255549565273,1.0493164060823943,44.05,73.6
6250,0.86370179298644,1.0490115546700753,43.35,73.9
6251,0.8708199382082293,1.020393274127625,44.9,73.4
6252,0.8553033010308629,1.0961521724911951,43.75,73.0
6253,0.8275918003718069,1.0267044776031566,43.55,72.55
6254,0.8601306329577173,1.0571289292163786,43.7,72.25
6255,0.8393302629209693,1.036759951954149,44.15,72.3
6256,0.863467295388329,1.0499588523488237,43.85,73.55000000000001
6257,0.7925538219785928,1.0350885939772896,43.3,72.65
6258,0.8418066120340502,1.0492820418334137,43.25,73.15
6259,0.7903147653448607,1.046159670021562,43.6,73.3
6260,0.8793685869041167,1.0607920796854104,43.8,73.5
6261,0.7893085294102691,1.041638106887319,43.45,73.65
6262,0.8306918514851737,1.039122685952322,43.85,72.95
6263,0.8613496067303796,1.0646874552549193,44.2,72.6
6264,0.8136871377046568,1.0647732288209217,44.0,73.5
6265,0.8475168733095644,1.1016831442924877,44.25,73.1
6266,0.8208017631844791,1.0650641826404459,44.15,73.95
6267,0.8024392038149473,1.0596082344524402,44.15,72.5
6268,0.849956383418844,0.9902624218575503,44.55,72.35000000000001
6269,0.8447260971148126,1.065547282800519,45.35,74.45
6270,0.8525865447108268,1.0632460229561478,44.4,73.2
6271,0.8430168017668119,1.1034645065061035,44.25,73.5
6272,0.8685103145054702,1.0995395131956966,44.9,73.75
6273,0.8467243941611035,1.0389207883884555,44.0,73.25
6274,0.7838696779733639,1.0254871486614072,43.75,73.2
6275,0.8285990863567161,1.0209050167572307,44.3,73.85000000000001
6276,0.8122531185166005,1.068358579968709,44.4,73.3
6277,0.8484835341868252,1.049474044455329,45.35,72.85000000000001
6278,0.8551949840956774,1.0484327229530064,44.35,73.3
6279,0.8638658588105171,1.029768788529016,44.05,73.2
6280,0.890166194974634,1.063460701109839,44.75,74.1
6281,0.8813882506451353,1.0810294055360146,45.4,74.05000000000001
6282,0.864040184663545,1.0630301595734315,44.45,73.4
6283,0.8308884083141861,1.0718677072004898,44.95,73.75
6284,0.8703593742660969,1.0087847489193331,44.15,73.2
6285,0.8716541800243267,1.041527655037005,45.0,73.1
6286,0.8379820017285097,1.0671793795495896,44.2,73.65
6287,0.8480401998221926,1.0800435902550647,44.1,73.7
6288,0.848972879079211,1.0572993546291534,44.5,74.15
6289,0.8162784393899226,1.089539165943101,44.45,73.8
6290,0.8829865135263298,1.0447653204220053,44.3,72.8
6291,0.8342117987564942,1.0292928673068564,44.15,73.65
6292,0.8422132780348741,1.0282564763961095,44.45,74.3
6293,0.867502908813311,1.0721982373918857,44.7,73.6
6294,0.8667878758875178,1.0585853822440554,44.4,73.8
6295,0.8004931518407111,1.0739294637661385,43.2,73.15
6296,0.8617542034617796,1.0737170679353563,44.25,74.8
6297,0.8080482368688625,1.0747912144030614,43.1,74.3
6298,0.8286122376518703,1.0675923917530201,44.35,73.55000000000001
6299,0.8795871565822164,1.0588793656957092,44.0,73.9
6300,0.8450546696029576,1.106611763320014,43.8,73.65
6301,0.8317582852163922,1.0742529953941833,43.85,73.6
6302,0.8590213930190027,1.0704394465253642,44.4,73.7
6303,0.8893917815250966,1.0543533289334974,44.65,74.0
6304,0.8489869478289447,1.0803424172989549,44.2,74.05000000000001
6305,0.8262059594917497,1.0253785077677875,43.75,72.55
6306,0.8304281879184675,1.0713511933091362,43.2,74.1
6307,0.8269320271193087,1.0471141699714408,43.05,72.6
6308,0.8395248350560847,1.0538285708469757,44.45,73.8
6309,0.8494009257228015,1.0638812298449984,43.5,72.45
6310,0.7926017968860195,1.022005192974457,42.699999999999996,72.05
6311,0.8199548181030444,1.0394219606320043,43.55,74.0
6312,0.773425049817501,1.080209861485696,44.4,73.25
6313,0.8370507409370719,1.062195256475111,44.1,72.95
6314,0.8661924254895137,1.0898406304495984,44.5,74.7
6315,0.8161860329161783,1.0589735184638336,42.55,73.0
6316,0.8599547898777058,1.0329578171617024,43.55,72.05
6317,0.8482397899482185,1.0710383949645057,43.1,74.0
6318,0.8591724745822896,1.0182521669411877,43.6,73.65
6319,0.82566151075388,1.086332645804993,44.05,73.35000000000001
6320,0.8507561854120274,1.052954924755892,43.8,73.75
6321,0.8391281127369539,1.0737312855940784,43.4,74.2
6322,0.8404658197743181,1.0460952381658921,43.95,72.6
6323,0.847540818233097,1.037007926406262,43.0,72.95
6324,0.8351747551874515,1.0657923090306496,44.6,73.25
6325,0.8411014779386895,1.0921404066212494,43.4,73.15
6326,0.8474912981920693,1.0236972767030434,43.7,71.89999999999999
6327,0.8374413088585638,1.039365190009362,43.9,71.39999999999999
6328,0.8204235870417581,1.0797388285905651,43.7,73.35000000000001
6329,0.8146697633421532,1.0401678682676525,43.3,72.6
6330,0.8385892166699773,1.109631272267964,43.45,73.0
6331,0.8692561989584643,1.0795952096993855,44.2,72.15
6332,0.8150048398165572,1.0935291794725177,44.2,73.65
6333,0.8039879878548739,1.0344598857620977,43.1,72.35000000000001
6334,0.8595268355005071,1.0703306442106124,43.7,72.0
6335,0.8548263813355302,1.0409467584478413,44.3,73.55000000000001
6336,0.8493324102594352,1.0715778983804831,43.55,73.3
6337,0.8444668740726381,1.0244478543229494,44.1,73.25
6338,0.8642042466268787,1.0890895314372915,44.4,73.35000000000001
6339,0.8750808805332541,1.1071113821563703,43.75,73.25
6340,0.8453944621218752,1.0645076486165999,44.05,73.5
6341,0.8707103221233924,1.0675674189852138,44.45,72.39999999999999
6342,0.8281739906267573,1.0519202604113382,43.8,73.3
6343,0.8537248968278243,1.0171532349098054,43.8,73.3
6344,0.8283349861369466,1.0569515529607347,43.2,72.65
6345,0.8720782798393781,1.0636946854004636,42.8,73.35000000000001
6346,0.8492309166955682,1.048591281274438,43.85,74.05000000000001
6347,0.8183285237913487,1.0282986944548158,43.95,72.89999999999999
6348,0.8253968743167447,1.058042317860121,43.1,73.2
6349,0.8913813489221779,1.0453112573185777,43.1,73.5
6350,0.8569215048354817,1.0498715921578934,44.2,73.55000000000001
6351,0.7996925712289124,1.0479044678499208,43.15,74.0
6352,0.8170686330337887,1.0893349023125842,43.9,74.0
6353,0.8931329526446864,1.0886923997237075,43.35,74.55000000000001
6354,0.8215446016010606,1.0961334885623815,43.75,73.55000000000001
6355,0.833011565920578,1.0666326187290642,43.65,73.35000000000001
6356,0.8800215667068911,1.0739487334431197,43.75,73.75
6357,0.8418426958416351,1.0631334167676114,44.0,72.15
6358,0.8875231037468114,1.069382441948953,44.1,72.55
6359,0.8150693845662538,1.0539434075916014,43.5,72.8
6360,0.8256215794863185,1.0803931114551528,43.7,73.25
6361,0.8481093190424074,1.0237303355280192,43.15,72.39999999999999
6362,0.8541597665445795,1.0865191168209487,42.95,73.6
6363,0.8604797541769684,1.0646098818607381,43.35,73.15
6364,0.8675854640657996,1.0514827174634567,44.35,74.3
6365,0.8447246601227403,1.0892593615349715,43.15,73.4
6366,0.8391062734128684,1.0483863176867503,42.85,73.8
6367,0.8590752339480762,1.06843559581596,43.25,72.45
6368,0.8566019563185013,1.0605778097403453,42.9,73.6
6369,0.8948738827852858,1.066819123442796,42.9,71.75
6370,0.8364361195828031,1.017864675060648,44.05,71.55
6371,0.8767881540609468,1.1038643814988536,43.05,72.85000000000001
6372,0.810274675686534,1.0388823593419576,43.95,73.35000000000001
6373,0.826087842528668,1.093659447665056,42.55,72.45
6374,0.8905661967046001,1.10686166268314,44.7,72.65
6375,0.8729483002273566,1.044991848559526,43.85,73.15
6376,0.8125893233577844,1.0405288056892936,42.9,72.39999999999999
6377,0.8700410578606825,1.0861578995860754,43.95,72.35000000000001
6378,0.8345585098208808,1.051945586331086,43.4,73.6
6379,0.8568119893512854,1.0522238636535908,44.55,72.6
6380,0.8790635923651721,1.0254878814515795,43.9,73.35000000000001
6381,0.843647404517176,1.1463924548318452,44.15,74.05000000000001
6382,0.8900273345151638,1.0904332175955551,44.65,73.7
6383,0.8573171111748646,1.0770364452159242,43.4,73.3
6384,0.8816557338640157,1.0992933846787893,44.0,71.7
6385,0.8581086619576187,1.0843722523501005,44.0,72.55
6386,0.8482368839978014,1.069438692342668,43.7,72.95
6387,0.8107195305837265,1.0284882919841418,44.05,72.5
6388,0.8382415385669786,1.1130846012693905,44.800000000000004,73.45
6389,0.9136861470980516,1.1194275342523339,44.95,73.5
6390,0.8558891341597165,1.0377975998400222,44.2,72.0
6391,0.8436810486668598,1.034698447058945,44.3,72.05
6392,0.8470528457747889,1.0671428826033806,44.7,72.15
6393,0.8638228092392146,1.0689447930031337,44.7,73.25
6394,0.8415517591508924,1.0962980287132484,44.1,73.4
6395,0.8368010440275669,1.0766496463135486,44.4,73.9
6396,0.8291719547712642,1.0703631932458708,44.45,73.2
6397,0.8740947978295444,1.104198529869545,44.9,73.0
6398,0.8548385403362047,1.0855787869131301,44.95,73.1
6399,0.8147662400964004,1.031863897280788,45.2,72.0
6400,0.8830549614989113,1.0570683744662503,45.6,72.95
6401,0.8562061765776248,1.0680821389956385,44.6,72.5
6402,0.8533400413984648,1.0934749664743026,44.35,73.5
6403,0.8792794059238442,1.0899747310658308,44.800000000000004,72.6
6404,0.9104151103483753,1.088839327447115,45.7,72.95
6405,0.8927979909096775,1.0527775633560046,45.35,72.7
6406,0.8535183286035198,1.0362556286423732,45.1,73.25
6407,0.813044728842639,1.0601331916680006,44.85,72.95
6408,0.8974261347071479,1.0358694812473095,45.800000000000004,73.05
6409,0.8813833845968215,1.0582679692520347,45.550000000000004,72.95
6410,0.8237076367254648,1.073566071968106,45.550000000000004,73.05
6411,0.8706603797725733,1.0846799986001388,45.2,73.35000000000001
6412,0.8221946215009112,1.0721121996424419,45.15,72.45
6413,0.8392919757585959,1.042483559090854,44.6,71.55
6414,0.9071622568972213,1.0415532870458686,44.5,71.85000000000001
6415,0.8569416629441149,1.0713220983663778,44.7,72.5
6416,0.8751812094210478,1.0991667000543577,45.7,72.75
6417,0.8724618454763137,1.0455190497657767,45.1,72.6
6418,0.8176351547173245,1.0850167629270495,44.5,73.25
6419,0.8408477673412859,1.1090558795169274,44.55,72.8
6420,0.8514937104854985,1.0451272659251731,44.6,72.89999999999999
6421,0.8582286772925,1.085309807912943,45.800000000000004,72.85000000000001
6422,0.8752459866247124,1.0539769471057172,44.75,72.35000000000001
6423,0.8145884881266786,1.0633361856454189,44.35,73.05
6424,0.847065705544841,1.0866671413936269,44.95,74.0
6425,0.8567727576477496,1.1075881265774756,44.5,73.15
6426,0.8404454597797608,1.0135099689104663,44.7,72.75
6427,0.8635468840097313,1.0953722189986161,44.1,73.95
6428,0.8828032880422788,1.0754523023769462,45.5,72.3
6429,0.9040102722438315,1.0473415365437375,44.9,72.15
6430,0.8588337229548942,1.0240243112726732,45.45,71.75
6431,0.8585143405580732,1.0532312450001537,44.4,71.95
6432,0.8822261738373791,1.0229913492843086,44.95,71.15
6433,0.823393786331833,1.0909614489404602,45.65,73.05
6434,0.8372960562809517,1.083896231082277,44.25,73.55000000000001
6435,0.8805979626389754,1.0577246490644343,45.65,72.6
6436,0.8679518711856745,1.088592699296616,44.0,73.0
6437,0.8346506236853759,1.0454083296514531,44.05,71.05
6438,0.800628737719679,1.0447437404619504,44.1,72.25
6439,0.8377570939434925,1.0835112280477843,44.95,71.85000000000001
6440,0.8862686444260055,1.0480710000375244,45.800000000000004,72.3
6441,0.8841238666398165,1.0704837273050025,44.95,72.25
6442,0.8902497217466837,1.084273947306773,44.25,73.2
6443,0.8366115091556683,1.0668903491340611,44.800000000000004,73.0
6444,0.8978543606058174,1.0657766766130239,45.050000000000004,71.75
6445,0.8456042110347513,1.065404464262374,44.6,71.5
6446,0.875998588151123,1.0778530839582785,45.15,72.65
6447,0.8732193257323745,1.0485219384486606,44.5,72.35000000000001
6448,0.8392273686215098,1.0574445281669422,44.65,71.2
6449,0.8723776494764927,1.027615220354373,44.4,70.6
6450,0.8457076773666129,1.0696124698665799,43.8,72.45
6451,0.8793596166772261,1.0589439972998163,43.8,71.1
6452,0.8885894688018428,1.0989844169991088,44.5,72.65
6453,0.7938173152818454,1.065363094819451,44.6,71.3
6454,0.8325672049230952,1.0771123040172006,45.300000000000004,72.3
6455,0.8157427954280551,1.044681815151787,44.25,72.25
6456,0.844098025787119,1.1056858640570395,44.9,72.89999999999999
6457,0.8607146352695779,1.0517269395938689,44.35,72.15
6458,0.852996590014139,1.0759544634014047,45.1,73.45
6459,0.8376671608001288,1.0892031413406063,44.65,71.75
6460,0.9101220451111154,1.0779947557821852,45.85,73.1
6461,0.8282511261543379,1.0761986249969369,44.7,72.5
6462,0.8379167757843303,1.0673717760788382,45.25,72.39999999999999
6463,0.8996429496475264,1.0914114897452913,44.65,73.65
6464,0.8667405568143848,1.0724993567230727,44.9,73.2
6465,0.850178044455995,1.0486543386533198,45.85,73.45
6466,0.8333129294587455,1.0843749996679597,44.5,72.85000000000001
6467,0.873241600609957,1.0703423812413315,44.25,72.1
6468,0.8307755272212559,1.018249331985588,44.7,72.85000000000001
6469,0.8473699918144941,1.101192291846834,44.95,73.45
6470,0.810732917862945,1.1092656070456701,44.65,72.05
6471,0.8627050616625036,1.0846491817547417,44.95,72.35000000000001
6472,0.8965951194813235,1.053823545845137,45.9,72.35000000000001
6473,0.8977815787572055,1.0687005690973097,45.2,71.6
6474,0.8624028692152604,1.1168795483806164,44.75,73.5
6475,0.896380252620472,1.0718766425684771,45.45,72.45
6476,0.8688835354835626,1.082614768051397,44.95,72.45
6477,0.8332459118245659,1.0262956711003017,44.6,71.8
6478,0.9322870468714342,1.0587885482099373,45.2,72.89999999999999
6479,0.8573653825533766,1.0388474718028442,44.75,72.6
6480,0.8485705582787848,1.085622353896716,44.95,72.25
6481,0.8524639405737275,1.0504267404251912,45.75,72.39999999999999
6482,0.8323059751628682,1.051780213962471,45.65,72.2
6483,0.8630901016191419,1.0703061134244314,43.85,72.65
6484,0.8778860440741093,1.0798392493267568,45.15,72.25
6485,0.8762470106374022,1.0883918843834308,44.45,72.45
6486,0.8510497539166915,1.072036239816071,44.9,72.25
6487,0.8604928284426512,1.0226209352590143,45.75,71.65
6488,0.8746798181393363,1.0746879323585417,44.25,71.89999999999999
6489,0.8878785650538749,1.0765821544155394,46.300000000000004,73.0
6490,0.8238091147310372,1.0580815893979811,45.4,72.45
6491,0.8495691895147186,1.1200859578476836,44.35,73.95
6492,0.8504483062162395,1.0871272240724423,44.55,72.25
6493,0.8355952933766211,1.1091273662417676,44.55,72.85000000000001
6494,0.8658471340024364,1.1017778625196293,45.050000000000004,73.15
6495,0.8939276064413442,1.0728938402182102,45.6,72.89999999999999
6496,0.876131213979324,1.069884908300534,45.35,73.55000000000001
6497,0.918615368532832,1.0586409328021098,45.25,72.3
6498,0.8833344355885288,1.0861682927100071,45.050000000000004,72.8
6499,0.824192120122482,1.0937651858064388,45.45,73.0
6500,0.8257206079511142,1.1153724124845394,44.1,73.35000000000001
6501,0.8721066437430127,1.0848836566864326,45.1,72.89999999999999
6502,0.8217422162585007,1.105842126986127,45.25,73.55000000000001
6503,0.8492049408023975,1.0168839884299146,44.2,71.75
6504,0.8770903830067817,1.03584697284851,45.0,72.95
6505,0.8864991462746851,1.0676819984238646,45.6,72.3
6506,0.8513771461607405,1.0756610694055802,44.6,72.8
6507,0.9161502820052713,1.0387488941960115,45.0,72.95
6508,0.8247531199340404,1.0192699854936915,44.7,73.2
6509,0.8752534013531094,1.1137246907884215,45.5,73.8
6510,0.8364335224430516,1.0816744342309719,45.2,73.9
6511,0.8627405140750082,1.0928050278645514,45.2,73.9
6512,0.8356335985561032,1.100551555360932,44.85,73.65
6513,0.8696031833458009,1.076720302919031,45.7,73.0
6514,0.8643835397102143,1.1340978970726048,45.5,72.75
6515,0.8864815341523029,1.0588458030664343,45.800000000000004,72.89999999999999
6516,0.9168261965932681,1.06981279410965,45.550000000000004,73.7
6517,0.8829377437359451,1.058101730875655,45.75,73.1
6518,0.8655785953137602,1.0787454855205496,45.95,72.65
6519,0.864572598672848,1.024339549121617,44.800000000000004,72.1
6520,0.8489272750832613,1.0997407159281238,45.6,73.4
6521,0.8579593067224879,1.0729188012319082,45.6,72.7
6522,0.8797398867219328,1.0829697757216117,45.4,73.5
6523,0.8516605003315814,1.0744121184863429,45.65,72.89999999999999
6524,0.8891140248963232,1.07769302150354,45.75,72.2
6525,0.9220084127095233,1.0747133130509623,45.75,72.45
6526,0.857321830526731,1.0807618987250949,45.4,73.7
6527,0.8146322004330329,1.133442419032758,45.25,74.15
6528,0.9001145979310327,1.0675301545247298,46.1,72.7
6529,0.885344309481062,1.114359040010762,46.2,73.9
6530,0.8674419808666909,1.0920673800186005,45.7,73.25
6531,0.8496159100950583,1.0732209913903166,46.150000000000006,73.45
6532,0.8627424777416705,1.0861603449640092,45.2,73.05
6533,0.9105443747843397,1.0867935366631956,45.4,73.55000000000001
6534,0.8344572129310514,1.0355524067039386,45.300000000000004,73.2
6535,0.8748656895962879,1.0929667908541225,45.65,73.85000000000001
6536,0.8652146093117044,1.0483841427864573,45.65,74.05000000000001
6537,0.8241292439256918,1.108803360926021,45.6,73.25
6538,0.9127951499760852,1.077342511043471,45.65,74.05000000000001
6539,0.8796499558241401,1.1171656366102156,45.85,74.45
6540,0.8267664051251395,1.0370267198286465,44.75,73.45
6541,0.8244379339110046,1.0995233620990377,44.6,74.6
6542,0.8630205030580133,1.0769544845289516,45.65,73.25
6543,0.8603040513926499,1.0610400440635626,45.0,73.4
6544,0.8782644808327389,1.0782384841787906,45.5,73.55000000000001
6545,0.8351205033020322,1.0785560487197088,45.25,73.8
6546,0.9030308258016553,1.090005563619397,45.15,74.0
6547,0.8608481398509871,1.0335812114093543,44.3,72.89999999999999
6548,0.8653413856389446,1.0718461302800724,44.2,73.75
6549,0.8750961110084894,1.080626311641624,45.1,73.25
6550,0.8511195650819465,1.1112999755616773,45.5,73.55000000000001
6551,0.8804326013075565,1.0819921523696217,45.1,74.2
6552,0.8803581770888047,1.1137905729866477,45.4,74.3
6553,0.8651062041753534,1.0997130495303262,45.45,73.95
6554,0.8977876377783292,1.0888707307299752,45.550000000000004,73.85000000000001
6555,0.8470769392611807,1.1092393287927482,45.75,73.95
6556,0.8183394731385966,1.0823495631849527,44.2,73.75
6557,0.8840474008094575,1.0907956649383759,44.65,72.15
6558,0.8554270590891481,1.0675444768800668,44.9,72.55
6559,0.8842860039369518,1.071813858069464,44.9,73.85000000000001
6560,0.8822580102090944,1.089699361431899,45.15,72.7
6561,0.8819702847762813,1.0831314383742754,45.25,73.3
6562,0.8482657423944704,1.0656797022520823,44.75,73.05
6563,0.8524337481360615,1.1054436353991095,45.1,74.4
6564,0.8536041325838565,1.0543400658271114,44.95,73.4
6565,0.8984526606028862,1.0524214458122756,45.15,72.5
6566,0.879727635597526,1.0746334470593617,45.25,72.25
6567,0.8637033223757676,1.0856255923204239,44.7,73.2
6568,0.8496769629117964,1.100784090032596,45.4,73.45
6569,0.8981372400038162,1.073315732207334,44.800000000000004,72.25
6570,0.8494684836738118,1.0424812104139374,45.0,71.95
6571,0.8917726608667496,1.0791900163090813,45.550000000000004,72.25
6572,0.8632730595525792,1.080814469090606,45.65,72.35000000000001
6573,0.8867354292097175,1.0885791218485588,45.45,71.65
6574,0.8790840052073902,1.0755889808423922,44.800000000000004,72.39999999999999
6575,0.845048883864941,1.0850947655558811,45.25,72.85000000000001
6576,0.8514743833032884,1.1155030787695615,45.6,73.5
6577,0.815779032354446,1.0711823076727385,45.25,72.6
6578,0.8441324803457387,1.041395274807166,45.300000000000004,72.35000000000001
6579,0.8671733937111549,1.083519871159442,43.95,72.35000000000001
6580,0.8465260696940825,1.1295966939378,45.7,73.7
6581,0.8477113233400316,1.0686100469497106,45.5,73.8
6582,0.8808746177837906,1.0720589653063268,46.45,72.15
6583,0.8537544132794272,1.0781250284935306,45.1,73.1
6584,0.8252292617987996,1.0803806619519298,44.45,72.89999999999999
6585,0.8776305847889218,1.0841993296501076,45.15,72.85000000000001
6586,0.8626176931028472,1.0840842629473082,45.550000000000004,71.8
6587,0.8783335558041452,1.057394762835084,45.300000000000004,72.15
6588,0.8787113948557671,1.064171315530739,45.85,71.7
6589,0.8167541956695129,1.0740595113959999,45.6,71.05
6590,0.852804466665494,1.0834160221491203,44.75,71.95
6591,0.8751456574923286,1.066334557009788,45.75,71.89999999999999
6592,0.8751717276222982,1.1040544286947802,44.65,72.39999999999999
6593,0.8596056291311002,1.0532838773423927,46.25,71.95
6594,0.8601787313203891,1.072369167339455,44.95,71.95
6595,0.8530448377142825,1.1391076222083565,45.1,72.65
6596,0.8748759754136434,1.0915761768794991,45.9,72.75
6597,0.8590179371332165,1.087684878182627,44.95,72.1
6598,0.8696865494661737,1.0842957223221632,45.0,72.5
6599,0.8756873526319404,1.0370011707616331,44.3,73.25
6600,0.8620886938523292,1.1271733277852518,44.5,73.1
6601,0.8565809589998098,1.0722964320786028,44.800000000000004,72.15
6602,0.8541801055786398,1.0875005169700216,45.6,72.85000000000001
6603,0.8878673029465445,1.0784331982762358,45.15,72.8
6604,0.8389269609960489,1.1283149515615896,45.2,72.05
6605,0.8225776366096162,1.1098955950917953,44.3,73.3
6606,0.8213317698556316,1.0984074956687686,45.300000000000004,72.7
6607,0.8735810120625633,1.055507104358629,45.5,72.1
6608,0.8898672717257912,1.0795202139669118,44.95,72.25
6609,0.8673811891428816,1.11026382773982,44.9,71.5
6610,0.8856990860330354,1.0918424948058083,45.5,72.3
6611,0.8631467240504909,1.0627309607969628,44.5,71.55
6612,0.8425864379469525,1.0921281851519216,44.55,72.35000000000001
6613,0.8841913970813283,1.084530838750682,45.300000000000004,72.45
6614,0.934558859951662,1.0423732621670878,45.15,72.2
6615,0.8313924007247294,1.0839144545809443,44.95,72.89999999999999
6616,0.8668682294571525,1.0633157713817134,44.65,72.65
6617,0.8346158339450012,1.100334996952996,44.7,73.0
6618,0.8862456176270809,1.0854720892150518,44.85,72.6
6619,0.8378109315427462,1.1315100376574856,44.65,74.35000000000001
6620,0.8324175737459018,1.0835573600985262,45.5,73.0
6621,0.8818628320265189,1.0605637438213593,45.75,73.8
6622,0.8513349778478885,1.0879840160866157,45.5,73.05
6623,0.8627055485647807,1.1322160423682972,45.0,72.7
6624,0.8572129969626413,1.0882468974441912,44.95,71.35000000000001
6625,0.8978737599943388,1.0516984242048857,45.95,71.7
6626,0.8620027584912741,1.08343846202239,45.2,73.3
6627,0.9053429246224817,1.0523490825935005,44.75,72.25
6628,0.8554328892702995,1.0737920156013625,45.800000000000004,72.5
6629,0.8640168529280999,1.0746481645804251,45.550000000000004,71.55
6630,0.8708188301928863,1.09052450543307,44.25,73.55000000000001
6631,0.8805603751139232,1.0964272999465074,46.150000000000006,71.95
6632,0.8528378130151538,1.0647664505743948,44.800000000000004,73.3
6633,0.8683562130184767,1.1188473117792728,44.85,72.95
6634,0.8842777749326591,1.0938453942096873,44.85,72.95
6635,0.9059870951668593,1.0896754854822475,45.25,72.15
6636,0.8850876842088748,1.124565125733102,46.2,72.8
6637,0.8681956896234116,1.089622351145966,45.2,72.95
6638,0.850130825656892,1.0704888658307428,45.6,72.85000000000001
6639,0.8938187548119477,1.0830716190022058,46.1,72.25
6640,0.8677470720821884,1.0184224930699832,45.85,72.35000000000001
6641,0.8674665444284199,1.034791210934812,46.1,70.95
6642,0.8639603209765965,1.0703288326707068,45.75,72.75
6643,0.8753499781520478,1.061594635961749,46.300000000000004,72.5
6644,0.8948836747104254,1.0711265642228123,45.1,72.1
6645,0.8135130316263023,1.067853846968837,45.85,72.55
6646,0.8938789499128122,1.0514870388947766,45.2,72.15
6647,0.8543162134803979,1.0570431476038697,45.75,72.39999999999999
6648,0.8173528799428879,1.0749356803419239,45.35,71.8
6649,0.8875678838274162,1.1052734848206045,45.95,71.75
6650,0.8643567897141571,1.0614265273164634,45.9,72.05
6651,0.9069138254712993,1.0707498444103198,45.050000000000004,72.35000000000001
6652,0.8815433866052221,1.077034467940512,45.0,73.35000000000001
6653,0.8400937810884205,1.1070721211183145,45.300000000000004,72.2
6654,0.8508342294691333,1.0526907802120413,45.6,72.05
6655,0.8578210082161415,1.0278087897440504,44.65,72.75
6656,0.8904689476305767,1.1102410611420972,45.300000000000004,73.65
6657,0.8334891139824795,1.0636662718254017,44.85,72.25
6658,0.8626671241103218,1.0664976311008176,45.050000000000004,72.85000000000001
6659,0.8484016495334573,1.1393612062493927,45.15,72.45
6660,0.8940992515559696,1.0918181081302119,45.45,72.3
6661,0.8613064422061194,1.1104789719999777,45.25,73.2
6662,0.8383268258306167,1.1214744481021575,45.300000000000004,72.45
6663,0.9010369178337175,1.1080209068988087,45.45,72.75
6664,0.8784748880090121,1.0721459842117356,45.6,72.75
6665,0.9065251216439285,1.0716136073802944,45.95,71.8
6666,0.88867541441956,1.1018014692560818,45.65,72.45
6667,0.8915334530994263,1.0908256852232303,45.5,72.65
6668,0.867111868438543,1.0994677093563654,45.7,71.95
6669,0.8689426976208308,1.106057414398228,44.95,72.8
6670,0.8615377846758601,1.0560512065115968,45.35,73.3
6671,0.9142163439937453,1.1061850334916714,45.4,73.85000000000001
6672,0.8694611294042848,1.100205173405183,45.65,72.5
6673,0.8888829153601316,1.0853532263289536,46.050000000000004,71.35000000000001
6674,0.9007892698025682,1.0972806854623187,45.800000000000004,72.55
6675,0.901856261754769,1.0850431158252072,45.7,72.5
6676,0.8851073711283023,1.1235505021147671,45.95,72.1
6677,0.891368520693826,1.0378824235075916,44.9,71.35000000000001
6678,0.875773417649567,1.0676754705280258,45.2,73.35000000000001
6679,0.8744543102222462,1.1163573234919952,44.85,72.95
6680,0.8824385010653536,1.0979086962570344,45.800000000000004,72.6
6681,0.8702524893944192,1.1026159105084654,44.65,73.3
6682,0.8991723579033996,1.1201627260790739,44.65,73.35000000000001
6683,0.8695273156990359,1.1025999264254573,45.9,72.5
6684,0.8994147100932708,1.1111148749551902,45.15,73.25
6685,0.8454339458050832,1.1088087766882737,44.5,72.39999999999999
6686,0.8847810273111273,1.0795382494410464,44.800000000000004,71.55
6687,0.8919678761629549,1.075984991932286,45.85,72.65
6688,0.8963193560406012,1.1066747940901605,45.7,72.39999999999999
6689,0.8963271452637905,1.1267179028314462,46.400000000000006,72.75
6690,0.8861565123626081,1.0653505976071869,44.800000000000004,72.75
6691,0.8321811385128723,1.0626980897532816,44.65,73.6
6692,0.8521650466241117,1.077639705787037,45.800000000000004,73.7
6693,0.8725344009424723,1.0744768533413507,45.7,73.1
6694,0.8943210266259431,1.05267111858923,45.9,72.25
6695,0.8777378424332836,1.1043391266990652,45.6,73.8
6696,0.8963849075768555,1.120532149838649,44.4,73.65
6697,0.8571080899202317,1.1145995966549447,45.1,73.8
6698,0.9145233132891528,1.0518355189187933,44.7,73.3
6699,0.8586868550316514,1.1305433154972238,44.800000000000004,73.5
6700,0.8648179007679305,1.0418763676750435,45.1,73.2
6701,0.8906051442942089,1.0812679840457036,45.6,72.75
6702,0.8609529001571143,1.085490178319975,44.75,72.8
6703,0.8749867812877015,1.1092053993679791,46.0,73.55000000000001
6704,0.8783937033002479,1.1116667941222123,45.050000000000004,73.45
6705,0.8746837560503821,1.084498002814436,44.95,71.8
6706,0.9084303830264555,1.0897045257105076,45.300000000000004,73.1
6707,0.8628874970359601,1.1387189581508943,44.800000000000004,73.5
6708,0.9000201955950489,1.0760636885426593,45.35,72.75
6709,0.8608182919086212,1.1161552137628306,44.7,73.75
6710,0.8635250248628786,1.1020177023900106,43.95,73.65
6711,0.8647173064187327,1.1726537263742778,43.75,74.0
6712,0.8679332927091786,1.1388279937870973,44.55,73.3
6713,0.9316752317261332,1.091551887934679,45.15,73.0
6714,0.8418289916302083,1.1054358910841298,44.15,73.1
6715,0.8775233430638074,1.0563057343180773,44.800000000000004,71.85000000000001
6716,0.9253772765363624,1.0704920441178192,45.15,72.45
6717,0.839061551943736,1.0612169437341403,44.65,73.0
6718,0.9272006875486343,1.105737985539571,44.15,73.95
6719,0.9095953945479432,1.1032112270328094,44.75,73.25
6720,0.9229540388856635,1.1222025501843387,45.4,73.0
6721,0.899069582646264,1.0826658547374164,45.2,73.15
6722,0.8560996307411508,1.1059825078238659,44.9,73.0
6723,0.9394557818153314,1.0687293585010325,44.6,73.6
6724,0.9152568738347138,1.0582835506519968,45.7,73.35000000000001
6725,0.8985597755741698,1.1032517827690123,44.5,72.7
6726,0.8673884575294085,1.1332875063004177,44.7,74.25
6727,0.881907286157517,1.1199236493298637,44.5,74.8
6728,0.8778454691458529,1.0690263592351383,44.95,73.5
6729,0.8973867265927609,1.0737708761202334,44.9,72.25
6730,0.90338014313732,1.0870558056918849,44.95,73.1
6731,0.8878299379925182,1.112636739985645,44.800000000000004,71.95
6732,0.9339102613051435,1.0668377475640076,44.55,72.8
6733,0.8945757438971033,1.0910181454431853,44.9,73.05
6734,0.8736806025926274,1.0932072096525527,45.4,72.2
6735,0.8828302691851063,1.0593277833466606,44.85,72.1
6736,0.8678146672146397,1.1064655666771803,44.75,72.95
6737,0.9091558984335742,1.1378254499417335,45.2,73.7
6738,0.8824858692271862,1.1006927905214814,45.1,73.25
6739,0.8922379046182789,1.1377439271218177,44.9,74.6
6740,0.8730728637159532,1.0593495804156146,44.6,72.45
6741,0.8959906850749509,1.1013143135071828,45.300000000000004,74.45
6742,0.8974036375233588,1.0990837563052114,44.6,74.5
6743,0.870181635871093,1.1371568861832908,45.6,74.0
6744,0.808348523842309,1.1233761656281354,44.6,74.85000000000001
6745,0.905211910829001,1.120551814512259,45.6,73.95
6746,0.862052484732192,1.0944284836422506,44.65,74.05000000000001
6747,0.9243885959146712,1.114811717143336,45.25,73.35000000000001
6748,0.8998834839118471,1.117683094461785,44.5,73.55000000000001
6749,0.8565732767430785,1.0887466025910526,44.45,74.35000000000001
6750,0.9043087182212959,1.1052900357282807,44.35,74.3
6751,0.881138851149066,1.1076186423665029,44.65,75.25
6752,0.902383566068896,1.1135165349820344,45.35,74.5
6753,0.8504497206741953,1.1697564666492244,44.4,74.95
6754,0.8931348334370978,1.1510886420681627,46.25,73.3
6755,0.8530549971646298,1.1505302631773966,43.85,74.15
6756,0.8581048003879541,1.0765310075121473,44.0,75.0
6757,0.8476000918824511,1.1208454056017232,44.75,75.0
6758,0.8921853491103321,1.1247893727330525,44.25,73.85000000000001
6759,0.8759682340220138,1.1187533632609215,44.25,73.3
6760,0.8683841440950445,1.070945897037225,44.9,73.05
6761,0.8747796338684805,1.1030549695797154,43.9,73.25
6762,0.8591975782100576,1.1484053298114116,45.0,74.0
6763,0.8650421341405843,1.0985486601267311,44.85,73.1
6764,0.8793543197794301,1.0891955069559243,44.65,72.65
6765,0.888063913285037,1.0928856602146193,45.35,73.4
6766,0.866610868545132,1.1030932699216982,44.75,74.2
6767,0.8487119259930809,1.0921052127542512,44.75,73.2
6768,0.8334806721727789,1.0698717109343612,44.95,72.95
6769,0.8685645368133341,1.0836758974878626,44.85,73.8
6770,0.9066253636227347,1.1245020602406226,45.550000000000004,73.7
6771,0.8934886477543568,1.112411156532829,45.550000000000004,74.25
6772,0.9375255134084611,1.066967232167917,44.95,72.6
6773,0.8821652158087228,1.1322363753762978,45.35,72.85000000000001
6774,0.8933436262540692,1.1244760312131326,45.0,74.0
6775,0.8654592029932082,1.0905729220425655,44.75,72.45
6776,0.9128484624944742,1.1221428669860134,45.9,74.5
6777,0.915017974651209,1.08605493590947,45.800000000000004,74.0
6778,0.8650626918854366,1.048397680539978,45.45,73.4
6779,0.8644534039543784,1.1027272106532917,44.85,73.45
6780,0.8710642520693381,1.0787582813971741,45.0,72.55
6781,0.8993844457728403,1.0872516509241117,45.7,73.85000000000001
6782,0.871356723888262,1.0786960284150642,45.050000000000004,73.05
6783,0.8528314558444886,1.0650321432300887,45.4,72.25
6784,0.8800280762270363,1.0928690889590085,45.25,73.5
6785,0.8586040752044123,1.1366859746477713,44.9,72.95
6786,0.8897662951653115,1.1438361947097364,44.800000000000004,74.45
6787,0.8514872292008683,1.0614856982745622,45.300000000000004,72.6
6788,0.8906220382675379,1.1301896285828772,44.75,73.0
6789,0.8556650790435535,1.112525880192265,45.45,72.35000000000001
6790,0.8688168855004679,1.0961510110302348,44.0,72.25
6791,0.8357684000554603,1.1240717065135677,45.4,71.89999999999999
6792,0.9033181146716932,1.088664458954473,46.0,72.39999999999999
6793,0.8657436274924261,1.0942761163812507,45.45,72.05
6794,0.8687397331821968,1.1190882081873874,44.45,73.25
6795,0.8877942672470184,1.1088290931048919,45.95,73.45
6796,0.8593517315504343,1.109005574083806,44.75,72.95
6797,0.8979005995713566,1.0704767912591548,45.5,72.2
6798,0.8897978782251968,1.0980400297629216,44.6,72.15
6799,0.8783917405845599,1.0805809799009234,45.050000000000004,71.95
6800,0.8885171473565295,1.131785996620116,44.3,72.6
6801,0.8805816296820234,1.0788446694896838,44.0,71.95
6802,0.873157375054696,1.0951203590109762,43.7,71.75
6803,0.8650453785318639,1.143452343127469,44.4,72.1
6804,0.8941596036335544,1.0454873301829408,44.55,72.45
6805,0.8894577693942042,1.1027574372705007,45.15,71.65
6806,0.9216648092389946,1.1210305898537494,45.4,71.3
6807,0.872797502046743,1.1304173922366783,44.4,72.8
6808,0.8903001615373799,1.1130281951825851,44.5,71.15
6809,0.8321753667121593,1.1027237166609694,43.9,72.39999999999999
6810,0.8663036726632183,1.1159965734987505,44.1,72.35000000000001
6811,0.8930059024271221,1.112533410540138,44.800000000000004,72.7
6812,0.8683513819767472,1.0915390405015948,44.6,71.8
6813,0.8580539058385547,1.0569036141161388,44.9,72.05
6814,0.9141917355298429,1.0733666867627674,44.5,72.8
6815,0.8808470048274648,1.1181921177986012,45.45,72.05
6816,0.8915299847240488,1.1301204675382754,45.25,73.15
6817,0.880392411438195,1.0691085489143022,46.0,73.0
6818,0.8993835228181251,1.0751653263928855,45.65,73.05
6819,0.8569302362452165,1.1238000961978303,44.85,72.35000000000001
6820,0.8970350837821007,1.111144094700288,44.0,72.2
6821,0.9085779713998456,1.1310654683414354,44.4,72.5
6822,0.8666345032384074,1.1381500414663044,44.6,73.0
6823,0.895326950464867,1.0818033642534814,45.050000000000004,72.39999999999999
6824,0.8782716212752608,1.1075954669499828,44.55,72.85000000000001
6825,0.89105356088183,1.115441013902071,45.0,72.1
6826,0.9090604484931804,1.0800457251557258,44.55,72.0
6827,0.8898607897832382,1.1213915395750715,46.1,72.5
6828,0.88104168949249,1.1112847168115714,45.2,72.75
6829,0.8864117729628486,1.10073940944506,44.800000000000004,72.55
6830,0.9021641742258428,1.1244352439504441,45.5,71.6
6831,0.8781741475539964,1.0741956197519822,45.85,72.55
6832,0.8855093402230625,1.0968803269951837,44.1,73.65
6833,0.9141573768932552,1.1374565789663853,45.95,72.65
6834,0.8536976392071853,1.0898299624168502,44.800000000000004,72.3
6835,0.8845336457012708,1.1204526086202613,45.75,72.05
6836,0.8927043328969335,1.0929686331470023,44.85,72.5
6837,0.9149111492032975,1.1010810088385203,45.300000000000004,71.6
6838,0.9127083887245018,1.106198743719351,44.7,73.0
6839,0.8997035552501327,1.0992230365505529,45.300000000000004,72.85000000000001
6840,0.8621961828545465,1.0601009526254712,45.25,73.3
6841,0.8408824343459556,1.1033466366164162,44.2,73.15
6842,0.8174472419018132,1.1010693959089355,44.0,73.3
6843,0.9165312647721275,1.1077646087064545,44.85,73.35000000000001
6844,0.8668229916476903,1.0826066300611072,44.800000000000004,72.6
6845,0.864664128082299,1.1202627743539428,45.300000000000004,72.89999999999999
6846,0.8751877337329848,1.1178365111125932,44.65,73.35000000000001
6847,0.8552003548116666,1.0993917414678214,44.25,73.75
6848,0.8867388035809408,1.1261657871860942,44.9,72.05
6849,0.8696603662245109,1.0921664736437386,43.6,73.5
6850,0.9120655135778273,1.0970821662882968,44.6,74.1
6851,0.8904068949794068,1.160400853788972,44.35,74.4
6852,0.8745899595862382,1.1106814628219737,44.2,72.95
6853,0.8331956583606406,1.1411448991894717,44.7,74.4
6854,0.9169893192337657,1.106263826823482,45.2,72.05
6855,0.8691247077670554,1.0797081803786406,43.8,72.35000000000001
6856,0.931722297025327,1.1071829586751878,45.1,72.65
6857,0.8835193052553022,1.0742208285271035,44.65,72.6
6858,0.8647546142290607,1.084838407412759,44.95,73.2
6859,0.9214630116489184,1.0914271339527981,45.2,73.3
6860,0.8330545250537855,1.1121083082890353,45.300000000000004,73.45
6861,0.8984807749264436,1.1247862637219732,45.75,74.2
6862,0.8875938771174194,1.1121282277956195,44.75,74.65
6863,0.8470222384281747,1.1608686898932652,45.25,74.8
6864,0.8979523221138216,1.0729795438071408,44.95,73.8
6865,0.8918833457097409,1.0924202393788742,44.45,73.6
6866,0.9058487443953058,1.1353538069238267,44.95,73.95
6867,0.838173472420875,1.0955257509289018,44.4,73.85000000000001
6868,0.9171794132422795,1.098680495664438,45.45,73.8
6869,0.900116159159351,1.122416024095649,45.4,73.55000000000001
6870,0.9013491297874867,1.1558485532006129,45.4,74.95
6871,0.8867422323805509,1.083800209638433,46.550000000000004,73.45
6872,0.9537103678967088,1.0969954128889863,45.9,73.45
6873,0.8903273916509103,1.1131902230666106,45.2,74.1
6874,0.8756093006163972,1.0730240912403888,45.2,74.0
6875,0.8478981215238194,1.0842741293738372,44.5,73.6
6876,0.8934440101341361,1.1159628226851446,44.800000000000004,74.05000000000001
6877,0.9021583697016392,1.1079958649547608,44.6,72.85000000000001
6878,0.8759403852413709,1.073988944080616,46.25,72.3
6879,0.9063032824661372,1.0978413953957586,45.4,72.0
6880,0.8885278093521544,1.0939250652960903,44.85,72.45
6881,0.8643861824837786,1.108391221281654,45.050000000000004,73.65
6882,0.9170718891043629,1.1183512523949986,45.1,74.95
6883,0.8977231413994109,1.1438179593351174,44.45,73.7
6884,0.9084641238464876,1.12934213254904,44.6,74.05000000000001
6885,0.8583566812591209,1.090381139497864,45.050000000000004,73.6
6886,0.9089459254859044,1.151177760418931,45.0,74.15
6887,0.9143646310957783,1.1070760403689741,44.85,72.3
6888,0.9060154355886871,1.119772871524634,45.45,72.89999999999999
6889,0.871915471248063,1.114738449267511,44.95,73.9
6890,0.8941414497770842,1.1021560577624214,45.65,73.35000000000001
6891,0.8805396574523889,1.1254153135614042,44.7,73.4
6892,0.8722964930776954,1.129972451495945,45.300000000000004,73.1
6893,0.9012548674979343,1.077714613397137,45.7,73.95
6894,0.8641983406465461,1.1338832422138019,45.6,74.35000000000001
6895,0.894863759500372,1.1143626958669857,44.95,74.2
6896,0.8955171275687341,1.0651669099495087,44.5,73.9
6897,0.9044431435535778,1.114280444816803,45.65,74.85000000000001
6898,0.9175862607517846,1.1009157858322942,44.800000000000004,74.25
6899,0.933019840013914,1.1413018211293653,45.050000000000004,74.35000000000001
6900,0.9262792316699556,1.086284055429233,44.65,74.45
6901,0.8949407686472264,1.105277404240259,44.6,73.3
6902,0.8999692518007189,1.1031424063544881,45.0,74.8
6903,0.8923345683834542,1.1063095132145593,44.65,74.85000000000001
6904,0.9058981404403026,1.1205323845453945,46.050000000000004,73.95
6905,0.8997379031587824,1.0971114268927105,45.9,75.05
6906,0.9356917911004635,1.1604878710901463,45.95,73.8
6907,0.9073987617919171,1.144559506959746,45.050000000000004,75.5
6908,0.9261250918359775,1.1354042098370891,45.7,74.35000000000001
6909,0.8995539308134791,1.140403122206133,45.050000000000004,74.35000000000001
6910,0.8738294635808997,1.1273786581958642,44.6,74.5
6911,0.8474705148605619,1.0863449844408501,44.75,73.4
6912,0.8811481823968471,1.134998625811746,45.5,74.45
6913,0.9103810882028054,1.1290846745601288,44.7,73.7
6914,0.8871177525064093,1.117162534768374,44.3,73.4
6915,0.87722114212159,1.1042443062625238,44.1,73.75
6916,0.883903338938708,1.109627842179205,44.3,73.6
6917,0.9173027880073208,1.0764139918339999,44.95,73.0
6918,0.8779931426193412,1.1176282563924254,44.7,73.6
6919,0.8842761008367613,1.087095717251735,45.15,74.05000000000001
6920,0.8960924582138614,1.1336133507637791,44.75,74.55000000000001
6921,0.9212092927071331,1.1081656940714302,45.75,73.85000000000001
6922,0.8624627723257676,1.0910711863136866,45.0,74.2
6923,0.8897232832259374,1.120081993673074,45.15,73.8
6924,0.9013365303042856,1.0643701107630594,44.9,72.85000000000001
6925,0.8857719396399866,1.1376766819136006,44.7,73.45
6926,0.9330990647306675,1.119297489758887,45.35,74.2
6927,0.9215709471560278,1.102133187979631,45.1,74.0
6928,0.904998909747964,1.0818908886064715,44.25,73.65
6929,0.8992065363619679,1.1066172921560542,45.2,73.85000000000001
6930,0.9345281114458421,1.118868086573009,45.85,74.4
6931,0.9113270369787217,1.1226546212479838,44.6,74.75
6932,0.9264277633030168,1.1489275852272676,44.75,74.0
6933,0.8817581153608443,1.1172423303357326,45.65,74.15
6934,0.9024221005881505,1.0534549581401211,45.4,73.45
6935,0.8785147995943723,1.1098349212792509,45.2,74.45
6936,0.8676750197154535,1.1340215018018815,45.6,74.05000000000001
6937,0.8625574263284703,1.1126559405721441,44.95,74.3
6938,0.9106710913139796,1.0915317024122884,45.65,74.55000000000001
6939,0.9150154086444365,1.1470994661029768,44.6,74.4
6940,0.8739859937976516,1.1574742231466535,44.45,74.05000000000001
6941,0.8745634905512649,1.1436915543992818,45.9,74.95
6942,0.9237913989860614,1.112805846249021,45.7,74.65
6943,0.9062721863361122,1.12775787935977,45.7,73.9
6944,0.9085384917672303,1.1013850507171277,45.95,72.75
6945,0.8747101990512969,1.1233709402416923,45.35,74.05000000000001
6946,0.8630493221849826,1.1492423548482749,45.5,74.95
6947,0.8918164507072046,1.1134866534217127,45.25,73.2
6948,0.8735647782802328,1.1451797042802576,43.95,74.3
6949,0.8983078211608895,1.105397725735344,44.95,74.3
6950,0.9014494101373637,1.108416674492221,45.6,72.75
6951,0.8792539352335065,1.1460938230759579,46.35,72.95
6952,0.8476290308017731,1.1257560165635045,45.300000000000004,74.6
6953,0.9167736282688244,1.0788507937238607,46.150000000000006,73.05
6954,0.8823559881212522,1.1166081384724496,45.6,74.3
6955,0.9343082530101446,1.0994141909473398,45.7,72.65
6956,0.894452756590336,1.0906045577373342,45.7,73.85000000000001
6957,0.8933450203656209,1.1403810724482806,45.9,74.65
6958,0.9074055833572998,1.1215696499270027,45.9,73.35000000000001
6959,0.9289268407644977,1.0817605821597787,46.45,74.0
6960,0.9483581495173994,1.1153568293715077,46.5,73.15
6961,0.9291240384202096,1.0869828906803727,45.9,72.15
6962,0.8472169121570237,1.1033905473138037,45.550000000000004,73.7
6963,0.889407265053034,1.1263149508545647,45.550000000000004,74.5
6964,0.8789615286826952,1.1426995452423419,45.85,74.2
6965,0.8914329781775562,1.1230125935616342,45.5,72.7
6966,0.8666463162766206,1.1466134698191426,45.800000000000004,73.55000000000001
6967,0.8997583363686238,1.1038523406483327,45.2,73.95
6968,0.9121325209570863,1.0739913962543597,45.75,72.45
6969,0.8857169813818841,1.1207515824974013,45.75,74.6
6970,0.9333725449948477,1.112327447830437,45.85,73.5
6971,0.8951748002261819,1.1372630867682985,45.15,74.3
6972,0.9176230099060042,1.0875428000073875,45.050000000000004,73.45
6973,0.871614293058386,1.133756444400413,45.45,73.85000000000001
6974,0.9048612669686799,1.0996489196975126,45.800000000000004,73.35000000000001
6975,0.9068635821217367,1.1607982422492165,44.75,73.0
6976,0.9195855925660521,1.1308268665622676,46.550000000000004,74.75
6977,0.9319523726284026,1.1434956553501994,45.050000000000004,74.3
6978,0.9096820695958074,1.1038726859432044,45.4,74.4
6979,0.8694161713733124,1.096808149997082,45.65,73.0
6980,0.8891491823072675,1.1023837822008902,46.150000000000006,73.6
6981,0.8492296811363694,1.122353787966792,46.150000000000006,73.7
6982,0.8811822561976849,1.112731243931565,45.95,73.5
6983,0.905620051672606,1.097855590073255,46.150000000000006,74.2
6984,0.9252834285125934,1.09900121955001,45.4,73.1
6985,0.8645705677184332,1.1369555851203383,46.300000000000004,74.35000000000001
6986,0.8952967176774388,1.0919485168073815,45.800000000000004,72.35000000000001
6987,0.9161177893385252,1.1238130403692876,46.050000000000004,73.05
6988,0.9666689337874725,1.1449871666666622,45.35,73.1
6989,0.886269612888633,1.116462906477007,45.7,73.35000000000001
6990,0.9102559677131085,1.1478668851235425,45.0,73.3
6991,0.9142741066731161,1.0778669521112318,46.400000000000006,72.85000000000001
6992,0.8925948322347649,1.1334348247609063,46.45,72.8
6993,0.9237410845715051,1.06087373848708,46.25,73.45
6994,0.8652590916249538,1.103930671062105,46.050000000000004,74.65
6995,0.9424840259684027,1.1049139933370407,45.65,73.3
6996,0.8783399966306119,1.1126292857234998,45.5,73.65
6997,0.8873947006897306,1.1380304015814804,44.800000000000004,74.25
6998,0.8895112723707589,1.102268076185929,46.0,72.75
6999,0.8819224821093647,1.095133064694047,45.0,73.8
7000,0.935755949626164,1.1270888554199772,46.2,72.45
7001,0.8874744578593976,1.0989389644159888,45.800000000000004,73.2
7002,0.9329503616659586,1.1074839700970693,46.2,72.1
7003,0.9181042127354399,1.1322983403638913,46.25,73.4
7004,0.9179711472315987,1.101837955912614,45.65,72.85000000000001
7005,0.8989317585571055,1.1177506168221554,45.15,73.95
7006,0.9236221429834682,1.1506763507497497,45.25,72.5
7007,0.930061008761058,1.1370150422974838,44.9,72.25
7008,0.8967510634795995,1.1369046417310837,45.35,73.4
7009,0.8807942834609966,1.107425330896782,44.85,73.05
7010,0.8915920485055574,1.1437210123712298,45.9,72.89999999999999
7011,0.8929756928954087,1.1315867359399427,46.050000000000004,72.95
7012,0.8943344748088884,1.1290090827429662,46.550000000000004,73.3
7013,0.9115638799066094,1.123769356649697,45.9,72.7
7014,0.9333298890386077,1.0953739540526057,45.65,72.85000000000001
7015,0.9434825858439986,1.1687469155269374,46.300000000000004,73.5
7016,0.9201033253495677,1.151445442407058,45.6,74.15
7017,0.9003260132070907,1.1419936448182904,45.85,74.45
7018,0.8726576545118746,1.1416462725957965,44.800000000000004,73.15
7019,0.9426062150398817,1.122076394434674,46.050000000000004,73.4
7020,0.9105289188293031,1.1243182210142275,45.6,73.5
7021,0.9219474718572591,1.0932422296624065,45.1,73.0
7022,0.8999078314212567,1.0698936796214884,46.150000000000006,72.35000000000001
7023,0.9019299602997539,1.1117017086216265,46.25,71.55
7024,0.9301818799745372,1.1246220619802578,45.800000000000004,74.2
7025,0.9436127963494568,1.1468714303083039,45.300000000000004,73.8
7026,0.9107140347927928,1.189241299351761,45.9,73.4
7027,0.9502581036445747,1.117826964270904,45.95,73.35000000000001
7028,0.8892374686289781,1.082740065041762,44.800000000000004,73.4
7029,0.891295840712927,1.1320205603261289,45.800000000000004,73.05
7030,0.922681303175802,1.147294219188056,46.7,71.85000000000001
7031,0.8922787931146489,1.132285007312733,46.550000000000004,73.6
7032,0.8769610544391045,1.144046227271399,45.6,73.05
7033,0.9235253267151626,1.1292882454418833,46.45,73.3
7034,0.9616245703939426,1.1583145629013192,46.1,74.05000000000001
7035,0.9195657051381068,1.1358657399378391,45.4,72.65
7036,0.9023559899440363,1.1730904654881165,45.85,74.1
7037,0.9010695309375812,1.1122576662884809,46.2,72.85000000000001
7038,0.8655657466532216,1.1252651457559686,45.550000000000004,73.4
7039,0.9258874366432978,1.1233888760943942,44.85,73.15
7040,0.9429205366813471,1.1619392096388523,45.050000000000004,73.0
7041,0.947055876607264,1.1502100661492851,45.75,74.3
7042,0.9264904442575387,1.1238724865201006,45.15,73.5
7043,0.919490874244309,1.126044457982534,45.15,74.25
7044,0.9083428159746872,1.1264679935604258,46.1,74.3
7045,0.928065571565875,1.113974773106978,45.85,73.9
7046,0.9741211512372954,1.1352399849532613,45.95,73.85000000000001
7047,0.8752927303759327,1.1069469844582094,46.85,73.3
7048,0.9479033178946341,1.1619713861868737,44.6,73.35000000000001
7049,0.9341312721945739,1.1318070634602655,45.6,72.45
7050,0.9289270413627001,1.1252014424397883,45.7,73.45
7051,0.8771050906782428,1.1373361321606503,45.800000000000004,73.5
7052,0.9080627263670973,1.083368542065478,45.65,73.65
7053,0.9168285641746665,1.1549466465989935,45.300000000000004,73.55000000000001
7054,0.9661992556975252,1.1125539280908001,46.2,73.4
7055,0.8989563206033085,1.129563485137303,46.2,72.8
7056,0.9055099746878922,1.1228693435888422,46.150000000000006,73.65
7057,0.9312570314028938,1.0937210799481851,46.35,72.7
7058,0.9591140991688344,1.1188527176594087,46.5,73.7
7059,0.9428328233201857,1.1235886868491098,46.35,73.55000000000001
7060,0.8830935137618187,1.1076088252276513,45.9,72.2
7061,0.9164751291591169,1.147845854182574,45.5,72.35000000000001
7062,0.9003188323191152,1.1485473946630427,46.150000000000006,73.4
7063,0.8862439540065237,1.1211293602299326,45.85,72.6
7064,0.9235196839651687,1.1159395704974882,46.400000000000006,72.2
7065,0.9383970146512828,1.1516341044129708,46.6,73.05
7066,0.8924047490797727,1.1204811946822892,45.45,73.2
7067,0.895507988196651,1.2129319913640682,45.75,72.45
7068,0.893585710856675,1.1132611397320233,45.800000000000004,71.7
7069,0.8759501662676403,1.138117191214796,44.75,73.05
7070,0.919013762606892,1.1718691388950317,46.050000000000004,72.65
7071,0.9069262923343038,1.13217489814463,46.5,71.6
7072,0.9061917796635776,1.1371411014746888,46.25,73.3
7073,0.9129321647171347,1.1356633974993455,46.0,72.5
7074,0.9148848168737049,1.156064132092059,46.650000000000006,72.5
7075,0.8924529300274648,1.1606441431806875,46.85,73.35000000000001
7076,0.8930613876110268,1.0778900632723796,46.2,71.75
7077,0.9557428119256456,1.155862753898702,46.050000000000004,72.6
7078,0.9274925578316529,1.1520294445095807,45.800000000000004,72.6
7079,0.8971708033214604,1.1325206088516535,45.85,72.1
7080,0.9437583564469085,1.1533026956815997,45.800000000000004,73.6
7081,0.9237974577109632,1.1420744652932786,45.7,72.45
7082,0.8564778921206451,1.1510484888446102,45.4,72.6
7083,0.8808796962787396,1.100443996168738,45.6,71.95
7084,0.9288703288322979,1.1344665382195531,45.95,71.05
7085,0.9079618157571804,1.0910260532205316,45.65,72.15
7086,0.9055139182354509,1.1258872354364884,44.3,72.35000000000001
7087,0.9199431070112485,1.1269495721599654,45.95,72.15
7088,0.9160380910227091,1.1095240803278994,45.1,73.35000000000001
7089,0.9442092670295396,1.1222651343558359,46.25,71.8
7090,0.9532961623086349,1.0929360877854277,45.7,71.89999999999999
7091,0.8959733334315886,1.1050853243406764,45.800000000000004,72.2
7092,0.905344838622148,1.1910812817844618,45.2,72.85000000000001
7093,0.9561712571609426,1.0974447814469748,45.35,72.35000000000001
7094,0.8635915097270334,1.094305186148543,45.0,72.45
7095,0.9126593803652786,1.1050287627605921,44.7,72.3
7096,0.9096472523699308,1.149574210730848,45.1,73.15
7097,0.8877489883522425,1.1553400487483927,46.25,72.55
7098,0.9018988246542412,1.1847100671911701,45.5,72.25
7099,0.9059041642619275,1.0987875026023264,45.2,72.8
7100,0.848460261990821,1.1508396211135086,45.800000000000004,72.75
7101,0.8860358822570331,1.196470355115398,45.550000000000004,72.55
7102,0.9272279966938923,1.1352058432196739,45.75,72.45
7103,0.9006727631192516,1.1214583028997993,45.550000000000004,72.85000000000001
7104,0.909862736773893,1.1411503377480303,45.7,72.39999999999999
7105,0.9376939895837102,1.1327442367471416,45.9,72.5
7106,0.9407752703822501,1.1312790868460287,45.5,73.25
7107,0.9138310235224611,1.154909281988797,46.550000000000004,73.25
7108,0.9245977609504531,1.137019593916266,45.7,72.95
7109,0.9184614950122127,1.1585540412027044,45.75,72.3
7110,0.8982521690801943,1.1506403217488177,45.75,72.85000000000001
7111,0.8896369804114145,1.1541222947321648,46.45,73.1
7112,0.9076858774958635,1.1096851896506565,46.300000000000004,72.25
7113,0.9411201734054266,1.1745435792596608,46.5,73.35000000000001
7114,0.9153975075199864,1.1581288446628366,45.800000000000004,73.35000000000001
7115,0.8963156450841623,1.1426717272987725,45.800000000000004,72.39999999999999
7116,0.903122267835096,1.0981405447600718,45.65,71.5
7117,0.9001470780467401,1.1373492674974772,44.85,71.6
7118,0.9288901496239218,1.0862508703093556,45.9,72.5
7119,0.9249006060529573,1.1368448359537815,44.95,72.2
7120,0.9353556544904794,1.13460511497172,46.150000000000006,72.55
7121,0.8961446405837917,1.1743712345305193,45.85,73.1
7122,0.9165647089358153,1.1656790143856948,46.050000000000004,72.5
7123,0.9276442259850949,1.13293606416096,45.0,72.1
7124,0.9087812079156604,1.134863339330903,45.65,72.7
7125,0.9176447173558693,1.1459625963134312,45.25,72.45
7126,0.8987793621956003,1.1563739093158205,45.6,72.2
7127,0.9418454280830119,1.1180466990656697,46.050000000000004,71.7
7128,0.9227801700812075,1.1476153133056453,45.95,72.39999999999999
7129,0.8871418781089913,1.158968980868682,45.35,72.39999999999999
7130,0.9260983232436173,1.136613029284079,45.95,72.05
7131,0.9091749400691339,1.128378026035609,46.150000000000006,72.65
7132,0.9067919756430708,1.0891433781899884,46.2,71.8
7133,0.9178846468464729,1.1882940636206554,46.45,72.85000000000001
7134,0.9165774878004497,1.1359387621430628,47.0,71.6
7135,0.9192985471430951,1.1222692523891682,46.400000000000006,72.3
7136,0.9134271671972699,1.106965383767506,45.95,72.6
7137,0.9086259145695191,1.1303900832757736,44.800000000000004,72.2
7138,0.9490012039802808,1.12295430485078,46.050000000000004,72.75
7139,0.912151441273596,1.1625509229350979,45.6,73.35000000000001
7140,0.9368842804023226,1.133672730521473,46.050000000000004,72.7
7141,0.9467848248448918,1.0901216901761193,46.0,72.3
7142,0.9531982533675036,1.1165418574637376,45.6,72.5
7143,0.9107911925136903,1.0927452065670558,46.5,71.75
7144,0.9249378752462455,1.1325477360668323,45.5,73.45
7145,0.9155679395145407,1.101337390277243,46.300000000000004,73.0
7146,0.8864072018307722,1.1238228010844291,45.35,73.0
7147,0.9403959273613212,1.1243418387476531,46.6,72.65
7148,0.8572389659477697,1.1154198392105268,46.0,73.0
7149,0.8940857927061734,1.1733841649757124,46.400000000000006,72.15
7150,0.9155457816315357,1.1209194688614037,46.800000000000004,71.85000000000001
7151,0.9255498524364179,1.1742250567843262,46.25,72.39999999999999
7152,0.8692895937237971,1.1197234887877165,46.150000000000006,72.15
7153,0.9149291268278061,1.1583961308918025,46.800000000000004,72.55
7154,0.8965064777989312,1.1183127777266053,46.150000000000006,73.55000000000001
7155,0.8954352254564487,1.134678369511079,45.7,71.75
7156,0.9405120334456272,1.1224467881330202,45.9,71.45
7157,0.8704156972992116,1.1351246141885702,44.95,71.95
7158,0.8772596685765971,1.1285947535812089,45.1,71.15
7159,0.9124988941450493,1.1004590420151295,45.85,71.65
7160,0.8947676064773485,1.1210772615814368,45.9,71.45
7161,0.8805426716981901,1.1088924035178633,45.5,71.8
7162,0.9055535582165853,1.119258604094036,45.6,72.5
7163,0.9450531646424452,1.1454422794125114,45.7,72.6
7164,0.897830177917017,1.1377192648031493,46.0,74.05000000000001
7165,0.9252874242691251,1.1343986223774933,45.800000000000004,73.2
7166,0.8944463814534171,1.138349916785958,46.35,72.75
7167,0.8845298338912321,1.1395068634590992,45.2,72.1
7168,0.8820907692382062,1.1222831551210077,45.800000000000004,72.15
7169,0.9052500734178588,1.1488713593559565,45.35,72.2
7170,0.9170271698289254,1.0845224834771223,45.300000000000004,71.15
7171,0.9487002870402628,1.0969131108700403,45.5,72.75
7172,0.8971227204466441,1.131680337269447,45.4,71.95
7173,0.954965591185618,1.1687688737644384,46.45,71.89999999999999
7174,0.9329705965884219,1.1721904576006033,45.95,72.6
7175,0.9232323113774367,1.129750884409549,46.0,72.2
7176,0.9235575424607967,1.118325991617657,44.75,72.95
7177,0.9254115218944193,1.1768372131742753,45.65,73.0
7178,0.9138972286723555,1.1240811984575658,45.95,73.65
7179,0.9245933293000156,1.152038732182484,46.400000000000006,74.8
7180,0.951024171537653,1.1603522063131981,45.85,74.05000000000001
7181,0.9463702420760847,1.1884810585763281,45.2,74.35000000000001
7182,0.9582772627169266,1.1027775570225327,45.550000000000004,72.89999999999999
7183,0.9014597518384515,1.1711509337534491,45.800000000000004,72.25
7184,0.9254701896688322,1.1193433681500433,45.4,73.35000000000001
7185,0.9394999043092769,1.1591540179880035,45.4,73.7
7186,0.926521751004241,1.1514844472980625,45.35,72.95
7187,0.883546132401148,1.1608055511769853,45.35,73.8
7188,0.9100232182157681,1.1488267724318344,45.15,72.89999999999999
7189,0.9373997180408703,1.1384386092966898,45.4,73.0
7190,0.8956112834993712,1.1619925805943017,45.300000000000004,72.45
7191,0.8910431338787344,1.1304084267605714,45.300000000000004,72.2
7192,0.9208334346048394,1.0966277738826051,46.0,72.35000000000001
7193,0.9800393267562634,1.0879072712669102,45.75,72.65
7194,0.9327335268148956,1.0978614001892155,45.300000000000004,72.25
7195,0.9118113567946854,1.1008917048367857,45.300000000000004,73.15
7196,0.9210261131116645,1.093275628672334,45.45,72.1
7197,0.8953783270641085,1.0810680401129915,46.2,72.3
7198,0.9120720674881148,1.132442247711427,46.1,72.39999999999999
7199,0.9164476192373023,1.1618028167145993,45.550000000000004,71.95
7200,0.9014997715443162,1.1233936996743439,44.800000000000004,72.1
7201,0.9021628521898847,1.12431643660611,45.0,72.25
7202,0.8988155416532307,1.1472187074225635,46.35,72.85000000000001
7203,0.8859124986407781,1.1784404669559359,45.6,73.0
7204,0.9247470165582602,1.1522839695755542,45.85,73.95
7205,0.9002860917164374,1.1447973788459582,45.7,72.65
7206,0.9185758359130846,1.0809830289399778,46.75,72.3
7207,0.9316979632893666,1.1508430617108045,45.2,73.5
7208,0.9474054931243336,1.1474120688500593,46.45,73.55000000000001
7209,0.8652304201477113,1.1222321605597017,46.0,74.65
7210,0.8655953769914677,1.1165999269221816,46.050000000000004,72.45
7211,0.9125480011674749,1.152103976733922,45.550000000000004,73.4
7212,0.945791344500597,1.100894419312255,45.300000000000004,73.05
7213,0.8770444487950088,1.197298974230621,45.550000000000004,73.65
7214,0.913837369296135,1.1433475287986548,46.25,73.95
7215,0.9026408031766386,1.109015430724503,46.0,73.5
7216,0.9361101620823333,1.1651549800632441,45.4,73.0
7217,0.9455337854234654,1.1674593493186585,46.1,73.05
7218,0.9259606217061775,1.1459751716286461,46.050000000000004,71.7
7219,0.8897432374324082,1.1078318093683872,45.35,72.6
7220,0.9160848512401233,1.1278909053254016,45.800000000000004,72.1
7221,0.9600009642156311,1.1442393488404725,46.2,72.65
7222,0.9371285680084318,1.1194146747036597,46.0,72.5
7223,0.9273125414879344,1.0800746269034975,45.75,73.0
7224,0.9180343922950664,1.0942812697281852,46.0,73.0
7225,0.9245708508686188,1.1630980680291216,45.85,72.65
7226,0.9448616581196266,1.0987824183900865,45.300000000000004,73.0
7227,0.8941117044661114,1.1328619715326276,46.400000000000006,72.65
7228,0.9259677280663666,1.149731722457785,45.9,73.4
7229,0.9289456246911773,1.123474122844846,45.1,73.2
7230,0.8919629003637645,1.1277384946186264,45.75,72.35000000000001
7231,0.9186717248447159,1.1484957647106024,44.65,71.55
7232,0.952482191130864,1.1517814994908722,45.35,73.1
7233,0.8819461225860197,1.1601595031707173,45.2,73.45
7234,0.9154298133123682,1.1149411659350354,45.45,72.0
7235,0.8853223412833431,1.1122485338777857,45.550000000000004,73.05
7236,0.9209013585184376,1.1648385540199084,46.050000000000004,72.75
7237,0.9002260226809435,1.1537966329331835,46.400000000000006,72.75
7238,0.9524367886399109,1.120902514863998,46.2,72.85000000000001
7239,0.9334495810654142,1.0941050739429183,46.1,72.55
7240,0.9112239759823535,1.100009769281099,45.75,71.05
7241,0.899851630065914,1.1290352575355178,45.5,72.75
7242,0.9083443915307061,1.171947633825718,45.050000000000004,73.25
7243,0.9446934010606834,1.1052923169637654,45.7,73.2
7244,0.9411593742207557,1.1479855502598226,46.0,72.95
7245,0.871599567853907,1.0818137047083027,44.9,71.25
7246,0.9319189503951931,1.117893898734525,46.35,72.05
7247,0.9102775495281441,1.1280150949079943,45.75,71.39999999999999
7248,0.9048139864453477,1.1487232706782011,45.800000000000004,72.85000000000001
7249,0.9520645934165267,1.1380186489337307,46.2,72.2
7250,0.8714676321514323,1.1238961586254694,45.9,73.05
7251,0.908874445615008,1.1277630222864647,45.35,71.7
7252,0.9368932079297801,1.119154374208767,45.6,71.15
7253,0.9172236220093919,1.1563149307292127,46.050000000000004,71.85000000000001
7254,0.9046015173080236,1.1967729065242465,45.5,73.0
7255,0.9029644485652082,1.1467005433181703,44.9,72.1
7256,0.8955107089194779,1.1762995760235346,45.050000000000004,71.55
7257,0.9053095317304468,1.1323216997921663,44.9,72.3
7258,0.9391683372470859,1.1311457283363848,45.300000000000004,72.6
7259,0.9309730581606691,1.1401580988506521,45.4,73.7
7260,0.9006106080768198,1.1246733614991842,44.2,72.55
7261,0.8868699611172876,1.1412945132493892,44.7,71.0
7262,0.9338472230257568,1.1811978230053186,45.85,72.5
7263,0.8823233871114828,1.1079254908492462,44.45,72.05
7264,0.9459841530917059,1.1271669611684607,45.800000000000004,72.45
7265,0.8832266656965267,1.1168430758252557,45.1,72.5
7266,0.9298495504632325,1.2055134964252288,44.6,72.0
7267,0.9083687471567813,1.1351194039361434,45.050000000000004,72.65
7268,0.9066647230912879,1.154344565302989,44.65,72.55
7269,0.8725672605645187,1.1169735444943882,44.4,71.95
7270,0.9368600448448628,1.1379276495578412,45.050000000000004,73.0
7271,0.9403161368264263,1.143353863863513,44.95,72.39999999999999
7272,0.9566965815337792,1.1613437790172016,46.050000000000004,73.15
7273,0.9132945002514321,1.1494267080451281,45.6,71.95
7274,0.9323675163931037,1.1456782778930874,46.35,70.85000000000001
7275,0.9051647821276138,1.1110799173031483,45.300000000000004,71.3
7276,0.934102145869675,1.1648563302878876,45.800000000000004,72.2
7277,0.9454377991419247,1.1697200510346586,45.15,73.25
7278,0.9316796553283306,1.1436689747752753,45.6,71.45
7279,0.9490009051490136,1.1189683855218207,46.6,72.15
7280,0.8908210212950396,1.1541164683406109,45.4,71.39999999999999
7281,0.9407034042119076,1.128072855718968,45.800000000000004,71.15
7282,0.9286055104733273,1.1290491867974068,45.300000000000004,71.5
7283,0.9230180316087355,1.1313273392744856,46.35,71.3
7284,0.9368126309959864,1.1149727460084127,46.150000000000006,71.05
7285,0.9474872123709306,1.120638739851095,45.6,72.15
7286,0.9029336759044446,1.1480431249795364,45.75,72.05
7287,0.9281783895527186,1.0975753856213868,45.5,71.55
7288,0.9442738268411435,1.142296207933056,45.65,71.7
7289,0.9232224358449371,1.1617017986787859,45.85,72.89999999999999
7290,0.898807173126509,1.1357712947908845,45.5,71.65
7291,0.8800947412249368,1.1428224395729658,46.150000000000006,71.2
7292,0.9307931942364136,1.1770360249111758,46.400000000000006,71.7
7293,0.9014538972469179,1.158056351814936,46.050000000000004,71.3
7294,0.968436977020707,1.1753401043078349,45.800000000000004,71.0
7295,0.9433749846873714,1.114973699499776,45.7,71.8
7296,0.9024036746246377,1.1770326915375462,46.150000000000006,72.8
7297,0.9431719795168267,1.1341809479652558,46.050000000000004,72.0
7298,0.9308392683976964,1.091046990567941,45.1,70.75
7299,0.963774749152076,1.1502597615384094,45.5,70.7
7300,0.9631616500206895,1.1751078985186605,45.6,72.5
7301,0.900429260308759,1.1484013018330401,45.45,71.39999999999999
7302,0.9122681401809498,1.1398117167067812,45.6,71.6
7303,0.881779649266395,1.1294840466125975,45.050000000000004,72.15
7304,0.9002992262060561,1.169811072972927,45.4,73.05
7305,0.9414414811566703,1.1944521159982957,46.300000000000004,72.0
7306,0.9024876252372254,1.1781655922883427,45.9,71.65
7307,0.9114663350532296,1.1211405570435842,45.7,71.7
7308,0.948630099028519,1.096760141204403,45.75,72.0
7309,0.8988530250992649,1.15877602697468,45.6,73.4
7310,0.9057808488373846,1.1807847602218426,46.949999999999996,74.2
7311,0.9052844878471851,1.1408939536435,46.050000000000004,72.6
7312,0.9134511332641327,1.148745152832976,46.5,72.89999999999999
7313,0.954528997400559,1.1323029293384457,46.0,72.39999999999999
7314,0.9420152305997492,1.124028352387686,45.9,73.1
7315,0.9263664453859562,1.1237655728180758,45.95,72.65
7316,0.9053085954542496,1.1437520138469421,45.75,72.65
7317,0.9797783762329895,1.1511845238740261,46.150000000000006,71.6
7318,0.9229290646937577,1.1150520836798687,45.95,72.3
7319,0.9375464941376441,1.161585779740623,46.150000000000006,72.39999999999999
7320,0.9111869038436692,1.1258574770000986,44.9,71.75
7321,0.9535688571857722,1.1471942513410391,46.25,72.85000000000001
7322,0.9376585333955024,1.1787265006381586,46.150000000000006,73.55000000000001
7323,0.9378284555860613,1.1475991467825757,46.6,72.5
7324,0.9487890411004335,1.112809390121835,45.75,72.45
7325,0.8980860217730631,1.1829951149220246,46.550000000000004,72.65
7326,0.9417417629071895,1.1560653701731312,46.5,72.7
7327,0.9011629963738303,1.1238676890019585,46.1,73.4
7328,0.9475092272782398,1.1371592472001741,46.0,72.15
7329,0.9086566452691118,1.1543279904144514,45.550000000000004,72.65
7330,0.9274702071759964,1.1459340300587058,46.050000000000004,71.85000000000001
7331,0.9360217880802838,1.1918850561862113,46.0,72.05
7332,0.9437741735455839,1.137016452501979,46.45,73.15
7333,0.9064804659640185,1.1432438318989424,46.25,71.89999999999999
7334,0.9119363525805455,1.1498542190518082,44.9,72.6
7335,0.9037818727537451,1.1312814221009566,45.95,72.0
7336,0.9217242720189763,1.1235105316809906,46.050000000000004,72.25
7337,0.9356571320741862,1.1409604207730617,45.1,72.75
7338,0.9332108861561738,1.183443610365491,45.050000000000004,71.85000000000001
7339,0.9514852668076217,1.1578838777741387,45.4,72.85000000000001
7340,0.912197019692307,1.1422837572424738,45.6,72.05
7341,0.9441175735686982,1.1343580527831936,45.85,72.45
7342,0.8980837905446648,1.1440568591163456,45.2,72.95
7343,0.9014306924937213,1.1016348813049488,45.550000000000004,72.95
7344,0.9566189746675227,1.1343425061716839,45.65,72.05
7345,0.9212494924311804,1.1367825380656968,45.45,72.55
7346,0.9595184592020771,1.155149614972065,45.1,72.89999999999999
7347,0.9217872723468367,1.140378222708318,45.85,72.39999999999999
7348,0.939033535810778,1.1588317817042044,45.9,72.6
7349,0.8876458863715853,1.1305351167187623,45.45,72.2
7350,0.9382683189744361,1.1616988678601674,44.85,72.95
7351,0.9230618292142568,1.122543676163666,45.9,71.39999999999999
7352,0.9333088533566487,1.1323115217835922,46.5,72.35000000000001
7353,0.9526033463147245,1.1664716401872084,45.9,72.85000000000001
7354,0.9090187651620593,1.1761850868397414,45.800000000000004,73.3
7355,0.9320393198513846,1.1545907199487129,45.5,72.39999999999999
7356,0.9275644355741706,1.1755783164932154,45.75,72.35000000000001
7357,0.9553410797795354,1.1201114227935036,45.7,71.85000000000001
7358,0.9777657575570795,1.1734507051830778,46.5,72.89999999999999
7359,0.9193333312261472,1.149574669500145,46.2,71.65
7360,0.9395806018409962,1.10186103529022,46.2,73.3
7361,0.9404095681531326,1.1312318667989536,45.75,73.4
7362,0.9181997087096065,1.128206955837917,46.300000000000004,71.95
7363,0.947032993888941,1.1520680153230178,46.949999999999996,72.5
7364,0.9167871185303513,1.1480686469120898,45.95,73.05
7365,0.9182118170846596,1.1690546145613558,45.550000000000004,72.65
7366,0.9289376276829252,1.1089249176945177,46.2,71.7
7367,0.9187869279688355,1.1917930124694902,45.45,73.3
7368,0.9163235770689313,1.1355633639657698,45.800000000000004,72.15
7369,0.930665623217436,1.1218855019487368,46.75,72.55
7370,0.9345303878333294,1.1255893261218253,46.550000000000004,72.25
7371,0.8886181088321006,1.1437078952038289,46.7,72.7
7372,0.9468104528373534,1.120314667095642,45.800000000000004,73.15
7373,0.950369015671416,1.137414687652603,45.800000000000004,73.0
7374,0.9349362327869394,1.1468437666528546,46.5,72.6
7375,0.937510363792459,1.1564543297011223,46.050000000000004,73.4
7376,0.9547238209501481,1.1257781203766297,46.050000000000004,72.8
7377,0.9012748807912885,1.1844727218651534,45.85,73.75
7378,0.9265469985828324,1.1295688472366687,46.1,73.75
7379,0.933747568811398,1.1547724032641995,46.800000000000004,74.25
7380,0.9217024120078094,1.0968814855031042,45.85,72.05
7381,0.9383188952999467,1.1951041690980606,46.35,73.65
7382,0.9757337262437464,1.1641390674879886,46.949999999999996,73.35000000000001
7383,0.9333766382292203,1.1718778480386383,45.45,72.95
7384,0.9322762850584182,1.1692306724776647,45.85,73.25
7385,0.9232241120951341,1.136345977844616,45.7,72.05
7386,0.9249348637227529,1.1688548306886646,46.2,73.45
7387,0.923789831663559,1.1339815188511007,46.0,73.55000000000001
7388,0.9596871472186396,1.147682523965605,46.25,74.3
7389,0.9465073958011372,1.135286824658205,45.65,73.45
7390,0.9204868422107652,1.1509460638738365,46.0,73.65
7391,0.9367013259382226,1.141733460474331,46.6,72.8
7392,0.9813945157232037,1.139930917419926,46.150000000000006,73.1
7393,0.9541822937615306,1.1655044543535478,46.7,73.25
7394,0.934878455716561,1.105389580534617,45.65,72.5
7395,0.8960801466892544,1.1788281027496457,45.800000000000004,74.2
7396,0.8968155091876079,1.1346327173387807,45.1,73.7
7397,0.896133173516885,1.1626026655470425,45.2,73.6
7398,0.929539980232043,1.1581497231454674,45.9,73.7
7399,0.9345239811269833,1.2012413816270489,45.5,73.4
7400,0.9392576363328449,1.1792854732172677,45.300000000000004,74.35000000000001
7401,0.9563966358381404,1.1565701281412097,46.400000000000006,72.95
7402,0.9558208166663617,1.1564369379888617,45.9,73.45
7403,0.904777262393526,1.1504450155397976,46.300000000000004,73.1
7404,0.8834292525530096,1.1257311097048015,45.6,73.7
7405,0.9278658410219598,1.1379585331308968,45.95,72.7
7406,0.9283893958970709,1.180016521298841,45.300000000000004,74.75
7407,0.9031430161248104,1.182334025224486,45.2,72.65
7408,0.9432809421573041,1.1412620523190316,45.65,74.55000000000001
7409,0.9139162115870513,1.1738027862965186,45.4,72.5
7410,0.9240515454392279,1.1443637132756812,46.5,73.95
7411,0.9164012810566221,1.2036089706326898,44.95,74.3
7412,0.9142151243892499,1.1496901334081795,45.65,73.8
7413,0.9303874753364089,1.1429306549601106,45.6,72.89999999999999
7414,0.9415169964049362,1.1560453118895606,44.5,73.3
7415,0.9680847626748997,1.1735334890657476,44.2,74.1
7416,0.9510098745581154,1.1592769023977736,46.25,72.8
7417,0.9190626831706538,1.149535614277194,46.35,73.5
7418,0.9311296172035509,1.1624308429957577,46.35,73.25
7419,0.9253712326104632,1.1535279014593594,45.550000000000004,72.75
7420,0.9292115618110112,1.1752479688271862,45.300000000000004,72.75
7421,0.9307007278996385,1.1249605481653906,46.0,73.0
7422,0.8713250296586706,1.181813083440392,46.25,72.2
7423,0.9356924850345584,1.1054697226066543,45.9,72.15
7424,0.9109869328604328,1.1250681374608358,45.75,72.85000000000001
7425,0.9049739153826333,1.1221252319840398,45.9,72.85000000000001
7426,0.9329200143433847,1.1218053758493771,46.2,72.8
7427,0.9564295304754438,1.1795351470535407,46.1,73.05
7428,0.9488243961002693,1.1506912069088835,46.300000000000004,72.95
7429,0.9254301485671781,1.1456946587209604,46.1,73.2
7430,0.9147978294441532,1.1338844271074549,45.7,72.55
7431,0.9470823740909223,1.189180192364145,45.95,73.15
7432,0.9550348558565731,1.1564041866340198,46.75,72.5
7433,0.9256524597474534,1.1690623663019843,45.95,72.95
7434,0.9000690692805856,1.151402051009311,46.650000000000006,72.85000000000001
7435,0.9129327588015853,1.1823895111775808,46.150000000000006,74.3
7436,0.9355407420199997,1.1639205506274537,46.300000000000004,73.2
7437,0.8896713209983643,1.1448125025503568,46.1,73.05
7438,0.9302131187189111,1.1872667292240762,45.800000000000004,73.05
7439,0.9227945267153312,1.1583398348696283,45.550000000000004,72.2
7440,0.9196381420402127,1.1272657996465107,46.1,71.75
7441,0.9516089533770441,1.1468339909633778,45.6,71.95
7442,0.9494105432949844,1.1547948088708295,46.150000000000006,73.15
7443,0.8953232376782132,1.1752568872117048,44.9,73.4
7444,0.9165826347940222,1.0955114183692474,46.800000000000004,71.75
7445,0.9074284694284308,1.1889881174078127,46.5,73.7
7446,0.9160622487805762,1.1519568113190661,46.150000000000006,72.8
7447,1.0035785294375383,1.1141767761475938,46.400000000000006,72.39999999999999
7448,0.9231253132528516,1.1947035722368693,46.75,72.75
7449,0.9064038994739049,1.1457597809652889,46.800000000000004,72.55
7450,0.896058314886647,1.1024542048033765,45.95,72.2
7451,0.9137479548830277,1.1422495753316588,45.5,72.55
7452,0.8928534613148404,1.182543450929312,45.9,73.4
7453,0.9702935868712466,1.138724753792565,47.15,73.1
7454,0.9185061368024984,1.137160651794432,46.7,72.0
7455,0.8872269480448858,1.1396947791640193,46.150000000000006,72.6
7456,0.9133390831349764,1.1327751834028121,46.1,72.85000000000001
7457,0.9316574147799543,1.1917455343038448,46.2,74.1
7458,0.9300174123965949,1.1882024333144676,47.15,73.95
7459,0.9520271240926761,1.178449888709557,46.85,74.55000000000001
7460,0.9304819125148612,1.1847130591772284,47.15,73.55000000000001
7461,0.9238445537747381,1.1471885806444606,46.300000000000004,73.4
7462,0.9265131481987731,1.1510850877096652,46.650000000000006,74.7
7463,0.9195882196640544,1.1532409253225941,47.15,73.85000000000001
7464,0.9551033019748933,1.1406084334547044,45.75,74.1
7465,0.9492912469842316,1.1696258909398807,46.800000000000004,74.05000000000001
7466,0.9289004027343949,1.1363389247762348,46.150000000000006,74.45
7467,0.8973542267601101,1.106728810551102,46.300000000000004,73.1
7468,0.9743575710157845,1.1849161667810622,46.650000000000006,73.45
7469,0.9063101884912735,1.1432134718375637,46.85,74.05000000000001
7470,0.9594347226279011,1.1388006172978749,46.800000000000004,73.95
7471,0.9143371281093482,1.1325475619106868,46.6,74.1
7472,0.9712862876947309,1.178254787434299,46.0,75.44999999999999
7473,0.9493820175261465,1.1502087054340462,46.45,73.9
7474,0.9437396577227262,1.116690892019899,46.0,73.15
7475,0.9417836068031368,1.1832671973148619,46.35,74.35000000000001
7476,0.9075028815651708,1.1753946109449658,44.95,74.3
7477,0.9540043119928985,1.1572304806843283,45.95,74.0
7478,0.9723629850648899,1.1457340058800618,46.800000000000004,73.6
7479,0.9417161808188135,1.160465741421092,46.550000000000004,73.9
7480,0.9073877254731592,1.1378630637751104,45.7,73.55000000000001
7481,0.9734575188823851,1.2024594767363475,46.949999999999996,74.85000000000001
7482,0.9148337618173963,1.1826825458502706,47.15,73.9
7483,0.9215019835087196,1.1914295019549521,46.25,73.55000000000001
7484,0.8803492405036288,1.166827903698942,46.400000000000006,73.65
7485,0.9302964959899174,1.1490580273283553,46.400000000000006,74.45
7486,0.9347827444779925,1.2032702655918701,45.85,74.65
7487,0.937739358879158,1.1657068848185552,46.2,73.4
7488,0.9357383141757787,1.160276351994657,46.6,73.75
7489,0.9522445541988459,1.1566654734412964,46.5,73.4
7490,0.9369682852977029,1.1683240384757627,47.099999999999994,73.55000000000001
7491,0.9599743758782507,1.1464949938224684,46.300000000000004,74.45
7492,0.9302277584479774,1.1932746262820173,46.550000000000004,73.1
7493,0.9591580837071827,1.1546989103351721,46.45,74.0
7494,0.920476294220849,1.1584468254202722,46.400000000000006,72.89999999999999
7495,0.9310153675107958,1.175628099908742,46.45,73.55000000000001
7496,0.9119142337352392,1.204257036512738,45.85,72.89999999999999
7497,0.9259325093348161,1.1983076350459718,46.6,74.25
7498,0.8953005181274846,1.142493143154036,47.5,72.5
7499,0.9187007851574521,1.1584332169585219,46.150000000000006,72.35000000000001
7500,0.9214794095514196,1.1241231400266158,46.35,72.0
7501,0.9073428577365231,1.1570466525924725,45.800000000000004,73.0
7502,0.941962790518827,1.1983635080175927,45.35,73.55000000000001
7503,0.9201987172059719,1.1810645278178586,47.0,72.89999999999999
7504,0.9230070532722454,1.1653259134830731,45.95,73.1
7505,0.9387355546439213,1.1636744952347484,46.300000000000004,72.65
7506,1.0065379696470553,1.161664091864784,46.400000000000006,73.25
7507,0.9619931712246014,1.1653803060887287,45.95,73.5
7508,0.9857136006808257,1.181807576755349,46.150000000000006,72.55
7509,0.896216241193986,1.1481840655316118,45.85,73.0
7510,0.9568882595133055,1.175235898247425,45.550000000000004,72.05
7511,0.9105192172636114,1.193504722547445,45.6,72.89999999999999
7512,0.8990175132652711,1.1725791122061313,45.75,73.6
7513,0.9230842230667119,1.1419927301974873,45.65,71.95
7514,0.973950299036204,1.1316339260325057,47.199999999999996,73.25
7515,0.9284301074462712,1.139856304331077,46.550000000000004,72.75
7516,0.969542511792643,1.2176272234514771,46.300000000000004,74.4
7517,0.9850653811389009,1.1897187682542623,46.400000000000006,73.45
7518,0.9019736120280133,1.2238247022035984,45.25,73.6
7519,0.9261306075926738,1.1972123972907112,45.85,73.15
7520,0.9637009066626179,1.1140034910275953,45.7,72.5
7521,0.9636264450803659,1.162072796492762,45.7,72.35000000000001
7522,0.9262299379093004,1.1893843287258061,45.2,74.55000000000001
7523,0.9703344311793005,1.1816265316194923,45.85,73.65
7524,0.9363701334360967,1.1648372317277185,45.7,72.8
7525,0.9778657866294759,1.1499817848260432,46.0,73.6
7526,0.9459394382040249,1.1908901781079813,46.35,73.9
7527,0.9502049890329348,1.1206500919128475,47.15,73.25
7528,0.9486969168650222,1.1399554043757112,46.75,72.1
7529,0.9740708261247357,1.1719112861483054,46.5,74.1
7530,0.9309017912958952,1.167319602305487,46.1,73.55000000000001
7531,0.9530676534223224,1.1790339922660589,45.4,73.15
7532,0.9443964654134697,1.1481021579922601,46.45,73.5
7533,0.9310875769402921,1.2036955698133138,46.300000000000004,73.9
7534,0.9305959010025269,1.1336578750818036,46.9,72.35000000000001
7535,0.9893126508827282,1.1199735311657641,45.95,71.75
7536,0.9026057331527907,1.145512662059601,45.9,72.7
7537,0.9655941144820046,1.1313522544085044,47.099999999999994,72.89999999999999
7538,1.0011625228497971,1.15617252519742,46.7,73.6
7539,0.916908855820981,1.2218137153439932,46.650000000000006,73.15
7540,0.9019320275386759,1.150824373134439,46.150000000000006,73.35000000000001
7541,0.9457045669521097,1.1646933122885226,46.85,73.1
7542,0.9219507471148836,1.203034033097566,46.9,73.65
7543,0.8707148248456191,1.1327626514570621,46.45,72.55
7544,0.9514019209240694,1.1685179314293945,46.1,73.4
7545,0.918707784893337,1.173887529955843,46.2,73.85000000000001
7546,0.9341391017574942,1.1783577635008482,47.3,72.95
7547,0.910369626008628,1.1688213912560594,45.800000000000004,72.8
7548,0.951862582374513,1.186651908428069,46.6,73.55000000000001
7549,0.9112914016715349,1.1600902199961582,45.6,73.45
7550,0.9563815335108448,1.1796519763517266,45.550000000000004,71.89999999999999
7551,0.9520318817868969,1.1977426052777773,45.7,73.35000000000001
7552,0.9076327912759589,1.1436615342781797,46.45,72.55
7553,0.9052432564762599,1.112981563939562,46.300000000000004,72.6
7554,0.9453456034154687,1.1026229407311066,46.800000000000004,71.8
7555,0.9207490388436672,1.1486875511913097,47.15,73.6
7556,0.9536931442358143,1.1531526983330609,46.2,72.8
7557,0.9357837522361344,1.1841470641456495,47.0,73.3
7558,0.9019489780653246,1.1770770803684534,46.25,72.75
7559,0.943300212785815,1.1720232178180299,46.6,73.65
7560,0.9484956544977325,1.2054359319159584,46.2,72.3
7561,0.9200967368507558,1.1441047809926395,46.9,73.7
7562,0.9576840884969734,1.1494867091085712,46.45,72.0
7563,0.921610583574846,1.133789839425509,46.7,71.45
7564,0.9148417624884453,1.1767942629539667,46.6,72.89999999999999
7565,0.9531851349662188,1.1607965204399624,45.800000000000004,72.55
7566,0.9140573834945268,1.1731226216647355,46.75,72.25
7567,0.8942417605471407,1.171324482134865,45.7,72.05
7568,0.9495545123711652,1.150828167026523,45.9,72.65
7569,0.9427269494365578,1.171068528084144,46.2,71.75
7570,0.9662667569417859,1.168809983797059,46.1,73.2
7571,0.9132543889645308,1.1566650028566305,47.05,72.0
7572,0.9509483830662829,1.167249984562796,46.45,73.6
7573,0.9514481516361772,1.1585709074214485,46.150000000000006,72.85000000000001
7574,0.9522146278363305,1.2309667444782466,46.45,73.5
7575,0.908130437912198,1.175395442107902,45.85,73.1
7576,0.9209759576776865,1.204381605753864,47.0,73.65
7577,0.9382426023622381,1.133779542105994,46.800000000000004,72.15
7578,0.9678509610968357,1.2056169938003571,46.6,73.25
7579,0.9808183608042778,1.1613819945171895,45.7,71.75
7580,0.9482241348865984,1.1161589124869706,46.1,71.15
7581,0.945657199996749,1.1202713560523725,46.6,72.5
7582,0.9520685631801754,1.147751108381156,46.1,73.15
7583,0.9803582207056961,1.1368368664668045,45.65,70.8
7584,0.8802499728412203,1.153484410924587,44.85,72.55
7585,0.9378164183937583,1.208638658386229,45.35,73.3
7586,0.9787143304347139,1.1598515913208425,46.7,73.5
7587,0.9468949949246691,1.1460785228796662,46.800000000000004,72.3
7588,0.9509551886218548,1.1639778028255423,46.5,72.65
7589,0.9010968703251906,1.0993928291667403,45.45,71.3
7590,0.9577989679353983,1.170040855990956,45.85,72.89999999999999
7591,0.9266358013619342,1.1565041260784734,45.5,72.85000000000001
7592,0.9602488788237167,1.2088951149467346,46.25,74.45
7593,0.9767677534091929,1.1691677239708207,46.300000000000004,74.05000000000001
7594,0.9639653169923702,1.1156735302011904,46.7,72.6
7595,0.9554676013962026,1.194073751560211,47.05,73.55000000000001
7596,0.9554087670315805,1.1268200202769043,46.75,73.45
7597,0.9435008580736695,1.158653265597283,46.949999999999996,73.35000000000001
7598,0.9281033441546455,1.1765672742440256,45.7,74.05000000000001
7599,0.9726366368253876,1.168385413119433,46.550000000000004,72.39999999999999
7600,0.9727191496848522,1.125549773555904,46.550000000000004,73.55000000000001
7601,0.9561418794775521,1.1675338071708372,46.45,72.95
7602,0.9338667380956746,1.1755639086605993,46.1,72.75
7603,0.9544022761334918,1.208851732948039,46.75,73.85000000000001
7604,0.9062674516415014,1.1771245387266793,45.95,73.5
7605,0.9448487439633898,1.1977632007092407,46.550000000000004,73.3
7606,0.9161882319458347,1.1585190053000038,46.5,74.75
7607,0.9531401886772671,1.1671335342601115,46.35,72.8
7608,0.9399416263056899,1.185745826520677,47.05,74.35000000000001
7609,0.9476952153616367,1.2275977644013887,46.35,73.35000000000001
7610,0.9671313764558231,1.1194126462435383,46.75,73.55000000000001
7611,0.9397691128071467,1.1777054806122742,47.0,73.05
7612,0.9355780662862628,1.1682627194323019,46.650000000000006,72.3
7613,0.9143760656622077,1.16545322951532,46.150000000000006,73.85000000000001
7614,0.9680402236726693,1.2047174222418635,46.9,73.25
7615,0.9953098120334637,1.1765010721153681,46.550000000000004,74.6
7616,0.9627813416866589,1.165577824103818,46.75,73.45
7617,0.9216149815629715,1.1682962801013126,45.6,73.9
7618,0.985139659998738,1.174069604796525,46.5,74.3
7619,0.9386350945151893,1.199120528031817,45.65,74.2
7620,0.9317573741118367,1.186698465599813,45.95,74.45
7621,0.9208412539738033,1.1789054334981706,46.0,73.35000000000001
7622,0.916283995838644,1.1369399743244677,45.0,73.85000000000001
7623,0.9204412661500694,1.1584013854873842,44.75,74.5
7624,0.9301293348269173,1.2206433602240905,45.85,74.5
7625,0.9567606835319992,1.1475635993378441,46.0,73.15
7626,0.9340366633398101,1.1791886635666466,46.5,74.8
7627,0.9467036447029088,1.2339304691207431,46.050000000000004,74.1
7628,0.947029095852027,1.176081237424141,46.45,72.95
7629,0.9258538959908331,1.1688267743854275,45.35,73.35000000000001
7630,0.9298063846595306,1.1023896595589586,46.150000000000006,72.95
7631,0.958369266572339,1.1846229442369567,46.25,73.5
7632,0.948139448391249,1.1464636827483186,47.25,72.75
7633,0.9584913951536815,1.1452839390060028,46.650000000000006,72.95
7634,0.9272366490013949,1.2101416226059154,45.4,73.85000000000001
7635,0.936266068221062,1.1603849145369969,46.25,74.4
7636,0.9622250085358018,1.1830063407709157,46.400000000000006,73.3
7637,0.9520788415880247,1.1658508405128578,45.95,73.45
7638,0.9703829166877542,1.2168068318396341,46.75,74.5
7639,0.9653852382731934,1.1645727575255274,46.949999999999996,74.0
7640,0.9473925986819643,1.2080153808166953,46.5,74.75
7641,0.9193778129672014,1.2157725540341044,46.35,73.55000000000001
7642,0.948921885259723,1.2191243644535383,46.85,73.15
7643,0.9766776861155508,1.1897058514539818,46.25,74.6
7644,0.9529498613290782,1.1836043530542917,46.9,73.4
7645,0.9761834476690283,1.2002790459279766,46.400000000000006,74.4
7646,0.9747975251322198,1.2261713964133878,45.7,74.25
7647,0.981215895981757,1.163695884230306,45.75,74.1
7648,0.9438250747769502,1.2023869622933285,46.650000000000006,74.1
7649,0.9334169777670048,1.175131687722874,46.25,73.2
7650,0.9140376099068139,1.1953389262814442,46.050000000000004,74.3
7651,0.9797049187970798,1.187993184713391,46.150000000000006,73.7
7652,0.9779081503273902,1.1653176148720894,46.949999999999996,74.25
7653,0.9607877766221778,1.1983943398043262,46.85,74.15
7654,0.9731086326123657,1.182850581870337,46.25,72.7
7655,0.9398726422134477,1.1998726815319964,45.6,73.15
7656,0.9251190398310084,1.1148589701706024,46.150000000000006,71.8
7657,0.934392686304053,1.1455567408086518,45.7,72.55
7658,0.9443599091890555,1.1729434208861134,44.6,71.3
7659,0.9412089728545928,1.189617864070589,45.800000000000004,73.7
7660,0.913504899477966,1.1728312372747174,45.6,73.4
7661,0.9702200415275469,1.159350187290333,45.6,73.3
7662,0.9835587815265308,1.1807237061867273,45.5,73.35000000000001
7663,0.9642616295267361,1.162032369672652,46.5,73.05
7664,0.944017812238847,1.2202161285032511,45.6,73.15
7665,0.9693789218750959,1.158763654214249,45.35,73.1
7666,0.9632824126955568,1.1711094489484875,46.5,72.15
7667,0.9446292260635542,1.2039996655811773,45.800000000000004,72.7
7668,0.9416685176328088,1.192059574185646,46.650000000000006,72.95
7669,0.8853016317037086,1.199159503476634,46.2,73.65
7670,0.8956593152851468,1.1735548498019526,45.7,73.0
7671,0.9680230525671839,1.17594425802027,46.0,73.4
7672,0.9309480045961379,1.2104431344196451,45.800000000000004,73.7
7673,0.937297719367909,1.1637443380989243,45.550000000000004,74.0
7674,0.9483837419372835,1.1618126181670854,46.0,74.5
7675,0.9167420542499668,1.15448020901584,46.0,74.0
7676,0.9289248443222575,1.1888349809731817,45.9,73.3
7677,0.9949295002461445,1.2130515921377543,45.9,74.0
7678,0.9480818936315318,1.1810909620707422,46.150000000000006,73.35000000000001
7679,0.9078662124168623,1.185575858268081,45.45,73.6
7680,0.9542683811804986,1.1976488153869391,45.550000000000004,74.35000000000001
7681,0.9317144202797983,1.1415951126068207,45.4,73.45
7682,0.9671633732912717,1.1617945221604522,45.85,73.0
7683,0.9364451482650493,1.1924472695923134,46.0,72.95
7684,0.9465266117358216,1.1741105554394593,45.95,73.25
7685,0.9409453620464974,1.1983010480007357,45.800000000000004,74.3
7686,1.000405614074037,1.1748098340469728,46.050000000000004,74.65
7687,0.9501808346773613,1.1717644956481659,45.45,72.95
7688,0.9498296014719545,1.1931382841818166,44.6,73.5
7689,0.9190148495611309,1.2184867174774998,45.75,74.4
7690,0.941917433735322,1.1808615315169482,46.35,73.9
7691,0.9855890862956628,1.1408812401539057,46.7,74.35000000000001
7692,0.9316252486342556,1.1994059330402573,46.5,75.05
7693,0.9456803284285,1.1519824282827036,45.75,73.75
7694,0.9533944274371522,1.197885887838494,46.300000000000004,73.2
7695,0.9902214976382513,1.227326150726873,46.150000000000006,74.5
7696,0.968832662509781,1.180328749335742,46.650000000000006,73.35000000000001
7697,0.9688652666843204,1.197856819873613,46.5,74.0
7698,0.9406237909259028,1.1409818960054596,45.1,72.95
7699,0.9302111651390959,1.1930800646325492,45.1,73.75
7700,0.9622780703015852,1.1535597153785562,45.9,73.2
7701,0.9304407008440237,1.1732501946900047,45.6,73.35000000000001
7702,0.9387994591109536,1.1660175311713066,45.65,73.9
7703,0.945178813867087,1.1738967607682027,45.95,73.05
7704,0.952120641407007,1.1988158000803952,46.45,72.95
7705,0.9540967838931914,1.2192301124196878,45.6,74.05000000000001
7706,0.9390892217249799,1.1913243963173437,46.0,74.9
7707,0.9734727359318645,1.1632621544528605,45.15,73.2
7708,0.9172371209742257,1.1555779651025173,45.0,72.75
7709,0.9504238376737096,1.1669805861725577,45.45,73.0
7710,0.9285313694662581,1.1843552586498949,45.85,73.2
7711,0.9279911289246846,1.1914443666947219,45.4,73.45
7712,0.9785207882870252,1.1854878891383953,46.0,74.3
7713,0.9213758796301481,1.156754578853594,46.150000000000006,74.05000000000001
7714,1.009463306728998,1.1929289251257442,45.9,74.55000000000001
7715,0.9573886876406161,1.1969972885465823,46.1,74.65
7716,0.9421785374643037,1.1777529702390175,46.0,74.05000000000001
7717,0.9774024191815379,1.1854740472867717,45.800000000000004,75.14999999999999
7718,0.9359675276846535,1.1859427034107963,46.2,74.05000000000001
7719,0.9801373035564498,1.1588568086375026,46.050000000000004,74.0
7720,0.9499853544846759,1.197680088816931,46.5,74.3
7721,1.0085288180150722,1.1939756768906982,46.45,73.2
7722,0.9044866700991022,1.1669897655515205,45.550000000000004,73.05
7723,0.984244268892463,1.2223923874831961,46.0,75.35
7724,0.9390160252550067,1.1825980026844238,46.9,74.15
7725,0.957510610325615,1.182472717366593,45.35,73.6
7726,0.92170460289944,1.1718654226797274,47.199999999999996,74.2
7727,0.939248008165691,1.1649768036431498,46.0,72.2
7728,0.9284099259819997,1.2013188046153336,45.65,74.05000000000001
7729,0.9446944100526602,1.1685005678323235,46.75,73.5
7730,0.9364244784716611,1.2281375239457808,45.6,74.35000000000001
7731,0.9239757006278594,1.209609167489883,46.0,73.35000000000001
7732,0.913746623711834,1.1963131202454433,45.15,74.05000000000001
7733,0.919841228499104,1.1963843363283322,47.15,73.9
7734,0.9136987960052554,1.1830338504569204,45.4,72.05
7735,0.9352218948278835,1.1456129668759203,47.3,73.2
7736,0.9463550492663078,1.2207066023064972,46.550000000000004,74.1
7737,0.9575196434840529,1.1373559110346414,46.1,74.0
7738,0.9985233593383978,1.1651127295922992,47.199999999999996,74.15
7739,0.9767230182904874,1.173918479726998,46.2,73.7
7740,0.9627277374566889,1.1575991136265384,46.45,73.75
7741,0.9587979691617464,1.1887352241614864,46.150000000000006,74.7
7742,0.946347649493938,1.1753625651542683,45.050000000000004,74.5
7743,0.9443901932385433,1.1924827367847968,45.65,74.8
7744,0.9339413133959096,1.1722824283158715,46.25,73.85000000000001
7745,0.9218093917047031,1.1695669867129328,45.550000000000004,74.15
7746,0.9403086912111414,1.1669786606851467,45.550000000000004,73.9
7747,0.9845014882179793,1.212615584255786,46.35,75.7
7748,0.9821820430457587,1.196892292020671,45.95,74.65
7749,0.9842739582644175,1.1798929224776284,46.45,74.0
7750,0.9457417905080647,1.2022643289239636,45.9,74.95
7751,0.8882381926869709,1.2348472078538106,45.0,74.4
7752,0.9162402249662641,1.1755447565416457,45.35,74.05000000000001
7753,0.9741929960992013,1.173528340056241,46.050000000000004,74.2
7754,0.9168516766851044,1.2083413278081385,45.35,75.4
7755,0.9682108295080473,1.188217370015913,46.1,74.75
7756,0.9200459202175353,1.210385988553715,45.050000000000004,75.1
7757,0.9462363406725526,1.1616923233501972,44.6,74.0
7758,0.9647674711704675,1.1682053297434496,45.5,74.8
7759,0.8975688381725904,1.138499150425638,45.6,74.3
7760,0.9807235522092083,1.1795131177946652,45.65,75.2
7761,0.974071910917323,1.1627030989543914,45.65,74.95
7762,0.9641496911793768,1.2128026305937618,44.65,74.3
7763,0.9225590518495237,1.214189880232774,46.050000000000004,75.64999999999999
7764,0.9472575732449114,1.184382314705686,44.9,75.05
7765,0.9114584941367387,1.189616538337637,45.550000000000004,74.1
7766,0.962124131508281,1.1659384788415719,44.800000000000004,74.35000000000001
7767,0.9408280855517879,1.206883555910912,45.1,75.5
7768,1.0072844777534096,1.1567189077029651,46.050000000000004,73.8
7769,0.9497682202462714,1.1792976313023402,46.050000000000004,73.4
7770,0.9594779650271321,1.188507618635063,45.1,74.1
7771,0.9413508280321293,1.2212207530391117,46.050000000000004,74.05000000000001
7772,0.9367467947812638,1.1797645103719308,45.85,75.2
7773,0.9260045500864414,1.210921816885057,45.4,74.95
7774,0.9591043435619044,1.1727808028840423,45.300000000000004,73.55000000000001
7775,0.9227493551224976,1.2218317428113799,45.5,74.9
7776,0.9211663555334644,1.1653635092425703,45.1,74.8
7777,0.9270856576257875,1.1973234695726653,45.2,75.14999999999999
7778,1.0036167023431597,1.169048517878629,45.35,72.95
7779,0.9963026594884803,1.1907798630268724,45.9,75.25
7780,0.9257547884033425,1.1694311608843173,44.7,73.4
7781,0.9824157472560601,1.1681899598441259,45.45,75.05
7782,0.9749741918453487,1.1649531634793493,45.95,72.65
7783,0.9581172347105003,1.2360244270822167,45.5,73.75
7784,0.9486780428075916,1.1812500669223984,45.7,75.05
7785,0.9320340708604905,1.1872825560039044,45.6,74.3
7786,0.948765011104035,1.2420831465991127,45.15,74.95
7787,0.9433547599830847,1.1884747426604092,45.85,75.2
7788,0.9488466045150151,1.0937938275691386,45.300000000000004,73.4
7789,0.9917064320498948,1.1565786123324537,44.800000000000004,74.1
7790,0.9529184310234102,1.153092308901822,45.15,74.25
7791,0.9395093673314985,1.192585186821043,45.0,74.1
7792,0.9586610176072773,1.1700462163202234,43.55,73.4
7793,0.945570290706612,1.2181428639429537,45.9,74.7
7794,0.9662116399171269,1.1873987561724944,45.15,73.75
7795,0.9546705419848378,1.154372062772678,46.1,74.65
7796,0.9336520327624068,1.1643740457083431,45.2,74.5
7797,0.9410785723245217,1.1761317975788084,45.1,74.55000000000001
7798,0.9774388526890512,1.189118020161583,45.9,74.75
7799,0.9566955534670745,1.1876414232119032,45.1,74.9
7800,0.9141551786857101,1.2544596401902237,44.75,75.4
7801,0.9267470047765118,1.176705892018823,45.0,73.55000000000001
7802,0.9777843709273949,1.1759669655524005,45.9,74.15
7803,0.9368324810901099,1.2224351348708435,45.300000000000004,73.85000000000001
7804,0.956358785762393,1.1905773794844932,45.050000000000004,74.15
7805,0.9689066230445393,1.1632410114021978,45.0,74.6
7806,0.9493321074454122,1.1744391117336803,44.800000000000004,73.8
7807,0.9361672709867078,1.1971703175301012,45.65,74.05000000000001
7808,0.9440686059635659,1.2619035472155553,45.35,74.95
7809,0.9090512909025897,1.204123293419191,44.9,75.4
7810,0.9721357674922428,1.1963085995408702,45.5,75.4
7811,0.9951836060008753,1.1886186728616164,46.7,75.05
7812,0.9079107052579805,1.1822271765158041,45.2,74.55000000000001
7813,0.9127492099945214,1.230225870049337,45.35,75.94999999999999
7814,0.9279588841920736,1.2051738231007785,44.9,74.75
7815,0.9359467976706033,1.1929710897129975,45.050000000000004,75.35
7816,0.9763496957597445,1.2068223824522724,44.85,74.55000000000001
7817,0.9571992216270594,1.134457415765545,44.75,73.75
7818,0.9676410212206279,1.1857163431950557,45.6,75.14999999999999
7819,0.9335627163473473,1.2233667588076067,45.6,74.7
7820,0.9414557827446274,1.1869220573712191,44.35,74.95
7821,0.9625739931417324,1.2277971343993954,45.65,75.1
7822,0.9531235382487389,1.220582343779664,45.050000000000004,75.14999999999999
7823,0.9275768209506573,1.2080611877843868,45.95,74.05000000000001
7824,0.9102488109996646,1.1859682264687235,44.75,73.95
7825,0.9420268187551681,1.1922384799873182,44.85,74.7
7826,0.9679370611942518,1.1647742242775523,45.0,73.75
7827,0.9416833420337075,1.1546939444425737,45.6,73.9
7828,0.9515419281818343,1.2159785867597994,45.7,74.15
7829,0.9439556648761837,1.1816086372567483,45.35,74.15
7830,0.916227198433147,1.2123955021321782,46.45,74.4
7831,0.9314751344003676,1.1672320316902458,45.5,74.95
7832,0.9838937080997586,1.1965934161552376,45.550000000000004,73.6
7833,0.938670591463959,1.1830010005178389,45.1,74.15
7834,0.9608928355364209,1.192915090610596,45.1,74.1
7835,0.9505093899983094,1.2172678437717743,46.0,74.7
7836,0.9753550930784645,1.1703869892602083,45.5,75.05
7837,0.9660864696171402,1.1611559116410985,45.5,73.7
7838,0.9840725512970275,1.1413984070593068,45.5,72.95
7839,0.9271004947034879,1.2506867151685457,45.25,74.5
7840,0.9465359847700265,1.217451362821856,45.0,74.7
7841,1.000064022065649,1.2060146058259928,45.85,73.9
7842,0.9556933812150037,1.1615348239843757,46.400000000000006,73.45
7843,0.9380053836797079,1.1879548282208519,46.2,73.15
7844,0.9820283780488792,1.203925210091399,45.5,73.2
7845,0.9478013896673194,1.18460960891477,45.45,73.85000000000001
7846,0.9536314928283546,1.1732248459380608,44.95,73.7
7847,0.9571483990261666,1.2368347033890403,46.25,74.9
7848,0.9638395031661836,1.2399688204582957,45.800000000000004,74.7
7849,0.960285691663448,1.1660609752273308,45.95,74.25
7850,0.9420986793783857,1.1559169882318687,45.6,74.15
7851,0.9307956825548335,1.196968482758909,46.1,74.6
7852,0.9401769060853038,1.15773292880282,46.0,73.45
7853,0.9271746929407313,1.247750559586378,45.4,74.6
7854,0.9824405599854453,1.1569757921510126,46.2,73.95
7855,0.9648195724890807,1.1964172966655702,45.75,73.75
7856,0.9447254871320625,1.1879783106847612,45.65,72.7
7857,0.9566950375120754,1.1828345947503587,45.45,74.3
7858,0.9455298349614993,1.195438628096149,44.9,72.75
7859,0.953507374687847,1.1503081129840098,46.0,74.35000000000001
7860,0.9849172977434683,1.1492942671513091,46.300000000000004,74.6
7861,0.9855369474518582,1.1451072932329547,45.550000000000004,73.2
7862,0.9666399674310187,1.2075848703897172,45.25,73.65
7863,0.941081086554118,1.1954191144821893,44.6,72.8
7864,0.9617506713105778,1.2119570514341846,45.85,73.95
7865,0.9553023920932123,1.2243796004279348,45.4,74.25
7866,0.9408403944293506,1.196312699133125,46.1,72.39999999999999
7867,0.9623900970276473,1.171605532693902,45.5,74.1
7868,0.9344895615395726,1.2051338346650178,45.300000000000004,73.4
7869,0.9492698773714505,1.191366838415528,46.1,72.7
7870,0.9918671750540129,1.1892268420983956,45.45,75.44999999999999
7871,1.003274212380871,1.2077425800166857,45.35,73.0
7872,0.9803738683242968,1.2161967635938744,44.9,74.15
7873,0.9491123672740197,1.175163137744821,46.300000000000004,73.0
7874,0.990983957790579,1.196229068539977,45.9,73.15
7875,0.9699475605270201,1.2140523736271829,45.45,74.4
7876,0.9531237443370941,1.194795997844963,46.5,74.15
7877,1.0055808008347207,1.1986789279512806,45.800000000000004,73.35000000000001
7878,0.9807241553809161,1.2395285484851906,45.35,74.25
7879,0.9863820173651048,1.1464624028231252,45.95,73.0
7880,0.9859066680704862,1.2375789836149151,45.7,74.0
7881,0.9876088868781208,1.194583255244598,45.65,73.4
7882,0.9607480486740644,1.2395994759640208,45.0,74.2
7883,1.0042570788946739,1.2686171602600698,45.95,74.35000000000001
7884,1.0267716059328547,1.186697693956614,46.1,73.2
7885,0.9655082225986639,1.2309176884727346,45.65,74.35000000000001
7886,0.923077928831763,1.196646061816702,44.95,73.5
7887,1.0157597923966823,1.181791237625907,46.0,73.15
7888,0.9281097876471133,1.1691241481934371,45.35,73.05
7889,0.9378277927768877,1.2343636030343967,46.800000000000004,73.65
7890,0.9691890594749221,1.149494750669548,45.0,72.2
7891,0.9543137966341552,1.1884334893495094,46.0,73.45
7892,0.9779213667165582,1.1953704247747787,45.550000000000004,73.75
7893,0.9371162707038198,1.1802519605223811,45.85,73.75
7894,0.9718354367383503,1.163316913276289,46.300000000000004,72.89999999999999
7895,0.9751621172730616,1.16649144569985,45.25,73.5
7896,0.9530931716846796,1.2017844103496955,45.7,73.75
7897,0.9725515157181837,1.1630054540449672,44.6,72.39999999999999
7898,0.9530920007632977,1.1784550154669426,45.7,73.6
7899,0.9713896346739725,1.16243328218537,45.45,74.55000000000001
7900,0.988167578940591,1.1660506185122608,45.800000000000004,72.6
7901,0.9686354286538981,1.1823265356820376,45.800000000000004,74.1
7902,0.9273903200288853,1.212278728466759,45.2,72.95
7903,0.9793301317228038,1.230242598123231,45.25,72.65
7904,1.0069198823951657,1.1554720039587665,46.050000000000004,73.1
7905,0.962868487222778,1.154776435739187,45.7,73.45
7906,0.9747953706376502,1.1976129009275973,45.95,72.55
7907,0.9291773463414381,1.2179942831695985,44.75,73.0
7908,0.9292768722800018,1.1941190173242535,44.800000000000004,73.65
7909,0.9713033271025748,1.216076239552325,45.300000000000004,73.95
7910,0.9643737039511806,1.1976531887466255,45.1,73.15
7911,0.9372207095172648,1.1458652006279972,45.45,72.1
7912,0.9805644414910422,1.158171856729785,44.65,72.8
7913,0.9400631549627615,1.250621765388311,45.65,74.1
7914,0.9450158325273824,1.2078943873775352,45.1,74.1
7915,0.9485186597302664,1.1896295863091482,45.4,73.7
7916,0.9732942993005218,1.1770680436298167,45.800000000000004,73.45
7917,0.9679353354385142,1.179626507323237,44.9,74.15
7918,1.0210434628459202,1.1853117711078631,45.15,73.35000000000001
7919,0.9494610990317545,1.1984260152772168,45.5,73.25
7920,1.0121198573415342,1.2002318015238416,45.800000000000004,74.15
7921,0.9723053981234175,1.2243103435548999,46.2,73.4
7922,0.9967946147037265,1.1957453348632614,45.2,73.6
7923,0.9537842840129069,1.1780964259146955,45.75,73.3
7924,0.9742584593526854,1.147904595512002,46.050000000000004,73.65
7925,0.9768122988260644,1.178141524175981,44.85,74.35000000000001
7926,0.9642781613976638,1.1606074363276817,45.7,73.6
7927,0.955750817454044,1.1593500554664693,46.45,73.8
7928,0.971605940263293,1.1841060341545049,45.45,74.25
7929,1.0077178468107089,1.1713103110181762,45.15,73.15
7930,0.9904111237060187,1.2259188395621092,45.95,74.5
7931,0.9585182518070585,1.1753196242880948,45.25,73.3
7932,0.953819412963365,1.2030113166119194,46.0,74.25
7933,0.9616832339790065,1.176400327496223,45.35,74.1
7934,0.9652883150202484,1.211977572290056,45.800000000000004,73.55000000000001
7935,0.9809163665862032,1.2281193267569126,46.25,74.8
7936,0.9405870787151218,1.1816456023272777,45.35,73.65
7937,0.9989632803853952,1.1957184943852426,45.2,73.75
7938,0.961335191757979,1.1692326789688245,46.150000000000006,72.7
7939,0.9945097092110764,1.2887607217692854,45.45,74.75
7940,0.9329134299850672,1.1793078479426762,45.65,74.15
7941,0.9750482217848783,1.182640145331049,45.95,73.65
7942,0.9380562850234121,1.200428814722965,44.65,74.75
7943,0.9572618593020146,1.1585636963842008,44.7,74.2
7944,1.0275964901232704,1.1656642103514177,46.300000000000004,74.55000000000001
7945,0.9464228388056187,1.2160037047561287,45.5,74.55000000000001
7946,0.9475954744380302,1.1947746761868248,45.7,73.75
7947,0.9790050447518365,1.195300728784151,45.5,75.0
7948,1.0050751452212974,1.1648838191655577,45.2,73.7
7949,0.921378838831408,1.2152094607823969,45.95,74.6
7950,0.9680507436039623,1.186961504939151,44.75,74.05000000000001
7951,0.9359814009673953,1.206758523260707,44.9,74.65
7952,0.9583534484075121,1.228114353986325,45.15,74.1
7953,0.9704850270425439,1.1894859364020998,45.9,74.0
7954,0.9558536533303582,1.1755245337687934,44.55,73.5
7955,0.9725671302784367,1.2206157804760975,45.300000000000004,73.05
7956,0.966227057501626,1.191075909467904,45.550000000000004,72.6
7957,0.9778225867208805,1.2362163374830117,45.25,73.25
7958,0.9800917834514682,1.217467573381895,46.35,72.7
7959,0.9740015231371694,1.236155816987556,44.9,73.55000000000001
7960,0.9401376763241139,1.2403949489647421,45.85,73.65
7961,0.9427409901928001,1.1795883403921188,45.1,72.89999999999999
7962,0.9486960766636289,1.1997634256692868,45.25,73.35000000000001
7963,0.9813303418344078,1.199960199208062,45.0,74.15
7964,0.9216083888405299,1.2101519668829541,44.55,72.75
7965,0.9517294051699287,1.275332264003382,45.050000000000004,73.25
7966,0.9529471135278202,1.1743598851909187,45.25,72.55
7967,0.9120146063686727,1.1629839762153176,45.1,73.45
7968,0.9444107677350767,1.228590117109813,45.25,72.55
7969,0.9634880065578499,1.1834764590449298,45.7,73.55000000000001
7970,0.9272514407378624,1.194269916250042,44.6,74.55000000000001
7971,0.9356726640400014,1.2201969372336443,45.0,72.65
7972,0.9487862241606212,1.2233670276229769,44.85,74.55000000000001
7973,0.9687622705894227,1.226544359688921,45.45,73.95
7974,0.957516424449792,1.2064053264133008,45.45,73.45
7975,0.970361559440607,1.1743725520984156,45.1,73.7
7976,0.9326093293993177,1.225682352271601,44.95,73.6
7977,1.0194681287818235,1.1632751431470734,45.65,72.35000000000001
7978,0.9421295717167304,1.177245207981442,45.6,72.5
7979,1.016368651039303,1.2540984338133176,44.3,73.25
7980,0.936589650593721,1.215290679046023,45.45,73.55000000000001
7981,0.9432984999419584,1.2288116818496215,45.25,73.6
7982,0.9247200284332829,1.1886027317052827,45.4,72.15
7983,0.9124084187242936,1.203323843945607,45.050000000000004,72.95
7984,0.9536885883463602,1.1933533173831778,45.4,72.6
7985,0.9623179857991077,1.250304707345892,45.2,73.75
7986,0.960110310402957,1.1546977631637856,45.0,72.0
7987,0.9591372369776645,1.175206532489502,44.75,71.55
7988,0.9812598806744874,1.2439422758481784,44.85,72.2
7989,0.9896909385321419,1.2315730205800282,45.2,72.89999999999999
7990,0.9667398646060928,1.1827026353035335,44.9,73.65
7991,0.9778707392385488,1.2215789555362309,45.0,73.55000000000001
7992,0.9605682373326561,1.1701020878040898,45.65,72.85000000000001
7993,0.9492722957212543,1.2367000439696574,44.15,72.6
7994,1.0241910287600962,1.2384099878629204,45.7,73.2
7995,0.9531309171617984,1.2218480510476788,45.2,73.0
7996,0.9205168463959914,1.1636964158349488,44.800000000000004,72.3
7997,1.0172321718671273,1.2238625059634947,44.75,73.25
7998,0.9851003194966244,1.2260037072683103,46.150000000000006,72.5
7999,0.9932554844287043,1.2038368589052644,44.9,73.6
8000,0.9462180479602962,1.2450776422099168,44.4,74.2
8001,0.9474344864632,1.2071840105303655,44.800000000000004,72.65
8002,1.0419250689733457,1.183532148137188,45.85,72.95
8003,0.9785885878114832,1.2124156778347484,45.550000000000004,73.4
8004,0.9722603025058764,1.212070944684614,45.300000000000004,72.65
8005,0.9700569943645104,1.1986459836895396,46.050000000000004,71.95
8006,0.9564132740150487,1.1570298398495342,45.050000000000004,73.1
8007,0.9696161573749064,1.192092552376813,45.45,72.55
8008,0.9464523892745434,1.2183979563686902,44.4,72.3
8009,0.9536457066190781,1.2190580332297072,45.85,72.5
8010,0.9613729095931712,1.1749036524439056,45.2,71.85000000000001
8011,0.9755023309115629,1.1393657360090435,45.7,72.65
8012,0.9233787076860174,1.186579780489164,44.7,73.25
8013,0.9539123937889467,1.1821222197694068,46.050000000000004,71.8
8014,0.9678387085681098,1.2171610852168342,44.9,72.65
8015,0.9900106790975063,1.2300602325033079,45.75,74.1
8016,0.9631370835823323,1.238868612569092,44.95,73.3
8017,0.9639542487016656,1.1987589454866125,45.300000000000004,73.6
8018,0.9432788395353235,1.2116028115118116,45.0,73.0
8019,0.9828284299550665,1.256061888873827,44.800000000000004,73.45
8020,0.9656415289038058,1.2381531091252609,46.2,74.0
8021,0.9642408197573934,1.2065718326723158,45.9,74.55000000000001
8022,0.9453943003624732,1.1917256413346196,44.6,74.2
8023,0.9650614316937577,1.2401358573901289,45.550000000000004,74.1
8024,0.9919660356513819,1.1660250533619283,46.0,72.89999999999999
8025,0.9525800710855444,1.239216720405901,45.45,73.65
8026,1.0078258031461753,1.2279630769159475,45.85,73.7
8027,0.9955980800362499,1.2138499234536502,45.2,74.2
8028,0.9330610097984453,1.1973457037355675,44.6,73.1
8029,0.9573329781157588,1.192109744016869,45.7,74.5
8030,0.9920503902822764,1.2333949623778182,44.9,72.55
8031,0.970474732586294,1.1952364172026961,44.85,72.0
8032,0.9543194723386377,1.2645355588528036,46.25,73.8
8033,0.9559065319459872,1.1831120191667028,45.65,72.95
8034,0.9510893878819188,1.2486471915287234,45.0,74.45
8035,0.9719885654809477,1.2137037882021633,45.75,73.2
8036,0.9638391029422292,1.1540537039729821,45.15,72.5
8037,0.9867156449791503,1.1802628835497313,45.45,73.45
8038,0.9880374767195942,1.233257328180454,45.35,73.25
8039,0.9475080067669817,1.2667204414556064,45.050000000000004,73.5
8040,0.9440265370930953,1.2304585020622747,45.35,73.55000000000001
8041,0.9998165466527471,1.206823766198037,46.2,72.75
8042,1.0083432185373746,1.1755489199839997,45.9,72.89999999999999
8043,0.9458896621113836,1.19318797259087,45.050000000000004,73.4
8044,1.0092058743063728,1.213799751730931,45.35,73.95
8045,0.9362960401245687,1.228114976656478,45.1,73.55000000000001
8046,0.9745021441538998,1.165370073005513,45.35,74.3
8047,0.9778028991133024,1.1723579277552507,45.15,73.0
8048,0.996349619001227,1.2237404826813214,45.550000000000004,73.7
8049,0.9562561282763634,1.191247945783653,44.6,72.65
8050,0.9785033551417605,1.22184387850478,45.45,72.3
8051,0.9885842898740832,1.1822037039555684,45.050000000000004,73.25
8052,0.9577075606859082,1.195582017315438,45.35,72.6
8053,0.9490397372751892,1.2356705245293529,45.0,72.55
8054,0.9938373554854946,1.2197767711634742,45.6,73.35000000000001
8055,1.0134230679285405,1.139581691586906,45.050000000000004,74.05000000000001
8056,0.9395504230356494,1.2365797120024105,45.0,74.05000000000001
8057,0.9498542899543474,1.2057764025812567,44.7,73.9
8058,1.0090667064322685,1.2315726848519941,45.2,73.6
8059,0.9902817607228638,1.2212118970134969,45.7,73.5
8060,0.9160739715975847,1.1959089356909303,45.300000000000004,73.35000000000001
8061,0.9647310042218907,1.1914448337458219,44.4,73.0
8062,0.9600213916558383,1.2185839582914282,44.75,74.35000000000001
8063,0.9708512974742514,1.2032455544173708,44.3,72.89999999999999
8064,1.0001063952647469,1.2247125434518116,44.7,73.05
8065,0.963242465562031,1.2081022285362604,44.85,72.7
8066,0.9413218618908507,1.2135463442851129,44.75,73.6
8067,0.9347670843663164,1.1893785149059746,45.15,73.25
8068,0.952464304126255,1.162817761512807,45.4,73.7
8069,0.9975331200401424,1.2253292351293508,45.6,73.95
8070,0.9594202645360271,1.191804616620686,44.85,74.0
8071,0.9744195708982779,1.2683606925889719,45.85,74.5
8072,0.9761336889562858,1.2244962862342301,45.5,73.75
8073,0.9331180215484992,1.2169828277273127,45.2,72.8
8074,0.9794080417040105,1.220552748854635,45.5,73.3
8075,0.9867905408878784,1.1911143880927453,45.15,73.4
8076,0.9500118215140014,1.217079879031911,45.050000000000004,73.6
8077,0.9746285830861449,1.2117343302578538,46.150000000000006,74.55000000000001
8078,0.937916493575055,1.186897327030577,45.2,74.35000000000001
8079,0.9710478671682121,1.2591009258085206,45.15,74.3
8080,0.9775594871797523,1.1980834800814233,45.7,73.05
8081,0.9344058587464036,1.1926450312201218,45.25,73.15
8082,0.9992307958592875,1.2271001201422065,45.6,73.6
8083,0.9568745584570363,1.1841275632108863,45.0,73.35000000000001
8084,0.964437213350011,1.216405082022809,44.800000000000004,74.15
8085,0.9496252400301269,1.1848014819993495,44.55,73.4
8086,0.9304181750647234,1.247929359240228,44.25,73.6
8087,0.9593807634381323,1.1974648446870857,44.65,73.95
8088,0.9738496841996376,1.1726841043287224,44.5,73.2
8089,0.9473907932597782,1.2187245139496592,44.7,74.2
8090,0.9665109650064466,1.2182964095284312,45.550000000000004,74.4
8091,0.9944864336166991,1.2338703406826237,46.35,73.8
8092,0.9822316322467946,1.2339271913049583,45.85,74.05000000000001
8093,0.979849680876943,1.2208630004731682,45.7,73.7
8094,0.9612995036467601,1.1813354681289154,45.7,72.8
8095,0.9743211830814109,1.1969131717574706,44.85,73.55000000000001
8096,0.9233082260435886,1.2149646900382967,44.9,74.45
8097,0.9815962518589322,1.1932463500811135,45.0,73.75
8098,0.9954089154902503,1.212988327337615,45.7,75.25
8099,0.9416095877947903,1.2130364472896007,45.15,74.55000000000001
8100,1.0173226890336564,1.221643881875701,46.45,76.0
8101,0.9856999614165561,1.2591493124174926,46.0,74.7
8102,0.9590949253686678,1.1783730305507634,45.15,73.6
8103,1.0189335626178093,1.2149760749965184,46.6,73.75
8104,0.9753022448499117,1.1633359051349506,45.4,73.95
8105,0.997645441042244,1.1873032345709122,45.45,74.75
8106,0.9789870124083161,1.2509572237395241,46.45,74.6
8107,0.9899948583820682,1.2028568068701342,46.25,73.55000000000001
8108,1.0004101170614417,1.1990436631212,45.9,74.2
8109,0.9996695762526346,1.2368310933665951,46.300000000000004,74.2
8110,0.9565454450053997,1.2080850603149222,45.6,73.4
8111,0.9578095898492321,1.229203415143811,45.75,75.1
8112,1.0072221940294757,1.1964854909047005,45.5,73.0
8113,0.9906151401226482,1.2349754836924873,44.25,73.95
8114,0.9560757015822948,1.2225355701826301,44.800000000000004,74.05000000000001
8115,1.0092798150810616,1.222509410376314,45.800000000000004,74.85000000000001
8116,0.9823454508659987,1.2412322991601785,44.800000000000004,74.75
8117,0.9717520732738547,1.242751778121243,45.7,75.14999999999999
8118,0.9900816873931052,1.2399172429560412,45.5,76.0
8119,1.0261732653377695,1.2461403508665376,46.650000000000006,75.05
8120,0.9735912971851877,1.2405362615049345,45.15,74.95
8121,0.9747405881063731,1.2556343847447147,45.75,74.6
8122,0.9648016728500821,1.147815164084574,46.150000000000006,73.15
8123,0.9774026078857283,1.1877305667221725,45.1,73.9
8124,0.9801155720867442,1.211738769178186,44.5,74.95
8125,0.9266419820995345,1.2551694455926832,44.6,74.9
8126,0.9647484472258929,1.2486095079824275,45.65,73.8
8127,0.9575406784343501,1.2393658917583252,44.7,75.14999999999999
8128,0.9902059040402273,1.1919660377187389,45.550000000000004,74.1
8129,0.9907447340934484,1.20397894615598,45.2,74.25
8130,0.9720639610479102,1.2191934960320154,44.55,74.25
8131,1.014796224023989,1.1829757611136915,45.6,75.05
8132,0.9662245777659703,1.2581941658125906,44.9,75.0
8133,0.9831236762616323,1.1947431642009847,45.15,75.35
8134,0.9954927680092437,1.1460067620354246,44.4,72.7
8135,0.9696486016853628,1.1855117865132307,45.7,74.1
8136,0.9682822841643512,1.2524246683435216,45.75,74.5
8137,0.9926088158845139,1.2545257696168872,45.6,75.44999999999999
8138,0.9588520078237143,1.2012815044187042,44.95,73.8
8139,0.9719721796050487,1.2468682533098654,45.95,74.2
8140,1.0291656482748255,1.230139339809079,45.300000000000004,74.75
8141,0.9176386667018387,1.2092670641313334,44.6,74.0
8142,0.9888837040985211,1.200818345134619,45.300000000000004,73.1
8143,0.9553247084037058,1.2326122420796504,44.95,74.3
8144,0.9612830077268159,1.1852253766631793,44.35,74.8
8145,0.9806403468386279,1.2222410449944872,45.1,74.6
8146,0.9734430879837599,1.2063840727048973,44.75,73.45
8147,0.9508848618041422,1.2194229750735968,45.0,75.0
8148,1.0133396005215702,1.217691401386282,45.4,73.75
8149,0.9849823307099959,1.191131424215746,45.25,73.95
8150,0.9956706824961685,1.266479451728551,45.6,74.65
8151,0.9728096902660279,1.1720737907445982,44.75,73.35000000000001
8152,1.0032467451887248,1.1962801165297146,43.95,73.55000000000001
8153,0.9944400629862881,1.2034607641472466,44.800000000000004,74.65
8154,0.9181435598094733,1.1667080541710875,44.75,73.7
8155,0.9623895125684926,1.215337707814792,45.6,74.8
8156,1.0019175428204712,1.2362309230624993,44.6,75.44999999999999
8157,0.9630331891880576,1.2308604957776137,44.0,75.55
8158,0.9803255384290307,1.2149250072185573,44.55,73.7
8159,0.9732583011006978,1.2030943828421592,44.6,74.05000000000001
8160,1.002883284298163,1.1961136747833212,45.550000000000004,73.85000000000001
8161,1.013861396066269,1.160488078957028,45.1,73.45
8162,0.9708348175603091,1.2461914557617966,44.35,74.35000000000001
8163,0.9551018142634746,1.242385100033266,44.85,75.3
8164,1.042599900760466,1.2451114545283044,44.95,74.4
8165,0.975021162880151,1.2390564009992637,44.55,73.35000000000001
8166,1.0178152296300627,1.231273938765543,45.5,74.4
8167,0.961635455180402,1.2282280803374825,44.05,74.45
8168,0.9671585835322476,1.2046687612207407,44.45,74.5
8169,0.9446934341007188,1.2867634724966879,44.25,74.55000000000001
8170,0.9901594226482031,1.2358972909853048,44.85,75.0
8171,0.96408364704988,1.203145950533058,44.85,74.15
8172,0.999572123190057,1.2036122437032064,45.050000000000004,73.6
8173,0.9599526929299496,1.2112607065760144,44.9,73.0
8174,1.0008166265386638,1.1986939960067156,45.5,74.15
8175,0.9792140257233941,1.2203529413471421,44.3,73.75
8176,0.983640055757362,1.2226250044619642,44.55,73.75
8177,1.016455785933169,1.2423415678296406,45.2,75.44999999999999
8178,0.9461209196046847,1.2359139423284689,45.0,74.75
8179,0.9623012756785972,1.211810811412198,44.6,75.14999999999999
8180,0.9596013178922684,1.230297277054097,44.65,74.25
8181,0.9545053132270696,1.2204722418326768,44.1,73.85000000000001
8182,0.9990963793030692,1.2345870982142009,44.7,74.55000000000001
8183,0.9560775434588352,1.2150323565811865,44.7,75.1
8184,1.0230771087710633,1.1758716490508305,45.15,74.35000000000001
8185,0.9808447800184248,1.203178017848626,44.95,75.05
8186,0.9653167583171153,1.2626310715749782,44.800000000000004,74.3
8187,1.0238012738987299,1.2480830448671496,45.1,74.75
8188,0.9693169817448607,1.263873008281782,44.3,74.25
8189,0.9939746520665529,1.187266856702509,44.75,74.75
8190,0.9877953654095144,1.2246395369110445,44.800000000000004,75.5
8191,0.9562227805481884,1.2524134493673005,45.050000000000004,75.0
8192,0.9985950696850269,1.202262993495055,45.35,75.14999999999999
8193,0.9400316487130697,1.2502965654885352,44.3,75.4
8194,1.028255370131957,1.2133656693841979,45.2,75.44999999999999
8195,0.97084174673381,1.1740774542123464,44.95,75.0
8196,1.0175913365591025,1.1974736150336776,45.25,74.45
8197,1.0060888526269134,1.22476344950178,44.9,74.8
8198,0.9599027236407496,1.237003412088298,44.3,75.25
8199,0.9527759158671439,1.2525012786042389,43.15,75.3
8200,0.9688162173828534,1.238953156176494,44.6,74.05000000000001
8201,1.037215530321218,1.191923829414154,45.6,73.6
8202,0.9758736618007281,1.210805082636141,44.5,73.6
8203,0.956822380721844,1.2129032590868165,44.85,74.45
8204,0.9850574429115384,1.2064396257912682,45.050000000000004,74.2
8205,0.9951133408557341,1.2010389222505815,44.95,73.8
8206,0.987804595886025,1.2191640209907686,44.800000000000004,73.85000000000001
8207,0.9272474081128894,1.223636367091581,44.95,73.9
8208,0.9875635339232728,1.2378355153062326,44.35,74.05000000000001
8209,0.985452666220458,1.2204449164149833,44.2,73.4
8210,0.9901155016938071,1.231957526462521,44.35,74.3
8211,0.981608964912429,1.2440769414856454,44.55,74.75
8212,1.0167092766659422,1.2493800296411406,44.9,73.55000000000001
8213,0.9624447901784708,1.2303490987571175,44.5,74.25
8214,0.9785193021024224,1.2274334367321666,45.35,73.8
8215,0.9899218852185488,1.2048275177407164,44.6,74.05000000000001
8216,1.0175407362208988,1.231048716076378,45.4,73.85000000000001
8217,1.003705900736483,1.218592752156115,44.55,74.25
8218,0.9796480913965133,1.204014462624386,44.85,74.2
8219,0.9569417516622322,1.2893451458039442,44.800000000000004,74.5
8220,0.9857102547015234,1.1908665731538557,44.6,72.75
8221,1.02192868116544,1.1991520051456042,45.300000000000004,74.7
8222,1.0159924761755983,1.209179029235954,45.9,73.85000000000001
8223,0.9848835165823787,1.188465874710531,44.85,74.2
8224,0.9815312883749406,1.250724335364358,44.45,74.8
8225,0.9896594606640716,1.2124967470836774,45.85,73.95
8226,0.9475051328399678,1.2129848567372132,44.45,74.05000000000001
8227,1.0146446126788102,1.2109158492392373,45.4,75.2
8228,0.9670506395529702,1.252413784680503,44.4,75.6
8229,0.9759155213452577,1.2289442700693545,45.15,74.7
8230,0.9615686800021801,1.243068940449104,45.25,75.44999999999999
8231,0.9990754577926125,1.2528885944867665,45.5,75.7
8232,0.9886321380856309,1.1799005976452195,44.4,73.3
8233,0.9529239054261256,1.2439243122231456,45.4,74.7
8234,0.9589087896040212,1.2255833648365324,44.5,75.4
8235,0.9759198723563534,1.2313257278281553,44.85,74.2
8236,0.9782975783100096,1.2044352335590467,45.7,74.6
8237,0.9565663124691383,1.2030015933301537,45.35,73.95
8238,0.9601231271825331,1.1756312002867286,44.35,74.1
8239,0.9747626716009195,1.2193161866210211,45.45,73.35000000000001
8240,1.006673195306039,1.2534998138520126,45.800000000000004,73.2
8241,0.9671764231595623,1.233273965581717,45.2,73.7
8242,0.9631280886629602,1.236148762733187,44.65,73.55000000000001
8243,0.9364018057543747,1.229896996153413,44.65,73.75
8244,0.9836916254472203,1.236031007730588,44.55,73.8
8245,0.9569122302279887,1.2069012782896615,45.7,73.9
8246,0.9493817729139348,1.196178592643376,44.6,72.6
8247,1.00979761049171,1.2827945690251987,46.2,74.6
8248,0.9900654324801532,1.260712839395354,45.4,74.2
8249,0.9721893718835413,1.2586712805916487,45.550000000000004,73.85000000000001
8250,0.9375648039174936,1.203996013296456,44.15,73.7
8251,0.9969155174021977,1.230442694406216,44.85,73.4
8252,0.953463308265151,1.2185230535803957,45.300000000000004,73.65
8253,1.0080282052488359,1.2340852467252794,45.1,75.44999999999999
8254,0.9946786155969978,1.2396651120476472,45.7,74.8
8255,1.0017881168831397,1.2239251352142677,45.6,74.6
8256,0.9873851045442606,1.2416970149931539,44.15,75.1
8257,0.9537850459383859,1.2793706400051805,45.2,75.3
8258,0.9644505734330389,1.2454922294643902,44.15,74.8
8259,0.9582677566351276,1.213985397848335,45.1,73.7
8260,0.9715953339688504,1.2246830631884194,44.65,74.0
8261,0.9649434209480588,1.2044509010833204,44.4,74.15
8262,1.0009380362860665,1.2179041025952795,45.75,74.6
8263,0.9537100018419339,1.2287621068890318,45.15,74.15
8264,0.961453589174992,1.2412490572656592,45.300000000000004,75.14999999999999
8265,0.9700812143254934,1.1930112272029267,44.7,74.85000000000001
8266,0.9622289448845593,1.1967211412689565,45.95,74.05000000000001
8267,0.9474710034838819,1.21442484577301,44.6,74.5
8268,0.9535650038567488,1.2120177524457556,44.4,73.7
8269,0.9769742287959856,1.278602141341567,44.5,74.25
8270,0.9736916789713584,1.2102516529482177,44.7,73.3
8271,0.9810010659312646,1.2185646019617329,44.1,73.6
8272,0.9744948388425282,1.1850482598442036,44.45,73.1
8273,0.9730409970392664,1.2668919050409868,45.300000000000004,74.05000000000001
8274,1.0029149425815256,1.2537117279323964,44.75,74.55000000000001
8275,0.9495608440566691,1.227014464184774,44.800000000000004,73.15
8276,0.9775595231872761,1.2343818984324488,44.7,74.05000000000001
8277,0.9776987513751997,1.2513018988237095,45.6,74.05000000000001
8278,1.0068043266159394,1.1998346710532442,45.65,75.0
8279,0.9986252339972355,1.2290556987695458,45.35,75.5
8280,0.9723889761693971,1.224597744705819,44.5,74.65
8281,0.9884837187179155,1.2276117221355984,44.95,75.05
8282,1.0400743362067042,1.220600253587695,45.65,74.15
8283,0.9392379869497731,1.2489715401752897,46.150000000000006,74.4
8284,1.0020482361399579,1.2422713873832345,44.1,74.0
8285,1.006352350495288,1.2138412272800359,44.85,74.25
8286,0.9941688332776328,1.1803983421138868,44.85,74.05000000000001
8287,0.9780768161672642,1.230695506219398,45.4,73.3
8288,1.0045197793194398,1.229196019072216,45.6,74.1
8289,0.971490584271877,1.1645622273510963,45.75,73.8
8290,0.9813869297309032,1.2332596004047682,45.15,73.6
8291,0.9667721189145947,1.2418630184459163,45.7,74.1
8292,0.9374263088171362,1.2186474196202934,45.5,74.2
8293,1.0136108199916478,1.2184435127651414,45.7,74.45
8294,0.9744792672474146,1.2129504732699965,45.15,74.8
8295,0.9905306929852271,1.1929634745102384,44.9,74.15
8296,0.9738918494763084,1.2174239021305793,44.55,74.35000000000001
8297,0.9687642756707381,1.222716229727071,45.1,73.65
8298,0.9936904660923114,1.2305871997934024,44.85,74.2
8299,0.9938566754256597,1.2589262707087066,45.050000000000004,72.39999999999999
8300,0.9990902521064188,1.269675257804172,44.75,74.2
8301,0.9719022184622662,1.242361547006727,45.1,74.7
8302,0.9834152066527271,1.2377796817835442,45.15,73.55000000000001
8303,0.9572300949978343,1.277297631643288,45.35,74.65
8304,0.9622928737174067,1.1741473802840523,45.45,73.25
8305,0.9709709429697817,1.228109555047061,45.300000000000004,72.85000000000001
8306,0.9907939872406692,1.2586981663813477,45.800000000000004,73.5
8307,0.9879747943301853,1.1905464478986467,45.050000000000004,71.65
8308,0.9993923734353318,1.2359317355481338,45.4,74.1
8309,1.0179552579853726,1.195311166997471,45.45,72.65
8310,1.0125227122432983,1.1636221086951837,45.75,73.95
8311,0.9857010276819184,1.2056589908729491,44.65,73.7
8312,0.98021708396226,1.256760986507588,45.65,73.75
8313,0.9940719967083465,1.202675595748964,45.4,73.05
8314,0.9860454574947296,1.269905665641115,45.050000000000004,73.85000000000001
8315,1.0044400542053376,1.2798294921618152,45.65,73.1
8316,0.956708436242128,1.2027133208307488,45.050000000000004,72.85000000000001
8317,1.0110090129868194,1.223614345638386,45.35,73.85000000000001
8318,0.9663977765364766,1.2182291928200089,44.75,74.05000000000001
8319,0.998099711437509,1.2004265501607139,46.050000000000004,73.35000000000001
8320,0.9375552580425786,1.2355616292103901,43.8,74.1
8321,0.9705796135158431,1.2128514943179267,45.050000000000004,73.2
8322,0.9375371508638162,1.2113454974386628,44.65,73.7
8323,0.9674331373610874,1.2754741864465275,44.5,73.1
8324,1.0002668108841148,1.1666563640553649,44.75,72.25
8325,0.9845648445353564,1.2173868842138529,45.85,74.05000000000001
8326,0.9683706526299014,1.2382251617772597,45.35,72.95
8327,1.000672811454354,1.1830380893429988,44.0,73.0
8328,1.0038254577725523,1.1974585530767257,45.45,73.9
8329,0.961775659643639,1.2140482455563197,45.2,73.35000000000001
8330,0.9371590760000974,1.168621104472481,44.7,73.8
8331,0.9999849703684968,1.2617692344658318,44.15,75.0
8332,0.963423268211652,1.2526436746570566,44.7,75.0
8333,0.9405799456667423,1.239292764859051,45.35,74.15
8334,0.9847140223374042,1.2346643283555336,43.8,73.45
8335,0.9832896943753575,1.2282324557603828,45.050000000000004,74.55000000000001
8336,0.9675053741147229,1.192750651263753,44.7,73.05
8337,0.9365440683268684,1.2346605300474087,45.7,74.25
8338,0.9461189446758917,1.2061550449394327,44.9,73.25
8339,0.9702864967116026,1.1923591938934515,44.05,73.8
8340,0.9926249097772166,1.184627832194017,45.2,73.9
8341,0.9883008432760239,1.227916017439926,45.7,74.15
8342,0.989962983537496,1.1931172281529312,45.0,74.7
8343,0.958578484070842,1.2294777138094215,45.1,73.65
8344,1.0003242311542977,1.2095880232819012,45.0,73.9
8345,1.0662871381466474,1.2481594257780275,46.0,73.4
8346,0.9800945574071525,1.2304528574353852,45.300000000000004,73.4
8347,0.9460547250977772,1.229117487853299,45.5,74.85000000000001
8348,0.995272314412076,1.2249743877924213,44.7,74.45
8349,0.9851171808343836,1.2373420290556505,44.95,73.9
8350,0.9625432125337944,1.2042608317448407,45.050000000000004,75.55
8351,0.9752367805230124,1.2606604633565062,45.45,73.65
8352,0.9733381131032208,1.2376578630446302,44.45,74.15
8353,0.955291510684569,1.2654288214547418,45.1,75.35
8354,0.953510993400214,1.2186064382528943,44.6,75.3
8355,0.9943276326324292,1.2081723864618872,44.95,74.45
8356,1.0127948769339306,1.2322572624851853,45.2,74.15
8357,1.01036511732621,1.250030309185125,44.7,74.9
8358,0.9770874642592774,1.1907830331498122,44.25,73.3
8359,0.9658616378909973,1.2812218234534716,44.9,75.1
8360,0.9881902113549407,1.2293843179507535,45.1,73.0
8361,0.9802886031530088,1.243480586952301,45.45,74.3
8362,0.9777393973551682,1.26700211789157,45.4,75.05
8363,0.9674095817465949,1.280875580606828,44.7,74.55000000000001
8364,0.9384735320252032,1.2371415942394928,45.300000000000004,74.0
8365,0.9294874599869937,1.1671782975506255,45.050000000000004,74.6
8366,0.9497074678021672,1.2414282824997533,44.95,75.0
8367,0.9353050194355005,1.2363776908359412,44.6,74.55000000000001
8368,0.9784741822316455,1.200446207925284,45.35,72.6
8369,0.9272497810574961,1.264042922070018,44.2,76.2
8370,0.9436889716520912,1.2395645192036093,44.4,75.05
8371,0.9850996946119057,1.2283210445147548,44.05,74.45
8372,0.9349581874000107,1.2592508997982648,43.95,74.15
8373,1.0104180200562083,1.1947198705103608,44.3,74.8
8374,1.0100964941193595,1.2465476946468443,43.75,75.14999999999999
8375,0.9624169911002439,1.1767519032961808,44.6,74.95
8376,0.9964386027486557,1.2763638752954056,44.75,75.8
8377,0.994303476465634,1.2636151347466211,45.15,75.1
8378,0.9530342395813527,1.2406386424893507,44.05,75.75
8379,0.9630716755269488,1.2398865175937135,44.3,74.5
8380,1.0048630261326603,1.2806115403914784,44.800000000000004,75.44999999999999
8381,0.9929713709262716,1.2609627193198558,44.7,74.25
8382,0.9670127325092023,1.1963983967917184,44.65,75.8
8383,0.9816046051313899,1.2251838097026968,44.4,75.6
8384,1.0494814371553307,1.1798136767419636,45.45,74.25
8385,0.9719714493110191,1.2773163505968286,44.65,74.9
8386,0.9593677100626364,1.2179746838002765,44.85,74.45
8387,0.9862786888672163,1.2539866750945243,45.0,75.25
8388,0.9371561551090606,1.2400476312292994,44.65,74.45
8389,1.0019800717278131,1.2303521067066165,44.75,74.5
8390,1.0269375858896812,1.2341111848153201,45.6,75.44999999999999
8391,0.9624842830172188,1.2189218599533185,45.15,75.75
8392,1.0184034445952321,1.2251384758843722,44.85,75.35
8393,0.9525242165360177,1.2252450106271908,44.800000000000004,75.55
8394,0.982703158534415,1.2082380236440151,45.2,73.75
8395,1.010746556631644,1.2292574048697293,44.3,73.9
8396,1.016256796958743,1.23094148453227,45.6,72.89999999999999
8397,0.9928057545847704,1.24183390709336,44.65,73.85000000000001
8398,1.008362592234007,1.267037834107245,45.0,74.0
8399,0.9996702637632183,1.2443297543414797,44.3,75.25
8400,1.0030827387527939,1.2282606104398603,44.85,74.05000000000001
8401,0.9392783423247737,1.2744609496315575,44.7,74.1
8402,0.9968761079201649,1.1620643026471649,44.35,74.15
8403,0.9735742841644601,1.254011784954009,43.8,74.45
8404,0.976269669646094,1.1822874067117313,44.15,74.9
8405,0.9680796214412556,1.2069460419803488,44.45,74.6
8406,0.9499241142203289,1.2299328758518757,44.45,75.2
8407,0.9832326753674075,1.2842812768953489,44.75,76.2
8408,0.9886961287108404,1.2468944050375212,44.800000000000004,74.8
8409,1.020551920781832,1.2343933296914966,44.35,75.4
8410,1.0045235367220322,1.2361156128898547,45.0,74.85000000000001
8411,0.967151396396313,1.210564022205309,44.800000000000004,75.8
8412,0.9849917861080528,1.2379313025841725,45.75,76.35
8413,0.9761717002182754,1.2237419628591206,44.45,75.64999999999999
8414,0.9870889529614664,1.2579022761492622,44.85,75.5
8415,0.938591129339219,1.2284831083921826,44.9,74.0
8416,0.9266450097138604,1.2390685763975475,43.85,75.85
8417,0.9938519355123951,1.2124255282792118,45.050000000000004,75.7
8418,1.037416654161924,1.2486186814004638,45.050000000000004,75.44999999999999
8419,0.9528846769462125,1.226993155208078,44.3,76.5
8420,0.987024962698855,1.2358343416013722,45.1,74.8
8421,0.9034901563434586,1.2107891860281326,44.35,75.3
8422,0.9914038116946242,1.259974830279647,43.15,75.75
8423,0.9828789460112982,1.240017601292895,44.7,74.9
8424,0.9819548592380345,1.2698740764283591,44.800000000000004,75.2
8425,0.9486855740986909,1.240137942796628,44.45,73.7
8426,0.9548376412176272,1.2723241510620542,43.95,75.75
8427,0.9922318722903108,1.2398936964230876,43.55,74.75
8428,1.0079024743761504,1.2656439062154885,43.95,76.0
8429,0.9761553313023994,1.2135580966570427,44.6,74.3
8430,1.0319556730909694,1.2624622366095004,44.800000000000004,74.8
8431,0.9892147812960029,1.2384911590827907,44.1,75.64999999999999
8432,1.0306902449986475,1.2752284720824236,44.25,75.64999999999999
8433,1.0021961440602376,1.2538690889171358,44.45,76.35
8434,0.9879681681762019,1.2302640423546183,45.2,76.4
8435,1.0216485011013656,1.209554471131238,45.050000000000004,75.8
8436,0.9697520682757306,1.2311027490930644,44.5,74.9
8437,1.0179918307388205,1.2535016051986212,44.65,75.2
8438,0.9480099682970674,1.2424742308850147,43.05,75.3
8439,0.9775368217703233,1.2114686867133446,44.3,75.7
8440,0.9700691936284774,1.2339976738793856,43.85,76.64999999999999
8441,1.0139156869913681,1.2346163366713112,43.9,75.55
8442,0.9860984850978516,1.2304549824139228,44.4,76.0
8443,1.0290149537322877,1.2642045606576024,44.4,75.9
8444,1.0444172781017969,1.27653378874374,44.45,75.8
8445,0.962929653147391,1.2661971052725198,44.45,76.44999999999999
8446,1.0073642403847853,1.2558816287873598,44.1,75.1
8447,1.0262064459519913,1.2517937012702498,44.45,75.44999999999999
8448,0.9885296517666944,1.2356864977208293,44.45,75.7
8449,0.9501659133413041,1.2759369038109654,43.95,76.4
8450,0.9903199053729113,1.2547019460994606,42.8,75.44999999999999
8451,0.9920145323740616,1.2146025306822954,44.3,75.05
8452,0.946383501153514,1.2565925220095224,44.6,75.9
8453,0.9453684518783202,1.208746045296273,44.85,74.65
8454,0.9846036278555504,1.2233347966915078,44.65,75.1
8455,0.9987210340637741,1.2194299312480983,43.4,75.94999999999999
8456,0.965297897557793,1.2481610465911175,43.6,75.25
8457,0.9701373806190984,1.2466173374524792,44.55,76.0
8458,0.9576053516272187,1.1867397310211887,43.55,76.35
8459,0.9699357323824995,1.2485812836006493,43.95,74.65
8460,1.0148989722965074,1.2248159089634396,43.65,76.1
8461,0.9910986633666032,1.2608302307392956,45.0,75.94999999999999
8462,1.0109517645866384,1.2696085057485134,44.1,75.4
8463,1.0144121450090058,1.2456924865767194,44.05,74.65
8464,0.9776897559048228,1.2385111944448288,44.800000000000004,75.4
8465,0.9719092340643667,1.2483350046445139,45.35,76.14999999999999
8466,1.0048346713498382,1.2658804153177634,44.6,75.4
8467,0.9626280421687825,1.266111042531705,45.25,75.9
8468,1.026458296687608,1.207132442020838,44.65,75.6
8469,0.9784554639688465,1.2151430174734628,43.9,75.9
8470,1.0035473825572587,1.2840950581659203,44.65,75.8
8471,1.0278286738633562,1.261247277322368,43.85,76.35
8472,1.0128969844638032,1.2573740311784805,44.55,75.7
8473,0.9729639636422882,1.2848781694154832,44.15,76.05
8474,0.9632225213847989,1.3057210242426103,44.45,77.25
8475,1.0228477470723836,1.283594263911687,44.85,75.4
8476,0.9495122906569272,1.2507183898931673,44.45,76.4
8477,1.0171713466992427,1.2923460883371845,43.95,76.64999999999999
8478,1.004667538078636,1.2489425808834111,44.6,75.64999999999999
8479,0.9855028726167657,1.2081116961004987,44.4,76.0
8480,1.0038486025531916,1.2851269995468184,44.7,75.94999999999999
8481,0.978990352288171,1.242254460820841,44.65,76.14999999999999
8482,0.9525349844450764,1.1974823367556346,44.35,76.05
8483,0.9417113651222035,1.2501097079857035,44.1,76.75
8484,1.0038540143402916,1.2445522219327367,45.050000000000004,76.3
8485,1.010683294739985,1.238339056472184,45.15,76.35
8486,0.9904039914431203,1.2953910414369445,43.95,76.9
8487,0.9997542156530317,1.2762058716440527,44.65,77.14999999999999
8488,0.9927784280624874,1.2460752973059883,44.2,76.8
8489,0.9784001687795919,1.2708340152435968,44.45,76.6
8490,0.9756389124836444,1.270592284004825,44.65,76.0
8491,0.9952017972096743,1.253128904405862,45.25,77.25
8492,1.051532958584699,1.270001898372267,45.15,76.64999999999999
8493,0.9940310577990953,1.231392455944455,45.25,75.55
8494,1.037893325823362,1.2590216729962591,45.800000000000004,77.60000000000001
8495,1.0144791237664623,1.2611190420856524,45.9,77.10000000000001
8496,0.9422296068663952,1.238578640791204,45.35,77.2
8497,1.043270905884825,1.2536941857199135,46.400000000000006,75.55
8498,0.9720526062540937,1.2532848239416068,45.1,76.05
8499,0.9933154419530433,1.2393661096494089,45.9,74.75
8500,0.9354076584412022,1.2815838801722403,44.4,75.94999999999999
8501,0.9781234974554622,1.250127942110073,45.2,76.2
8502,1.0231565814527404,1.254287212174569,45.300000000000004,76.44999999999999
8503,1.0077280416409473,1.248176206173146,45.45,76.3
8504,1.0423137121740191,1.2512677683144955,45.050000000000004,76.35
8505,1.0030154389685881,1.245278256642547,43.9,76.6
8506,1.001509033740654,1.2210357649252395,45.1,75.85
8507,1.03030889651723,1.259110532572227,44.9,76.9
8508,0.9501605971080043,1.2388909909002832,45.1,76.9
8509,1.046090761834394,1.2251589358018273,45.4,77.14999999999999
8510,0.9799946690892136,1.2506658591890063,44.95,75.4
8511,0.9637189490979595,1.2362907815606314,44.0,76.6
8512,0.9892773327796112,1.2341174616695703,44.5,76.0
8513,0.9759449409304655,1.227474894431179,45.0,76.64999999999999
8514,0.9711248032331226,1.2423823460910743,45.5,76.6
8515,0.9839899665287689,1.216075902779175,45.75,75.85
8516,1.0223786483965276,1.2354725654162686,44.45,76.05
8517,0.9957178515353037,1.2325475521091707,45.15,76.8
8518,1.045416590348966,1.242567840259085,46.300000000000004,75.85
8519,0.9712299267970085,1.266012765346552,44.800000000000004,75.8
8520,0.9962821827542172,1.2239389188840268,44.9,76.85
8521,1.006308647233061,1.2556042847647342,45.95,77.4
8522,0.9898267020171236,1.2766626557953746,45.2,76.14999999999999
8523,0.9558423796560251,1.220450454688892,45.1,76.6
8524,0.9974745438737597,1.2710732148095065,45.9,76.95
8525,1.0113519303960743,1.2683609068163246,45.45,77.3
8526,1.0211352792825994,1.291092605134733,44.25,77.2
8527,0.9835701009009572,1.2499488899095152,44.85,76.85
8528,0.9966188337712469,1.2239836389454724,45.35,76.5
8529,1.0103045474241035,1.2216198591425707,44.05,77.55
8530,0.9980884665433619,1.2098600810703906,44.85,76.64999999999999
8531,1.0002498747678,1.2408445979920808,45.1,78.05
8532,1.0029781313584198,1.2998028076773367,46.1,77.5
8533,1.0289222269089346,1.2491594362758218,45.300000000000004,77.0
8534,0.9931708192559291,1.275926252475311,44.55,77.14999999999999
8535,1.0329625821019845,1.2188124767868918,44.55,76.44999999999999
8536,0.9995743683007297,1.2554200277262149,44.9,77.10000000000001
8537,1.0068310285580844,1.2845446007088468,45.25,77.85
8538,0.9941681326768296,1.238388321835874,44.7,76.6
8539,1.0446668436596065,1.2374294193728332,44.6,76.6
8540,1.0072362927450458,1.26375012959785,43.75,76.9
8541,0.985232398384083,1.272565782107079,45.5,77.75
8542,1.0052743821241623,1.2501113959436947,45.0,76.6
8543,1.0494489263342266,1.2336766143197753,45.2,76.55
8544,0.9761422589273479,1.2438077014348892,44.85,77.14999999999999
8545,0.9698556049006197,1.2161142153254068,44.45,77.14999999999999
8546,1.0218823078017827,1.283822965054797,44.7,77.8
8547,0.9758720554929737,1.2441770694566057,44.800000000000004,75.75
8548,1.019085695440397,1.285683539663939,44.35,77.10000000000001
8549,1.0088244723860196,1.2654694029795919,45.2,76.85
8550,0.9916439732415042,1.2357737944293723,44.35,76.5
8551,1.0257152011808546,1.2757423244783626,44.85,76.25
8552,0.9776359220296976,1.249030768297489,44.800000000000004,76.95
8553,1.0009942301922299,1.2069070029817615,45.050000000000004,76.2
8554,1.00812015022503,1.2370224229859204,44.800000000000004,76.9
8555,1.0036024794459255,1.269642956197749,44.2,77.35
8556,0.9742381030454722,1.2248384744813652,45.1,76.6
8557,1.0035972005078087,1.2197871329424443,44.2,76.14999999999999
8558,0.9733213819530435,1.2683003956190928,43.55,77.25
8559,0.998698829269038,1.2764934249938593,43.8,77.9
8560,1.0167009697811524,1.2153205269751197,43.7,76.8
8561,1.0244178536927657,1.2549005085527933,44.75,77.3
8562,0.9980648445820827,1.2323063293441514,44.25,76.14999999999999
8563,1.0392978517010993,1.2949460761514262,44.25,78.2
8564,1.0317987528365713,1.2467744616048848,43.35,76.2
8565,0.9787231258378063,1.2654296606984428,43.4,78.10000000000001
8566,0.9898682001981165,1.2371431828301296,44.85,76.1
8567,1.0482008480795282,1.2706621864003909,43.8,77.3
8568,0.9947409514670255,1.2835934968462315,43.7,76.6
8569,1.022589501979718,1.2374018021187927,44.0,77.35
8570,1.0171098734385497,1.246189461977613,43.75,76.7
8571,1.025719393764404,1.2244915813860304,44.2,77.05
8572,1.0136889747658568,1.227882589048196,43.5,75.5
8573,0.9941891400831806,1.297216964220952,44.3,77.2
8574,1.061996911874986,1.2768287827222067,44.800000000000004,75.85
8575,1.0299244523180635,1.2712087466778297,44.85,77.60000000000001
8576,1.018580820338412,1.2405237436703083,43.75,77.55
8577,1.0394947670693573,1.217121614132014,44.55,74.85000000000001
8578,0.9997872971377046,1.2631924903593572,44.95,77.55
8579,0.9656071037894914,1.2194070995845177,44.3,75.44999999999999
8580,0.9831536233120112,1.2516705423741992,43.8,76.9
8581,1.0063509566911655,1.2783587484442418,45.2,76.05
8582,1.0022546677935669,1.2687252413150687,45.6,76.1
8583,1.0303085955757296,1.2603201090334613,44.5,76.75
8584,0.9963950519648375,1.2377570416087946,44.4,76.2
8585,0.992510055658503,1.230845271442709,45.1,76.44999999999999
8586,0.9741097218059714,1.2440560678848398,43.75,75.0
8587,1.0104123991629443,1.221407350139961,44.25,74.8
8588,1.0062006527847642,1.2356453975089503,44.85,75.9
8589,1.0520334170913288,1.3127696792971493,45.35,76.3
8590,1.0092447565653537,1.2036264309924796,44.800000000000004,75.55
8591,1.034174611241502,1.280291880733328,45.050000000000004,77.05
8592,1.0634586005551165,1.254311582758493,45.6,76.14999999999999
8593,0.9585685599507385,1.2985517411514396,45.4,75.55
8594,0.9922253247041092,1.2761850410200972,44.45,76.8
8595,1.0135973154382454,1.2674479624800365,45.25,75.9
8596,0.994507885508186,1.2555364820361814,45.25,76.64999999999999
8597,0.9956774845958212,1.224760547037416,44.75,75.4
8598,1.0004037509501387,1.3058197522592112,44.9,76.3
8599,1.0068856205249586,1.2632491871380167,43.3,76.5
8600,1.0098831082982445,1.270144024739349,44.0,74.85000000000001
8601,0.9982547743731314,1.2839823358605018,45.1,75.55
8602,0.9684819963027574,1.2586167815292948,44.6,77.05
8603,1.0081276705453568,1.2418037313721573,45.2,75.6
8604,1.0036347613406447,1.2586085457035332,44.45,75.64999999999999
8605,1.0072652147981438,1.277505141572564,44.6,76.1
8606,1.013823174768312,1.2527705259783786,46.150000000000006,76.9
8607,0.9781607911041571,1.2502012018028659,45.5,75.25
8608,0.9959984955680885,1.2555682645359192,44.65,76.35
8609,0.9947713959104763,1.2579579605829754,45.300000000000004,76.55
8610,1.01813894969806,1.2261496545749317,45.4,75.85
8611,1.00164583092019,1.3079369946192492,45.25,77.0
8612,0.9741228887785586,1.3120591337622527,44.85,78.0
8613,1.0568447728153034,1.2466512297017311,46.150000000000006,76.95
8614,0.998534996676331,1.255864523009588,45.35,76.64999999999999
8615,1.0062414267747213,1.2584756646599613,44.800000000000004,76.25
8616,0.9981989958485741,1.23772989587014,44.5,77.05
8617,1.012469039455137,1.2103364672231078,44.45,76.25
8618,0.9970892472337394,1.231470641709201,44.45,77.05
8619,1.001301274784255,1.2737093447141163,45.25,76.25
8620,0.970744377792789,1.2196421450129133,44.75,75.75
8621,0.9852102060939971,1.2251095488782648,45.45,75.94999999999999
8622,1.0039049121165065,1.24462172523659,44.95,76.5
8623,1.0002657774941617,1.2471683223813734,45.25,76.4
8624,0.9821432761145282,1.2559583027892929,46.35,76.35
8625,1.0023295856233783,1.2882635538875795,45.300000000000004,76.7
8626,1.0071227987198792,1.2776972175451224,44.05,76.1
8627,0.9874084984036408,1.298644911432727,45.050000000000004,76.35
8628,1.0151819485462985,1.235996813067204,44.75,76.1
8629,0.9985661061903104,1.2189696521691378,45.65,77.14999999999999
8630,0.9979901538952269,1.279306591497946,44.65,76.5
8631,0.9953774667482768,1.2955923787307315,44.7,76.64999999999999
8632,0.9741732870128722,1.249032572454997,43.95,76.14999999999999
8633,0.9895244151862206,1.2208341088720733,44.7,74.7
8634,0.9854851675658886,1.2556204623385636,45.1,76.14999999999999
8635,1.021602995817134,1.2425407542068865,45.1,76.14999999999999
8636,0.9965490474372009,1.3031709249927732,44.25,77.25
8637,0.9827599158419413,1.2614471425078326,45.1,75.85
8638,1.007737138227544,1.2544844578786265,44.75,74.95
8639,1.0106373124529309,1.2131050899565798,44.6,74.5
8640,1.026101314380809,1.2382937370281015,45.4,76.05
8641,1.0053436697447955,1.3248548931070487,45.5,76.9
8642,1.010158584453403,1.2945498018436583,45.35,75.64999999999999
8643,0.9969746442643406,1.2525895328677301,45.1,75.64999999999999
8644,1.002923219096539,1.247657900641335,45.300000000000004,76.2
8645,1.0040912389223369,1.2542991807647228,45.2,76.85
8646,1.0132254791149062,1.2667647397042512,44.6,75.55
8647,0.9634376924058509,1.2730048854287113,44.800000000000004,75.8
8648,0.9872139119143346,1.2375651278346682,45.2,76.0
8649,1.0262746072761495,1.259083330200567,44.2,77.2
8650,0.9841198229253127,1.2528212934547733,43.9,76.64999999999999
8651,0.9755999087912376,1.2872585406783894,44.65,77.0
8652,1.0096101314481578,1.307751725680322,45.75,77.14999999999999
8653,0.9787445180233064,1.2724898201374388,44.35,76.35
8654,1.00068749301245,1.247696724139595,44.15,76.44999999999999
8655,0.9476354491887987,1.2636893986696762,43.95,76.85
8656,1.006960523483804,1.2483275088756884,45.35,76.1
8657,1.0218702276769682,1.2951268109851513,44.3,76.05
8658,0.996351020882931,1.238941018181488,45.2,75.64999999999999
8659,1.0175104048359034,1.2245479112997137,44.05,75.1
8660,0.9830774337478695,1.2033991418787935,45.0,75.0
8661,0.9934988538718571,1.2120100642921887,44.65,75.55
8662,1.0151736352654508,1.2965046277716266,44.3,76.0
8663,1.0085304791778036,1.2776869632586685,45.25,76.44999999999999
8664,0.9925462557133711,1.247898137608111,43.75,76.64999999999999
8665,1.0088077992447022,1.2659266555612694,44.1,75.2
8666,1.0000391299844351,1.247997649557852,44.2,76.25
8667,0.9607503223365944,1.2514889245259104,44.1,76.14999999999999
8668,0.9861922995399568,1.2387093411387693,43.8,75.85
8669,0.9484867498624711,1.2210243546407251,44.35,74.05000000000001
8670,1.0066504820470932,1.2672480327045446,43.6,75.35
8671,0.9325892641654697,1.221035525425853,44.35,74.8
8672,1.0234229075606345,1.265958146989109,44.6,75.55
8673,1.030036781125536,1.2810413414313253,44.05,75.4
8674,1.0532020753947493,1.283789802205671,44.65,75.6
8675,0.9663292777617697,1.2612663669334832,43.7,75.6
8676,1.0041823893119777,1.2545424666282887,43.35,75.1
8677,0.9890544315146307,1.247337778312481,44.4,75.55
8678,0.9448218475408464,1.295470779460154,43.6,75.75
8679,0.965433493427803,1.2744597920910445,43.5,75.1
8680,0.9804090630387641,1.263292568809566,42.65,73.9
8681,0.9814916142550815,1.2754512669313962,44.4,75.44999999999999
8682,1.0418433790394552,1.2670514153436847,45.2,75.44999999999999
8683,0.9973140506054442,1.2552183560978083,44.55,75.6
8684,0.9690370152585127,1.2255407394268243,43.85,74.85000000000001
8685,0.983007350947588,1.244867248516154,44.0,74.9
8686,0.9594922435167402,1.2180252991921738,43.7,75.25
8687,1.0182655814431278,1.2816790955704127,43.9,75.55
8688,0.9886131134088606,1.2437368424041793,44.0,74.85000000000001
8689,0.9838067314835216,1.2662275870384214,43.85,75.7
8690,1.0408882974767495,1.250494538056114,45.7,75.75
8691,0.9774124073490402,1.25779894741092,44.15,75.64999999999999
8692,1.030999304365801,1.2498305654219228,44.95,75.7
8693,1.0011835529463773,1.262940792211521,44.2,75.2
8694,0.9823774991251583,1.2206428094319461,44.95,76.75
8695,0.993087493544084,1.2394667346870034,45.5,75.25
8696,1.0356157888143303,1.234150857928342,45.15,75.3
8697,1.0126876775030635,1.2644222200923123,44.25,75.9
8698,1.0223845688415438,1.245418795792841,45.0,75.14999999999999
8699,0.9817030722660852,1.285679448765159,45.300000000000004,76.44999999999999
8700,0.9850344866880503,1.2397601230547415,43.9,75.44999999999999
8701,1.0368992854886638,1.2660691519515619,43.95,75.44999999999999
8702,0.9955015940220806,1.3028331488270708,44.35,76.64999999999999
8703,1.030376739845035,1.3284970615130065,44.6,75.85
8704,1.0066936269052607,1.2979102193196843,44.15,76.14999999999999
8705,0.9983885532536624,1.233356187467885,44.35,74.7
8706,1.067784435480815,1.265351901421563,44.85,74.95
8707,1.0113156634791411,1.2641625059753336,45.25,76.1
8708,0.952831662736,1.2811384596437416,43.9,75.05
8709,0.9815858735589025,1.2394445560544767,44.15,74.7
8710,1.0080872233070193,1.287727627877867,45.2,74.4
8711,1.0472075807824734,1.2738200072256918,44.85,74.95
8712,1.0033353167208916,1.2610162481503149,44.800000000000004,75.05
8713,1.008878115300146,1.2514017047001245,45.0,75.14999999999999
8714,1.0011497955701414,1.2963456884970437,45.2,75.3
8715,0.9614031886128218,1.2399737808739342,44.5,75.05
8716,1.0126919570744042,1.2387226457227827,44.5,74.75
8717,0.9996896549881049,1.2772918576603833,45.45,76.2
8718,1.0460251641925953,1.248945969893234,44.65,75.85
8719,1.026022828292489,1.2377249724988548,44.85,74.8
8720,1.0590138107912648,1.2224031755824922,45.25,75.05
8721,0.9653228347792252,1.2458150945698148,44.5,74.4
8722,0.9789678312869496,1.2391987884003202,44.35,75.35
8723,1.0278000251427977,1.2434481715836874,45.35,75.75
8724,1.0091327494739424,1.2188093943038172,44.85,75.5
8725,1.0301659181346476,1.2622853947194284,45.15,74.55000000000001
8726,1.0192037773288627,1.2709394240260516,45.35,74.95
8727,0.9787793209634802,1.2968124904278653,44.85,77.05
8728,1.034597961286074,1.2630350046541021,43.8,75.64999999999999
8729,1.0406146911920222,1.2598671610631569,45.2,74.9
8730,1.0438313680386404,1.26537852054632,45.45,76.14999999999999
8731,0.9920362297452686,1.242567008061721,45.050000000000004,74.75
8732,1.0164188927270865,1.2409067165603451,46.050000000000004,74.85000000000001
8733,0.9525088549532116,1.2618161923778906,44.55,75.8
8734,1.0052481889617138,1.2730730413706257,44.45,75.3
8735,0.9982626643720539,1.2524751964014917,45.4,75.9
8736,0.9765885909111457,1.275640935934149,45.5,75.14999999999999
8737,1.0377158943098357,1.2872377177428815,44.65,76.05
8738,0.9836728638730217,1.288869923130591,44.800000000000004,76.35
8739,1.0289171863774966,1.2476959215181707,45.2,75.4
8740,0.9814036975828683,1.2597970851585003,45.050000000000004,75.7
8741,1.0095572859773396,1.2289657450094877,44.45,74.45
8742,0.9953302881655393,1.2709775777983865,45.6,76.64999999999999
8743,0.9782880396903204,1.2895569416972417,44.5,75.55
8744,0.994705523209263,1.2411566565765983,44.55,74.95
8745,1.018911911230057,1.2239643115069438,45.35,74.15
8746,1.041519374095712,1.2400270741587256,44.85,75.14999999999999
8747,0.9847738754837407,1.2777684961140756,45.050000000000004,74.85000000000001
8748,1.0178636003650694,1.2544433189040214,44.65,75.64999999999999
8749,1.0124436125494,1.30226596052992,44.9,75.94999999999999
8750,0.9648268541860983,1.2393070250204379,45.1,75.35
8751,1.0124020760095986,1.2654016377345654,45.4,75.5
8752,0.9869479674753734,1.2691813733045143,45.1,75.44999999999999
8753,1.0466677689135837,1.2478216500931618,45.45,75.85
8754,1.0060748019295693,1.2861792722685148,45.1,75.75
8755,1.0157415776927867,1.2642459033242088,44.55,75.85
8756,1.0230805810931898,1.2835671059562739,45.1,76.35
8757,1.0522661855656084,1.2438733121977947,45.050000000000004,74.0
8758,1.019578845794266,1.2502746191659158,45.300000000000004,75.3
8759,1.0025774047983675,1.2435044820837042,45.050000000000004,75.94999999999999
8760,1.012208688253945,1.2580349082114213,44.75,75.9
8761,0.9801490790138492,1.2813158342172657,44.4,75.5
8762,1.0435492753119988,1.280041706379286,45.75,75.6
8763,1.0449407167869826,1.2938956700590534,45.5,75.55
8764,0.986894221922306,1.290856880493132,44.15,75.85
8765,0.9880093982340016,1.2900772367195672,44.800000000000004,74.95
8766,0.9661922971864919,1.2759109855180268,45.45,75.14999999999999
8767,1.0303997926848911,1.2609705636941062,45.7,74.1
8768,1.0270804691331985,1.255204875343401,45.4,74.3
8769,1.0032909450845504,1.2469032271381213,45.1,74.95
8770,1.0337868025901302,1.2578673770550417,44.85,75.44999999999999
8771,1.0081734165684935,1.2745066826818336,45.4,74.95
8772,1.0416924373003782,1.2822119256973465,45.15,75.25
8773,1.0290685343035098,1.2764415624686143,45.1,75.9
8774,0.996328920313358,1.3196390116741619,44.25,74.45
8775,0.9780095313462671,1.2276964487872293,45.800000000000004,74.5
8776,0.9829518182962628,1.2582389294935752,44.55,75.1
8777,1.0261458873017049,1.2646386944058756,45.4,74.75
8778,1.016342729615416,1.2347448626386517,45.25,75.9
8779,0.983766311048811,1.3087140561596247,44.7,76.5
8780,1.0210239434728192,1.2680870271961813,45.7,75.6
8781,0.9885515458130331,1.277622463976929,44.4,76.35
8782,1.04977478249964,1.3023587483149817,45.7,75.25
8783,1.0227586699938849,1.2674581579362756,45.300000000000004,74.75
8784,1.0049550299439165,1.2585901140789446,45.0,76.1
8785,1.0221167170219487,1.2659356620605113,45.2,74.75
8786,1.0142039962160796,1.2796321812090887,45.300000000000004,75.55
8787,1.009822771137282,1.2506170882146725,45.35,75.8
8788,0.9656027959236038,1.2450933056443028,44.75,74.1
8789,1.0088678696510696,1.2131213654404416,45.25,75.05
8790,1.0106310068180615,1.2770352537491059,45.1,74.8
8791,1.0589449635156865,1.2863303515524998,44.800000000000004,75.4
8792,0.9913840501203368,1.2683192805265548,44.95,75.64999999999999
8793,1.010645620853857,1.2581094494247063,44.65,75.4
8794,1.0102259895908388,1.309488950492241,45.75,75.85
8795,1.0474145841046643,1.2725804839288666,45.75,76.35
8796,0.957623698463906,1.2598147418376668,45.15,76.14999999999999
8797,1.0006418630886122,1.2146681589561796,45.25,74.4
8798,1.0248535629167668,1.268802830942748,44.800000000000004,75.55
8799,1.0231744692075933,1.258920473876085,45.15,75.75
8800,1.0195177542770824,1.2505887684297279,45.550000000000004,75.35
8801,0.9738324818564813,1.2302367555830815,44.4,74.45
8802,1.0228417351454746,1.2409262678471762,45.550000000000004,76.0
8803,1.013876216574134,1.3193262266657166,44.35,76.4
8804,1.0351022847302376,1.2400727428330534,45.35,75.64999999999999
8805,1.054461299455441,1.26378830498254,45.15,76.55
8806,1.0546929458327923,1.2778878115844154,45.9,75.7
8807,1.0035582962380727,1.271432913154285,44.0,75.4
8808,0.9881260986434501,1.26833756289013,44.6,75.8
8809,1.0072727927392813,1.2586365478643413,42.9,74.3
8810,1.039617368689115,1.2653383479528926,45.050000000000004,73.9
8811,0.9636331729407428,1.2312918846509422,44.3,74.4
8812,1.035838665478945,1.267147393799873,44.7,74.4
8813,0.9771354865546502,1.2912110229186864,44.7,75.94999999999999
8814,1.0525049094582597,1.2931272909587979,45.7,75.8
8815,1.0187299710811992,1.278802090005487,45.300000000000004,75.9
8816,1.0239328050789591,1.2757657777243099,45.050000000000004,76.35
8817,0.9846489104013899,1.2554268367680144,44.45,74.75
8818,1.0232793805764282,1.267747400031984,45.300000000000004,76.0
8819,0.9974283939313165,1.2935090472189525,44.4,75.9
8820,1.0264219378102808,1.2855013451175752,44.4,75.25
8821,1.0186863303335139,1.258749146374802,45.300000000000004,76.0
8822,0.9950516377014844,1.2757649788057133,45.25,76.4
8823,1.04556256453178,1.2813483375232853,45.300000000000004,75.85
8824,1.010830653450082,1.3048263145880372,44.75,76.3
8825,1.013844852393022,1.2554475408773105,44.85,76.3
8826,1.0018683710571556,1.2756960500163776,44.75,75.64999999999999
8827,1.0218501634827561,1.2634817059715584,44.9,76.75
8828,1.0641704746093767,1.214863614718949,45.45,75.05
8829,0.9871341796058705,1.2240410285053909,44.800000000000004,76.1
8830,1.0040127523315594,1.2277003100657646,44.75,76.14999999999999
8831,1.0129333831678167,1.2941034702034848,45.2,75.4
8832,1.0025848549059662,1.276864936014929,45.1,76.44999999999999
8833,1.0243498699705338,1.2388458891502436,44.95,74.25
8834,0.9797375400830197,1.2913857362925893,44.45,75.14999999999999
8835,1.0337733289587987,1.298300481973183,44.800000000000004,75.75
8836,0.9899853311610327,1.2616806458449905,44.3,75.0
8837,1.0214746235521852,1.280924522306867,44.65,75.3
8838,1.000922087349145,1.2614519274514402,45.1,74.95
8839,0.9601389025912521,1.2958432141368408,44.0,75.5
8840,1.0020159946975105,1.2460597654693089,45.800000000000004,73.95
8841,1.0720084555385005,1.3183237666122736,44.85,75.44999999999999
8842,1.0645358777152159,1.2921649724896374,44.9,75.25
8843,0.9887468533549256,1.2580052071050083,44.75,74.7
8844,1.0077702393454662,1.295761436772837,45.1,75.85
8845,0.9613656312821333,1.2608134493615466,43.6,75.44999999999999
8846,0.9817417726687627,1.2581407635887285,45.300000000000004,75.94999999999999
8847,1.0038556091531707,1.274716913083646,44.55,75.05
8848,1.0333750642118544,1.2108200543886185,45.300000000000004,75.05
8849,1.0360513396698439,1.2701683282041565,45.4,75.5
8850,1.0441278352454522,1.2684194602390217,44.800000000000004,74.5
8851,1.0116149179029892,1.2947849123308033,44.7,75.3
8852,1.0002979567071912,1.2588826585111663,44.7,75.35
8853,0.9751020266168088,1.289010816350617,45.050000000000004,75.9
8854,0.9587474024292524,1.2716754199226015,44.65,74.6
8855,1.0325933140197485,1.3032165749869071,44.55,75.75
8856,1.0100815496468976,1.2997909244942338,44.4,76.25
8857,0.9927356495295642,1.2225603296599716,44.65,75.5
8858,0.9721086006459243,1.258682968670888,44.6,74.85000000000001
8859,1.0426831906702525,1.237206337783818,45.65,74.8
8860,0.9789764934298335,1.2437862697341406,44.7,75.6
8861,1.0176248508890526,1.291505552550374,44.25,76.35
8862,1.0046680990141172,1.2666073200277146,44.9,75.25
8863,0.9685963295020312,1.2535128848861765,44.65,75.05
8864,1.0123402725984514,1.2586955393459993,45.75,75.4
8865,1.0075479132140976,1.287880694542675,45.1,74.85000000000001
8866,1.0046267328790908,1.2900285480129399,45.7,76.05
8867,1.0322089027839143,1.273187348574311,44.6,74.95
8868,1.0242735472950353,1.2628913426732733,44.9,75.1
8869,0.9888352227805512,1.269109868901536,44.15,75.8
8870,1.0197814054755026,1.2636093073680292,44.2,75.55
8871,1.0049276874007553,1.2828493547829543,45.5,75.6
8872,0.9998322217587947,1.2696622036269292,45.1,75.0
8873,1.0355178762570494,1.2778187479714576,45.0,74.65
8874,1.017553058577668,1.2490312162623323,44.6,74.55000000000001
8875,1.0165791805445525,1.236908809424338,44.85,73.85000000000001
8876,0.9890128509720234,1.2401691892391937,45.4,74.8
8877,1.0083202214041636,1.306223800953323,45.4,76.05
8878,1.0379892819528982,1.2564303074045886,44.85,75.4
8879,1.0292672140299048,1.2600388450229514,45.0,75.75
8880,1.001501578435628,1.25391883699826,44.7,74.65
8881,1.0682020869639854,1.2890712717004575,45.4,74.6
8882,1.012430145314814,1.2680600103456259,45.7,75.14999999999999
8883,1.0147148606742447,1.2665868261543243,45.300000000000004,74.5
8884,1.0100429878298842,1.245636798565003,45.800000000000004,75.2
8885,1.0369467731168962,1.2541548464447423,45.050000000000004,74.8
8886,0.9863237094525575,1.2683280681253373,44.6,75.1
8887,1.0061253676437396,1.2844747753714734,44.5,75.35
8888,1.0135072012990576,1.2530794344758787,45.15,74.75
8889,1.003662842549621,1.2812364308593673,44.800000000000004,74.6
8890,1.0162888912715766,1.3389096667876481,45.1,76.3
8891,1.0028222744216149,1.2531465877427295,44.55,74.55000000000001
8892,1.0432923293150342,1.2492829527022073,44.65,74.75
8893,1.0319529856419571,1.2993215350355822,45.2,75.25
8894,1.0272074660359252,1.3272245994462726,45.1,76.8
8895,1.0246442325501093,1.2386942310744222,45.4,75.0
8896,1.0211006058697845,1.257378480414199,44.4,76.0
8897,1.015150108350891,1.2307817443931668,45.050000000000004,75.64999999999999
8898,1.0050955110720963,1.260779115242484,45.35,75.55
8899,1.0604539842452516,1.299170896172249,44.800000000000004,74.25
8900,1.0099644037776276,1.2578692875765478,44.65,75.55
8901,1.0219501881740036,1.2894233189922693,44.4,76.3
8902,1.0177247148975646,1.2945487871685835,43.9,75.0
8903,1.0190622260207591,1.2885410686406717,44.85,75.1
8904,0.9832807535706184,1.240275903146322,44.9,74.75
8905,1.0405756224151463,1.2728575151489467,44.75,75.4
8906,0.9770362227177949,1.3096701744949502,44.800000000000004,75.0
8907,1.0380602949487403,1.2855665403764251,44.9,76.0
8908,1.0339161163905914,1.30035916851362,45.1,73.7
8909,1.0428935972754576,1.2463009319390903,45.4,74.5
8910,1.039691822752964,1.3138525674889001,45.1,75.64999999999999
8911,1.0080505966646176,1.225612560362193,44.800000000000004,75.0
8912,0.9988926294147175,1.263676543369184,44.65,75.2
8913,1.0090847354680716,1.2575701465426645,45.9,75.55
8914,1.0147549140994705,1.2712821634764306,45.15,74.6
8915,0.9888039302495929,1.2787824457420731,46.300000000000004,75.9
8916,1.0232590257467928,1.280203433183092,45.550000000000004,75.14999999999999
8917,1.0443721935383137,1.2565354207358053,45.45,74.75
8918,0.9992816626588978,1.258895573534067,46.0,74.65
8919,1.0491277207198393,1.2866542094904707,45.4,75.14999999999999
8920,1.0237983389418526,1.2801848313431106,45.15,75.25
8921,1.00874097637703,1.2525865726414467,45.4,74.45
8922,1.0214474872909345,1.2597745529496893,45.85,75.0
8923,1.029032080092388,1.2985710947730713,44.6,74.55000000000001
8924,1.020464513054968,1.2982985498543889,45.45,75.44999999999999
8925,1.0141104657586844,1.286866916417537,45.050000000000004,74.9
8926,0.9652192653452162,1.2417023438424126,44.15,75.05
8927,0.9748034217480158,1.2953188598940315,45.300000000000004,75.1
8928,1.0388745860013533,1.271477950687969,45.7,75.2
8929,1.0056008232334497,1.2792442298802087,44.9,74.25
8930,1.0466189523969138,1.2618343080538192,46.050000000000004,75.14999999999999
8931,1.036419423669599,1.2694433505438083,45.2,74.95
8932,1.0361808855025427,1.3049980940208643,45.800000000000004,74.85000000000001
8933,0.9946394350809677,1.2498329405018582,44.45,74.7
8934,1.0145914894770787,1.2374537966698882,45.45,73.75
8935,0.9820493064156933,1.3206372195388867,45.25,75.25
8936,1.009189736909449,1.2759992361004262,44.95,75.25
8937,1.021060776629847,1.2930877324453658,45.85,75.85
8938,1.049767287142132,1.2751218915868758,45.25,73.95
8939,0.9922375754239422,1.309322406900044,45.4,75.75
8940,1.0623762476539291,1.3263279935871317,45.85,74.95
8941,1.0261881909635242,1.3103523563471104,45.5,75.8
8942,1.0410181226827213,1.255241707760736,45.4,74.4
8943,1.064665472060908,1.294542369093111,45.0,75.14999999999999
8944,1.0063454024748268,1.2624668983160128,44.5,74.1
8945,1.0208572435317305,1.2772416851864432,44.95,73.95
8946,1.0596772657611895,1.2547367561567275,44.75,75.14999999999999
8947,1.0432562356877155,1.2541344986916019,45.800000000000004,75.1
8948,1.0186605080634128,1.2959621210449204,45.9,74.05000000000001
8949,0.9975145925083874,1.263143675544118,45.7,74.95
8950,1.0498772851422764,1.2572030328957093,45.25,74.75
8951,1.0489786116635005,1.2820985372418,45.5,75.1
8952,1.0469935487079678,1.2784726108035522,44.95,75.2
8953,0.9798051412670659,1.2693611645065566,44.45,74.2
8954,0.9896064500843701,1.2748322710794853,45.15,74.35000000000001
8955,1.0013997532102201,1.2681039625004513,45.6,74.95
8956,1.0196985561512972,1.2624307237299026,45.4,74.9
8957,0.9927162921582781,1.2744917613885947,45.25,75.2
8958,1.0249618082283565,1.2962869641937995,45.6,76.1
8959,1.0243982548016555,1.264756640351346,46.2,75.14999999999999
8960,1.0261570003130163,1.2360192903896707,45.85,74.6
8961,1.0189831565122878,1.3207831954651685,45.85,75.14999999999999
8962,1.0396471009391475,1.2760580972692455,45.4,75.2
8963,1.04032937114065,1.3027381998613505,45.65,75.94999999999999
8964,1.024482808029786,1.2931135451338627,45.300000000000004,74.9
8965,1.031123322760489,1.2730101354931775,45.85,74.35000000000001
8966,1.0194291869250838,1.2853244267686508,45.4,75.14999999999999
8967,1.0620879207788676,1.3038092659604599,46.7,74.05000000000001
8968,1.0073999036194767,1.2688496158393954,45.800000000000004,75.35
8969,1.049845953559977,1.2856114786016442,45.25,75.85
8970,1.0027881459978842,1.283984787598124,46.25,74.85000000000001
8971,1.0595464799209229,1.3187284097583696,46.400000000000006,76.14999999999999
8972,1.0196063432511895,1.287713415870348,44.75,75.55
8973,1.0881699264088112,1.2648252557350985,45.550000000000004,74.6
8974,1.0213535382316161,1.2817475122822053,46.0,75.85
8975,1.034358683210392,1.2976001199595748,46.150000000000006,75.1
8976,1.0135395700256036,1.2912795713593368,46.7,75.14999999999999
8977,1.0334652453364617,1.279783416732192,44.65,76.2
8978,1.0283566489823137,1.2501495736517576,45.45,74.7
8979,0.9632924149442826,1.310007422071796,46.2,76.4
8980,0.9924513918508717,1.2510696972360993,45.85,75.4
8981,1.029803711511076,1.2878337973766556,45.35,75.8
8982,1.058133186835345,1.3081154658752954,46.1,76.05
8983,0.9985693614673047,1.2873875900404896,45.85,76.85
8984,1.030399001091085,1.2854969463441697,46.2,77.25
8985,1.0100936441158606,1.299184115885276,45.5,76.44999999999999
8986,1.0478335613502374,1.309961283522251,46.050000000000004,76.64999999999999
8987,1.0416286185781152,1.273425857531761,45.75,76.85
8988,1.0749604214372197,1.247060376112659,46.949999999999996,76.25
8989,1.0579308960967195,1.2932121234486205,46.650000000000006,75.5
8990,0.9966598094342266,1.301607259458465,46.150000000000006,76.0
8991,1.0512612493268894,1.2534967801069368,46.650000000000006,75.25
8992,1.0204969423849615,1.2947859812155849,46.650000000000006,76.4
8993,1.0425296215485638,1.2556598212451218,46.85,76.3
8994,1.0190936408510611,1.2553259738593838,46.050000000000004,75.64999999999999
8995,1.0008358564536173,1.3100826544157789,47.449999999999996,76.5
8996,0.9981089482475828,1.2990976082475494,46.85,76.0
8997,1.0606832060995808,1.3220965225663788,47.699999999999996,76.64999999999999
8998,1.02236481538725,1.327054358036763,46.0,76.05
8999,1.0222979027814747,1.3045575949312729,47.599999999999994,76.75
9000,1.059255098643608,1.2557471621696588,45.95,75.85
9001,1.02937894785794,1.3013100100765163,46.7,75.3
9002,1.0448691502148746,1.3205483360792756,47.15,77.05
9003,1.0106492231470872,1.2766366679170524,47.349999999999994,76.7
9004,1.0633870747721983,1.3231331359568836,46.550000000000004,76.44999999999999
9005,1.0284243494334993,1.2919425440621712,47.5,75.5
9006,1.0031589102250908,1.2918990467781537,45.550000000000004,75.75
9007,1.0321648067683007,1.277766902110131,46.550000000000004,76.05
9008,0.9731584428865481,1.3231793799968323,46.7,77.14999999999999
9009,1.0272906166928273,1.267676807217551,47.349999999999994,77.10000000000001
9010,1.0098245808448298,1.2807195717292998,46.800000000000004,76.44999999999999
9011,1.044807922263322,1.3043568788299136,46.85,76.6
9012,1.0284100734370238,1.2780829764496202,46.650000000000006,76.7
9013,0.9875650306374569,1.283938074473379,46.0,76.4
9014,1.0398283691358832,1.2689656149067914,46.75,74.8
9015,1.0380941379084492,1.3039041839283367,45.85,76.5
9016,1.0025005546124812,1.290503106710446,46.300000000000004,76.35
9017,1.0234094896997599,1.2697483563218435,46.2,76.95
9018,1.058248200191058,1.2792394973332961,46.25,76.25
9019,1.0109560015277543,1.284020919221987,45.800000000000004,76.4
9020,1.028358482487888,1.3135590100943026,47.25,76.55
9021,1.0253755237950362,1.3014250164243115,45.2,76.35
9022,1.0115885344383098,1.247095756266237,46.7,74.95
9023,1.0177762749314474,1.2994853120691492,46.550000000000004,77.25
9024,1.0591674272775824,1.2525407248895581,47.3,75.3
9025,1.0511364457968337,1.3411882231381151,46.150000000000006,76.44999999999999
9026,0.9968516016252166,1.3023194320898308,45.550000000000004,76.6
9027,0.980660822491292,1.3056593518022,46.25,76.05
9028,1.0127601618053463,1.260811874674388,46.75,76.44999999999999
9029,1.0197400741937175,1.2871111257486831,46.0,75.64999999999999
9030,0.9956622890818978,1.262142236679378,46.650000000000006,75.14999999999999
9031,1.023649005825097,1.2568990610005069,46.2,75.44999999999999
9032,1.025100199423174,1.2911561874491249,46.800000000000004,77.05
9033,1.0376451493972503,1.292198917917356,47.75,75.9
9034,1.0565843859111639,1.295653688284025,46.85,75.6
9035,1.0416089160923925,1.2909237206243531,46.9,75.5
9036,1.031480982847857,1.3348101281875195,46.2,76.1
9037,1.036355234136525,1.2785860760923606,46.5,75.8
9038,1.0546759128525514,1.3244523200208167,46.1,75.3
9039,1.0250032459594973,1.2923834714550322,46.9,75.4
9040,1.0711075026826535,1.287669919113008,46.9,75.7
9041,1.0858069770241583,1.2680398072025876,47.0,76.4
9042,1.0228813425816214,1.2553001023714756,46.2,75.8
9043,1.012483445706809,1.3103430339358606,47.0,76.35
9044,1.0336591266932618,1.2574145640383654,45.75,75.94999999999999
9045,1.0434124093030057,1.2897986231688132,46.25,75.64999999999999
9046,1.008771323506489,1.3087687580417005,46.1,75.35
9047,1.0141514705056542,1.2771480728256421,46.75,76.35
9048,1.0278150099773256,1.3291579417953434,47.099999999999994,76.05
9049,1.02741865527059,1.318384780090239,46.650000000000006,77.0
9050,1.0544136935062212,1.2890462310941688,45.95,76.05
9051,1.0101136698390254,1.2830908437101307,45.85,76.5
9052,1.06735496348277,1.2788086599183517,46.7,75.44999999999999
9053,1.0160131985382628,1.303653777942583,45.75,76.3
9054,1.0207721906370755,1.2800551185570432,46.150000000000006,75.44999999999999
9055,1.0523960303128825,1.2721176176398374,46.9,75.2
9056,1.04326914481865,1.2937441994577952,46.25,75.4
9057,1.054915806656073,1.3261669411217292,47.4,75.6
9058,1.0108163271007284,1.2914203820337136,46.6,75.14999999999999
9059,1.0235883678823652,1.3034063936787934,46.400000000000006,75.94999999999999
9060,0.9973613340067482,1.300645640362994,47.15,75.0
9061,1.007915863924333,1.2432020824009364,45.9,73.4
9062,1.0472315260514706,1.320611663229793,46.5,75.94999999999999
9063,1.0226111913419031,1.259180364650706,46.45,75.0
9064,1.0324045529959336,1.2437288134430973,46.150000000000006,74.4
9065,0.9972081243640732,1.2687852653168707,46.1,74.95
9066,1.041912244709761,1.270329073776162,46.85,74.55000000000001
9067,1.0278783485611407,1.2958514044457383,46.050000000000004,75.4
9068,1.0185786309617844,1.3112049283638898,46.050000000000004,75.2
9069,1.0061798806655247,1.2762640834615282,46.300000000000004,74.65
9070,0.9976858644893692,1.281509075027604,47.3,74.85000000000001
9071,0.9740610625871359,1.2689187367051669,46.1,75.44999999999999
9072,1.0485858914255968,1.2499485569187914,46.1,73.7
9073,1.0399164022609722,1.2974549263860178,46.150000000000006,75.5
9074,1.0747656501816947,1.3366761301328711,46.6,75.44999999999999
9075,1.0157810435468586,1.2672572126403374,44.75,75.7
9076,1.0082723352892036,1.3001575127242977,45.65,75.2
9077,1.082211907767356,1.331863961480306,46.300000000000004,74.6
9078,1.028161074640148,1.3030287494943877,45.5,75.1
9079,1.0317041172263817,1.2833149736753788,46.1,74.1
9080,1.0585296565810292,1.2896097272933726,46.1,74.4
9081,0.9852998416697363,1.2685277861003414,46.2,74.75
9082,1.0337612816299488,1.2947954077202364,46.2,75.14999999999999
9083,1.0082209472328745,1.2835553193382279,45.550000000000004,74.9
9084,0.9821214606150049,1.3278682253979415,47.0,74.5
9085,1.0591528756004718,1.29036785612194,46.800000000000004,75.1
9086,1.053261088369905,1.2702303956657617,46.800000000000004,75.8
9087,1.0603332885130903,1.2895350123627962,47.099999999999994,75.44999999999999
9088,1.0407693195843326,1.264049884460042,47.3,73.6
9089,1.032394353350077,1.287243329218814,47.199999999999996,74.95
9090,1.0286454161903034,1.3104206705429382,46.650000000000006,75.75
9091,1.0088249218681455,1.2850884607626085,46.5,76.1
9092,1.043806925514404,1.2568390881852591,46.949999999999996,75.5
9093,1.0377282990388712,1.2894074783242178,47.55,76.05
9094,1.0219000916077925,1.2935532249676547,47.15,75.5
9095,1.0394070987989747,1.29868557052483,47.55,76.1
9096,1.0758443283396568,1.2621376299351252,47.099999999999994,74.45
9097,1.0701367339581722,1.3077130324074684,47.449999999999996,76.14999999999999
9098,1.06189543046021,1.2813305443624778,48.1,75.9
9099,1.0261207259056546,1.2884497375187989,46.800000000000004,76.25
9100,0.9981129018053032,1.2834694674215579,47.199999999999996,76.5
9101,1.0438484009495839,1.2447961665176093,47.75,75.94999999999999
9102,1.0734379924154616,1.314207333325156,47.3,75.85
9103,0.9983817526598451,1.3059118209511789,47.65,76.1
9104,1.049219111289344,1.3129099992818491,46.35,76.2
9105,1.0845724427337806,1.301870480971724,46.949999999999996,76.05
9106,1.0759674199982352,1.3119438617840582,47.349999999999994,76.55
9107,1.0581423468092621,1.3340394195809218,46.400000000000006,76.85
9108,1.0754870500920193,1.2734769382253097,46.45,76.44999999999999
9109,1.0513065503375987,1.2819331777610692,46.45,75.9
9110,1.0040935496998467,1.2461418595122065,47.15,76.1
9111,1.0107217821932335,1.324212314174367,46.300000000000004,76.9
9112,1.0207544141961025,1.2726957569139699,46.35,76.2
9113,1.0435795978874467,1.2470813467751813,45.85,77.10000000000001
9114,1.0378578723883585,1.3117987398214142,46.75,76.0
9115,1.04057982958816,1.3178402387257595,47.199999999999996,75.6
9116,1.046707579640176,1.3799117917314414,46.7,76.5
9117,1.0216714674431713,1.3258193236112958,48.0,76.25
9118,1.0355300752860876,1.315672063244573,46.1,75.55
9119,1.063607462361686,1.3100491598947193,46.45,75.7
9120,1.065688225854367,1.268286428821008,47.05,75.44999999999999
9121,1.0496966269716963,1.2835066249672777,46.5,75.0
9122,1.0650019713858625,1.3522788255474396,47.05,76.55
9123,1.01343928693939,1.2852413012771136,46.800000000000004,75.0
9124,1.0414444133485736,1.3185389611615455,46.75,77.35
9125,1.0686314388696887,1.31140442482135,47.25,77.0
9126,0.9942606692447142,1.2930918550879253,46.949999999999996,76.1
9127,1.0216540324830206,1.2685653358352342,46.949999999999996,75.0
9128,1.039518231353688,1.3014261290944493,47.55,76.05
9129,1.045136788399543,1.2959986849294225,46.85,74.4
9130,1.0494703400062448,1.2842419120263462,48.1,75.64999999999999
9131,1.070909008833643,1.2491173963978668,47.8,75.6
9132,1.0973617323413332,1.2734074521680914,47.599999999999994,76.5
9133,1.0143238012609588,1.2964670879122495,46.2,75.55
9134,1.0333630162548835,1.2914515218266607,46.0,77.05
9135,1.0451443118761534,1.289069727626959,46.5,76.05
9136,1.0581101972035525,1.2734431134729345,46.35,75.05
9137,1.0626827011404152,1.2926890257156851,47.0,74.55000000000001
9138,1.027681829129153,1.2568973100472165,45.85,75.9
9139,1.0320596892005214,1.3175421635604065,46.45,75.8
9140,1.0610141727254832,1.2794316146518554,48.0,74.8
9141,1.0521299104191755,1.3414432683623772,47.8,75.85
9142,1.0435383951295718,1.3084225329427257,47.15,75.3
9143,1.028386194007092,1.2533970845165123,48.05,74.95
9144,1.0417521413401978,1.28758691801563,47.449999999999996,75.35
9145,1.0271052622239216,1.2907869858208518,47.099999999999994,74.75
9146,1.0676171515174397,1.3047759642666774,47.25,75.9
9147,1.0495959557233674,1.2938541625974904,46.800000000000004,75.0
9148,1.0566330565110762,1.3160301508230614,47.449999999999996,75.94999999999999
9149,1.0400488113596085,1.2994435906429913,47.9,75.94999999999999
9150,1.0402873002888782,1.2721307337053456,47.55,76.95
9151,1.0591797172513775,1.2651431786260525,46.800000000000004,74.75
9152,1.0324130096569295,1.264098902614871,46.7,75.35
9153,1.0485870509636601,1.3173026369318597,47.599999999999994,76.05
9154,1.065552507457874,1.2809677803652122,47.25,74.9
9155,1.0468420621966388,1.3072049938818413,47.349999999999994,75.9
9156,1.0443873357566031,1.2957688462746313,46.949999999999996,75.1
9157,1.0387027427133444,1.2722486724518645,46.650000000000006,76.0
9158,1.0699318200447883,1.2930298250462926,46.9,75.1
9159,1.0239140952221335,1.3002442565449677,46.6,75.85
9160,1.0406544097577228,1.31202243320591,46.2,76.0
9161,1.053573842021111,1.325237759200539,46.25,76.44999999999999
9162,1.0258164596475985,1.3093884922665493,46.650000000000006,75.4
9163,1.083362266803422,1.264578984826215,47.449999999999996,74.95
9164,1.0354278739284328,1.32424104986813,47.349999999999994,75.5
9165,1.0577596102387097,1.2978270222374746,46.949999999999996,75.75
9166,1.0557741788125277,1.300925099750595,46.75,75.25
9167,1.0425894522129489,1.262449417102704,46.300000000000004,73.7
9168,1.0880093367836894,1.2861569450796053,46.75,75.7
9169,1.0162095400103373,1.2530236597704247,45.95,74.85000000000001
9170,1.11206872272695,1.2947939318143393,45.85,75.0
9171,1.0557030106438976,1.2578875455369725,46.25,75.85
9172,1.0346354920362233,1.309768447302788,46.85,76.05
9173,1.0186083975389664,1.3344980842685454,45.85,76.1
9174,1.0364948584924298,1.3244826010161836,45.65,75.3
9175,1.0837040183583557,1.266714451469003,46.6,74.0
9176,1.0036048861889222,1.304862443682841,45.95,76.25
9177,1.054243550824395,1.2992380979332454,46.949999999999996,76.14999999999999
9178,1.10110129642146,1.3355779901764286,46.150000000000006,75.75
9179,1.018088470224512,1.326569023359763,45.800000000000004,75.25
9180,1.03571094236385,1.3273498972317415,46.949999999999996,76.3
9181,1.0359420227197393,1.3032816438091772,46.949999999999996,76.2
9182,0.9902133670151332,1.302033901113887,45.95,74.9
9183,1.0196327378760839,1.2759192099301309,47.25,74.85000000000001
9184,1.0388026468739915,1.2906028777205802,47.099999999999994,75.44999999999999
9185,1.0364222302736317,1.3134236143612898,47.449999999999996,74.65
9186,1.0363679018354737,1.3166770972124409,46.75,74.55000000000001
9187,0.9999044889742225,1.3292224857923036,45.75,74.9
9188,1.0254068082642993,1.2725330621998467,46.400000000000006,74.6
9189,1.067244943837975,1.3089416747625815,47.15,76.0
9190,1.0229124654415196,1.2857621616395583,46.2,74.5
9191,1.0532893664158784,1.29097542845673,46.6,74.65
9192,1.046915081904986,1.2823170800476906,46.550000000000004,75.1
9193,1.0588448633949283,1.2284247023513408,45.85,74.95
9194,1.0255905727274346,1.3049782554571798,45.95,74.65
9195,1.0695164407694966,1.2445607075558796,45.85,75.4
9196,1.0940872562171444,1.3323084095660793,46.2,76.5
9197,1.0322120791452616,1.2852062262204507,46.550000000000004,75.1
9198,1.0654587359059697,1.2766902924510597,47.349999999999994,75.64999999999999
9199,1.0110462064002543,1.3105750598643229,46.5,75.14999999999999
9200,1.072412269754033,1.2905930235988026,46.75,74.45
9201,1.0524104071555054,1.3093202866187914,46.85,74.85000000000001
9202,1.0198634600695686,1.306429825343839,46.050000000000004,74.4
9203,1.0414326726217342,1.27691572647472,46.949999999999996,74.5
9204,1.0363272519818005,1.3158134856609645,45.75,75.2
9205,1.0646879581074362,1.2891191141755167,46.75,74.85000000000001
9206,1.082710084064785,1.3019311589363072,47.3,75.85
9207,1.0301403456681133,1.329791895402836,46.5,75.14999999999999
9208,1.0110032779652416,1.3125348470768603,46.1,75.44999999999999
9209,1.0518699425750277,1.2721566335692491,47.099999999999994,74.4
9210,1.0577636534125925,1.2605127261002458,46.550000000000004,74.45
9211,1.0117828955853234,1.3543688464705852,46.7,75.94999999999999
9212,1.0285533314497857,1.3197556160532582,46.5,74.3
9213,1.0561659011931142,1.3087483563910496,46.550000000000004,74.55000000000001
9214,1.0447651787890382,1.2838166536206612,46.25,74.9
9215,1.0317069308606401,1.2611047160505897,46.6,75.1
9216,1.0030530007583038,1.303505930500141,46.35,75.3
9217,1.0613712724909423,1.2908177068469209,47.15,75.3
9218,1.0646764032150908,1.3030470350606684,46.400000000000006,76.55
9219,1.0593334492347253,1.312719706193891,46.400000000000006,75.3
9220,1.0701188379472764,1.2898651665234313,46.9,76.2
9221,1.010544834252232,1.3068028291257767,45.85,75.2
9222,1.0585238523820764,1.31268532438523,48.199999999999996,74.95
9223,1.0518741589719558,1.3099101255385555,47.25,75.44999999999999
9224,1.0301745158058728,1.34588407367245,46.1,76.1
9225,1.0199240723298706,1.2678201834266318,46.0,75.1
9226,1.022547891763097,1.2731540519141604,45.5,76.05
9227,1.0205451940099384,1.3193610825091584,47.0,76.1
9228,1.0487793057255883,1.2876567109239496,47.3,75.44999999999999
9229,1.0681832312150314,1.324126147211559,47.199999999999996,74.7
9230,0.9839180862879746,1.3012511594038094,46.5,75.75
9231,1.0729205677060263,1.2887168706027419,46.7,75.35
9232,1.0061206947407455,1.282595621110987,46.6,74.9
9233,1.0294781107031135,1.2698684785872492,46.7,74.7
9234,1.0375093815209797,1.2623712918034482,47.0,75.05
9235,1.0210997935689134,1.3271884227337696,46.25,75.55
9236,1.0556651578903944,1.3311988255892424,47.15,74.6
9237,1.0633532386701876,1.2867320507256161,46.650000000000006,75.94999999999999
9238,1.0243147439778004,1.2727380504792067,47.0,74.9
9239,1.0203868105996152,1.2802528484864193,45.95,74.35000000000001
9240,1.0601999431246454,1.309439287673616,46.75,74.8
9241,1.0698830265965322,1.288866291109322,47.75,75.2
9242,1.0255179726933699,1.3257469481368147,46.35,76.0
9243,1.0666961294868524,1.3158173395560762,46.400000000000006,75.94999999999999
9244,1.0269416341075115,1.3083366550435376,46.400000000000006,74.75
9245,1.0312617412652358,1.2872822904986883,46.150000000000006,74.4
9246,1.0948255374574485,1.271421520502676,47.3,74.9
9247,1.0194227620707912,1.3033344062631655,46.9,75.3
9248,1.076153043272729,1.329130749833514,46.150000000000006,75.4
9249,1.0939488199584688,1.3022424567023219,47.099999999999994,75.8
9250,1.0329080742220422,1.2801490872509012,45.7,75.25
9251,1.039381267550343,1.264861725375314,46.9,75.94999999999999
9252,1.0547496509914076,1.3199146320261828,47.05,75.35
9253,1.090758508761743,1.3220129542059367,46.800000000000004,75.85
9254,0.9920626968992045,1.3253460717601866,45.35,75.4
9255,1.0156495018997642,1.2862538401842907,45.9,75.1
9256,1.0605779642769684,1.3183802947723002,46.7,75.35
9257,1.0245658364895471,1.3185997529338296,46.35,74.65
9258,1.0470053203362564,1.3046876142024857,47.0,74.45
9259,1.021299240098906,1.3134307103725114,45.550000000000004,75.14999999999999
9260,1.0703160184512417,1.299080197105382,47.05,75.9
9261,0.9936921845217069,1.2761140232532115,45.800000000000004,75.6
9262,1.0756401822572033,1.294093581893531,46.6,74.9
9263,1.0224351995992365,1.3079474840287781,46.75,76.1
9264,1.085824174742531,1.2855275828520012,46.25,74.6
9265,1.012175154714605,1.3146376842976335,45.65,75.55
9266,1.0219448162269715,1.3009927242079384,46.400000000000006,74.45
9267,1.03352510965935,1.2838318338891213,47.0,75.05
9268,1.0328395151640803,1.3295012026941295,45.75,75.7
9269,1.0838818669361268,1.3366198678333037,47.05,74.7
9270,1.0709507776187561,1.3280800057550277,45.95,74.05000000000001
9271,1.0126457743959296,1.2752489892113976,45.75,75.44999999999999
9272,1.0607229448689084,1.27746302961845,46.35,75.1
9273,1.029378315420752,1.299280891742731,46.400000000000006,74.8
9274,1.0288201801239303,1.3021133192517145,46.5,74.55000000000001
9275,1.0256395728476941,1.2884782110507982,45.65,74.5
9276,1.0490014604245483,1.3221637368531665,45.85,73.8
9277,1.0450891376529166,1.2945334440201608,46.300000000000004,74.85000000000001
9278,1.0900759728486742,1.3201107683058724,46.2,74.4
9279,1.0424868574936432,1.3137784428826478,46.0,75.6
9280,1.0634167186029613,1.3342571468003361,46.800000000000004,75.2
9281,1.0505474904277476,1.2624948822243838,45.95,74.35000000000001
9282,1.0590291576202284,1.3127572137936634,45.95,75.4
9283,1.0428968696377605,1.283814082454331,45.85,74.05000000000001
9284,1.067765973372399,1.3137916521536421,46.7,76.4
9285,1.058050968917492,1.3328313581958628,46.25,75.64999999999999
9286,1.029025066545063,1.2801864370833096,46.25,75.6
9287,1.0501646557865458,1.3167482156402144,46.1,75.05
9288,1.0510818298713214,1.3169839262057979,46.050000000000004,75.4
9289,1.0677278839066509,1.3253572641843019,46.650000000000006,75.3
9290,1.0305371853239327,1.2821358642873995,45.85,76.0
9291,1.0570540144761635,1.3360232864242043,46.1,75.14999999999999
9292,1.0458111634429774,1.3052814599997091,46.5,76.2
9293,1.0558370161363346,1.3200104324902076,45.2,75.7
9294,1.0257699984001751,1.283355885278187,46.2,75.55
9295,1.0660272000893622,1.290113417708372,45.65,74.15
9296,1.0763427244729582,1.2504339539195477,45.300000000000004,75.25
9297,1.0140509647762612,1.314682496093154,46.35,75.55
9298,1.0257551970323704,1.334583647104672,46.300000000000004,75.25
9299,1.0521646686829214,1.3290536364509218,47.199999999999996,74.85000000000001
9300,1.040868399700137,1.2779568669132055,46.150000000000006,75.75
9301,1.0120067919681772,1.307917710676839,45.550000000000004,75.3
9302,1.036345810502314,1.3175310850675397,45.9,74.9
9303,1.0511194331070215,1.3282772194646946,46.300000000000004,76.3
9304,1.036864550397813,1.3085219171753497,46.25,74.3
9305,1.0873564478574103,1.2937031451839707,46.85,75.14999999999999
9306,1.0921713081830093,1.2780691859872617,47.15,75.25
9307,1.0515669248804858,1.3187296341059345,46.800000000000004,75.75
9308,1.0393222647450617,1.3126561873977993,45.6,75.8
9309,1.008949715276951,1.302503385200364,45.85,74.7
9310,1.0669282902046586,1.3236165188481461,46.650000000000006,75.0
9311,1.0281930138452848,1.2919828023763407,47.449999999999996,74.5
9312,0.9726454572113581,1.2903500489742814,45.550000000000004,74.65
9313,1.0490869559155054,1.2721627189060405,46.25,74.9
9314,1.0565142193974635,1.3426587941953334,45.25,74.5
9315,1.1082672375648681,1.3002661295121267,46.85,75.0
9316,1.0581156599332835,1.3064574637991355,46.1,75.14999999999999
9317,1.02709457771836,1.3253272046676285,45.35,75.2
9318,1.0477249081786117,1.2692850933667335,45.9,73.6
9319,1.0387296302207436,1.3196734625235553,46.6,75.05
9320,1.054337712476688,1.3248972782134725,45.550000000000004,74.9
9321,1.044704759501754,1.3069586082627094,45.95,75.35
9322,1.0424907180766139,1.2924447279817026,46.800000000000004,76.05
9323,1.093043014250494,1.3204906122219857,46.550000000000004,76.2
9324,1.0384053404289804,1.3308828164754947,46.5,75.85
9325,1.0482052223661458,1.2832761335814242,45.550000000000004,75.44999999999999
9326,1.0597620073866423,1.3233515508826703,46.45,75.55
9327,1.0709312929672488,1.3148300124321874,46.5,75.55
9328,1.0737678195035996,1.3283986793047937,46.150000000000006,75.35
9329,1.0172705895552012,1.3031427106610627,46.650000000000006,74.5
9330,1.0593134717744064,1.2799147892598657,47.349999999999994,74.55000000000001
9331,1.062155166405647,1.2954045309197089,46.150000000000006,75.94999999999999
9332,1.0236678783439783,1.3055933384445053,46.050000000000004,75.14999999999999
9333,1.0518527710471195,1.3180188388924972,47.099999999999994,76.14999999999999
9334,1.048088492254614,1.3565793247313762,46.75,75.75
9335,1.0896422121755576,1.288403184841046,45.95,75.3
9336,1.0862786019182882,1.330087814395101,46.550000000000004,75.9
9337,1.0132109716431172,1.3072535207862288,46.2,75.44999999999999
9338,1.0691265758826978,1.3246645494603695,46.45,74.8
9339,1.0429835005256887,1.3580703075817104,45.85,75.3
9340,1.0405506994640545,1.3727221798397335,45.6,77.2
9341,1.076796876023869,1.3006908012156209,46.050000000000004,75.44999999999999
9342,1.0634018952702478,1.3050617988329338,45.800000000000004,75.44999999999999
9343,1.0905752694653779,1.2772758759983336,46.7,75.44999999999999
9344,1.067424967780074,1.3079288366730957,46.150000000000006,75.44999999999999
9345,1.072794953018083,1.3038368999666425,45.550000000000004,75.3
9346,1.0411100584329132,1.3462599772201416,46.050000000000004,76.5
9347,1.0251152729541109,1.319252028631378,46.6,76.25
9348,1.0483477087292443,1.323488308884551,46.75,75.94999999999999
9349,1.0439462707039824,1.2921220585868878,46.300000000000004,75.6
9350,1.0322603235816536,1.312534524007068,46.1,76.6
9351,1.053110656587291,1.3276185641339866,47.25,74.95
9352,1.04096723988778,1.3037412637649834,45.65,76.0
9353,1.0548223285001352,1.2894149418983922,46.050000000000004,75.6
9354,1.046604607753294,1.3210525524359813,45.85,75.1
9355,1.072436868852241,1.3305916797687019,45.9,75.1
9356,1.0780376099124387,1.304674867025768,46.800000000000004,75.7
9357,1.0488741354970834,1.274993331000062,46.550000000000004,73.7
9358,1.0665845739788582,1.3346327106011802,46.300000000000004,75.0
9359,1.0521422660883193,1.3103093364321803,45.35,75.2
9360,1.0210665803670826,1.3541509203103295,46.0,76.35
9361,1.0574065070102778,1.3148251767785264,46.5,75.94999999999999
9362,1.039865329269965,1.3115834975261933,46.2,76.3
9363,1.0430784823148975,1.346484046974944,46.0,76.25
9364,1.072174669342231,1.2677232007318426,46.650000000000006,75.35
9365,1.0580028516302813,1.3197166141243566,45.75,76.6
9366,1.054450877358119,1.3008244251962575,46.550000000000004,75.0
9367,1.0614227872478588,1.3107403972680216,46.9,74.9
9368,1.055691565261233,1.3143527360244456,46.5,76.3
9369,1.089005693249408,1.3264418652206693,47.099999999999994,76.44999999999999
9370,1.0460981052077978,1.3087464555048491,46.800000000000004,77.35
9371,1.03532315369688,1.32840982508132,46.7,74.9
9372,1.0257945450137882,1.3456946877781943,45.5,76.14999999999999
9373,1.0933109926618398,1.3272439349662766,46.75,76.5
9374,1.099200771101422,1.3228334060780218,46.2,75.6
9375,1.104185661191726,1.323884484806768,47.349999999999994,76.14999999999999
9376,1.023157828319433,1.3078730442862008,45.95,76.05
9377,1.1064373914643666,1.280627218971882,47.15,76.05
9378,1.0202775632389438,1.3198480583214378,46.45,75.25
9379,1.0859119224141482,1.2872004960645682,46.650000000000006,75.1
9380,1.0927385397804155,1.306530248450321,47.15,75.2
9381,1.0767805292827033,1.2991634208373442,46.650000000000006,77.3
9382,1.0392167649081785,1.3718312341688412,46.7,77.25
9383,1.0498727251034972,1.3223531836034976,45.550000000000004,75.4
9384,1.1061810368204101,1.3356788819249732,45.550000000000004,76.14999999999999
9385,1.0669049779705697,1.3429108061617803,46.7,75.5
9386,1.0556565552360049,1.2872760649834036,45.800000000000004,75.94999999999999
9387,1.0224312412766154,1.3143543741254229,46.2,75.25
9388,1.037373509643832,1.3587601829596392,46.2,75.64999999999999
9389,1.1334584965465462,1.3048755891602881,47.05,76.2
9390,1.0722932379520218,1.3787606750297783,46.9,75.9
9391,1.0723964544742066,1.341868202938549,46.85,76.25
9392,1.0763895640509067,1.317935530430832,46.35,75.44999999999999
9393,1.0837270078259922,1.3111882749129864,46.6,74.65
9394,1.072358910434289,1.3488090697294204,46.0,74.75
9395,1.0682799972902737,1.3251589602770797,45.800000000000004,74.05000000000001
9396,1.055458912782558,1.3283116504191594,46.25,75.1
9397,1.0607506209165862,1.3112046306921887,46.45,76.0
9398,1.0379114494620467,1.2879177343457013,45.85,76.3
9399,1.0685045711043113,1.3262823669028694,45.800000000000004,76.5
9400,1.070821684914088,1.3458067641255345,45.45,76.2
9401,1.0334720391949372,1.282936529078951,45.6,75.05
9402,1.0600096161642345,1.2914327128192868,44.45,74.05000000000001
9403,1.07259419758162,1.2857189112938618,46.25,75.44999999999999
9404,1.0699766233011925,1.3701034730618025,45.95,76.8
9405,1.0438528813292336,1.36019889259355,45.5,75.9
9406,1.0147818468390573,1.2765782741592857,45.9,74.95
9407,1.062531875225884,1.3278301872992475,44.95,74.75
9408,1.0383346445894746,1.2637954576340016,46.1,74.1
9409,1.0421874016417638,1.2847495168288288,44.800000000000004,76.05
9410,1.0455483552106863,1.2754468961617214,44.85,74.85000000000001
9411,1.078529246162484,1.3255685382235034,46.1,74.9
9412,1.059565532799783,1.2666692225168708,45.300000000000004,74.7
9413,1.0478087995626462,1.3411452943888185,45.35,75.6
9414,1.1067919862567055,1.364111666309704,45.5,75.7
9415,1.0504448992961466,1.2837643678056965,44.85,74.25
9416,1.029685688677648,1.2785093206053444,45.6,75.25
9417,1.0633855946355306,1.2995989153260445,45.65,75.75
9418,1.0845607486044073,1.2723605563277656,45.4,75.64999999999999
9419,1.0716089399188395,1.3074184712542705,45.5,76.64999999999999
9420,1.0398271597444755,1.3268251284483124,46.400000000000006,76.1
9421,1.063866456348719,1.3321288530985047,45.85,75.0
9422,1.1051584230192808,1.2958076863005503,45.15,74.75
9423,1.0100749494319095,1.2998606900548313,45.4,76.7
9424,1.0701962496790012,1.3178486365466806,45.4,77.2
9425,1.0512978194500804,1.3218641656302863,45.550000000000004,76.0
9426,1.0880638349388316,1.3115367057048142,45.4,76.55
9427,1.0450207514765928,1.3095342319216623,45.35,76.8
9428,1.0826373036364254,1.302579701707894,46.35,76.25
9429,1.0231651312209822,1.2760637830637167,46.1,74.75
9430,1.0541071334911742,1.3789379159139648,45.550000000000004,75.64999999999999
9431,1.0887594352560837,1.2968587157554594,45.9,75.14999999999999
9432,1.0416841547910285,1.3506577803902404,45.65,74.85000000000001
9433,1.067771594722267,1.3454299301745698,45.6,75.3
9434,1.031103983189707,1.3108032033953798,45.6,75.2
9435,1.096699757434866,1.3696394196189152,46.75,76.4
9436,1.070093821675774,1.3042491219484038,45.65,74.95
9437,1.0473838899652232,1.326367757331754,46.25,75.3
9438,1.0730238374427583,1.343075647182618,45.9,76.5
9439,1.047911081021559,1.30471567413317,45.95,76.05
9440,1.0528637841819282,1.2678857283116918,46.050000000000004,76.14999999999999
9441,1.082487012742487,1.3138953930685975,46.25,76.3
9442,1.0621657533723612,1.2919719678650656,45.25,75.94999999999999
9443,1.0626456727949565,1.3010729937047467,46.050000000000004,75.25
9444,1.034723059963762,1.334718011002452,45.35,75.9
9445,1.0566587285960392,1.3082850005128877,45.7,76.25
9446,1.06505078033646,1.287344702587352,46.650000000000006,75.5
9447,1.0389619031642925,1.289078997211914,45.65,76.4
9448,1.038644767998987,1.3162842884482266,44.9,75.8
9449,1.085717473255319,1.3132233081464868,45.75,74.3
9450,1.06313505881949,1.2757723282416593,46.35,73.6
9451,1.0781961012152304,1.295878702738074,45.9,75.85
9452,1.0569467131513244,1.3331292616057089,45.550000000000004,75.5
9453,1.1080585369085099,1.311598169349395,45.7,74.5
9454,1.096940253739687,1.296793955340945,46.2,75.5
9455,1.0614771617941385,1.334197175549878,46.800000000000004,74.55000000000001
9456,1.0278561305616722,1.2863097397558132,45.65,74.0
9457,1.0649998608602769,1.303190976680051,45.95,74.85000000000001
9458,1.0835999884725422,1.3659480127840233,46.0,76.25
9459,1.0390575248427265,1.3145435353856683,46.1,74.5
9460,1.0470177759667898,1.3047569819867288,46.300000000000004,73.75
9461,1.0761168409053725,1.2923173338311222,45.6,74.65
9462,1.0770086635978862,1.2955415987122816,46.5,74.9
9463,1.0989977973365626,1.3106986874111457,46.150000000000006,75.0
9464,1.050861923302843,1.3333236680252303,46.1,75.85
9465,1.066030564250109,1.337918576747304,45.6,75.85
9466,1.0680986997068997,1.3260186051438587,45.45,75.14999999999999
9467,1.0650691095807745,1.3552182272969653,45.95,75.8
9468,1.0818400322634052,1.3113606893575165,46.050000000000004,75.35
9469,1.0784036644149955,1.3199273275623116,45.95,74.65
9470,1.0431861930216086,1.3145915688333725,45.6,75.9
9471,1.0544233023276604,1.3187321768233173,46.050000000000004,74.4
9472,1.0449834890041096,1.3142379843239438,46.050000000000004,75.4
9473,1.0668573679671751,1.3520543400969889,45.550000000000004,76.25
9474,1.0569892297659058,1.346305515463257,45.25,74.65
9475,1.0684732803364276,1.3238866393886315,47.15,75.64999999999999
9476,1.0963044903531831,1.2768054084609728,46.25,75.4
9477,1.0434612356296393,1.3031918634970452,45.85,75.2
9478,1.0620872266702948,1.2511408903980987,45.800000000000004,74.4
9479,1.0511550946338017,1.3396689923076683,46.7,76.44999999999999
9480,1.0659369981159783,1.3085683875913983,46.45,75.55
9481,1.065357676238942,1.3195040345276705,45.550000000000004,75.6
9482,1.0639803048733865,1.306855776746707,46.85,75.44999999999999
9483,1.0845824524133076,1.3739885148311246,46.050000000000004,75.94999999999999
9484,1.0827218466513886,1.332019715397139,45.85,76.14999999999999
9485,1.10276312536588,1.2958199311945857,46.7,75.55
9486,1.0365432162987518,1.3407997101842526,45.550000000000004,75.75
9487,1.0408414379342665,1.361526563482111,46.7,76.4
9488,1.0532593515600488,1.3474437490701239,46.2,74.9
9489,1.0692111527020907,1.3350965677131916,46.2,74.55000000000001
9490,1.060664750112822,1.3592200746609349,46.7,76.35
9491,1.0485079383186,1.306348607433903,46.75,76.35
9492,1.047514114745811,1.3183217564357965,46.150000000000006,75.44999999999999
9493,1.052764180305619,1.3362894407004338,45.75,76.1
9494,1.0838548483051902,1.3543748059754144,45.35,76.05
9495,1.0790126696278934,1.3616240337251264,46.150000000000006,76.3
9496,1.0579754914554724,1.3256260605177808,45.65,74.85000000000001
9497,1.0421585810781717,1.3058395914970449,45.7,75.4
9498,1.0600875563736862,1.343290581354648,44.65,75.64999999999999
9499,1.1009846565434411,1.3189238370066045,46.050000000000004,76.1
9500,1.083970328939908,1.31734918092398,46.5,76.5
9501,1.0895762598553993,1.3214575295421234,46.400000000000006,75.2
9502,1.0232905303222364,1.2578003579516503,45.85,75.2
9503,1.0943344005765199,1.3289073910256206,46.050000000000004,75.4
9504,1.0477758688210914,1.323554169310048,45.0,75.2
9505,1.0263172968035887,1.339021496683411,45.35,76.14999999999999
9506,1.0821603639240538,1.3384975986963026,45.2,75.3
9507,1.065756491693368,1.3214773024346178,45.4,76.25
9508,1.0837096303097105,1.408784683470935,45.75,76.14999999999999
9509,1.045450161206585,1.2710036711414978,46.25,75.25
9510,1.112705342204781,1.3517471517795407,45.65,75.64999999999999
9511,1.0411578810733662,1.3314475566657646,45.25,75.8
9512,1.059275436321071,1.3453710206382539,46.300000000000004,75.5
9513,1.049041043088889,1.2640629555124328,45.550000000000004,74.85000000000001
9514,1.1054909831893778,1.3051129663755812,45.800000000000004,76.1
9515,1.0413192244018943,1.354732873668527,45.35,77.3
9516,1.1215794854346912,1.3709668557993624,46.400000000000006,75.9
9517,1.0540263422102236,1.3160464200012327,45.6,75.85
9518,1.0279130329336676,1.303266661557318,45.300000000000004,76.14999999999999
9519,1.0758590607345622,1.302532627794284,44.95,76.7
9520,1.1083766743708001,1.3071444526934428,46.1,77.5
9521,1.080809458784956,1.3115492171584369,45.6,75.05
9522,1.0486907540420942,1.349761470054112,45.550000000000004,76.9
9523,1.0573300887084005,1.3103626901846488,45.050000000000004,75.9
9524,1.0632622415759874,1.311966145186933,45.800000000000004,76.05
9525,1.0500931695298792,1.2899720375568282,45.35,76.55
9526,1.1164680532467604,1.3218046656598403,45.550000000000004,75.8
9527,1.0391733054103904,1.305978119717782,44.6,75.5
9528,1.064627838177001,1.3448811686927056,45.15,75.6
9529,1.0486219108705468,1.2749393986554205,45.2,75.35
9530,1.0787862212632224,1.3312711701783924,45.5,76.1
9531,1.0591239312077465,1.351560531005523,45.5,75.4
9532,1.0360383036103413,1.3727738315783795,45.75,76.55
9533,1.107184100967519,1.3569406050428392,45.6,76.14999999999999
9534,1.065107782667253,1.300239830252932,46.25,75.05
9535,1.0640481549123473,1.3217953756780991,45.5,76.1
9536,1.0257861721798158,1.3189237758860655,44.75,75.44999999999999
9537,1.0703242206949768,1.354140241503021,46.150000000000006,76.55
9538,1.0522357772726427,1.308678101855221,45.45,75.55
9539,1.0549828754979689,1.3018050613869296,45.6,76.05
9540,1.0720258243552108,1.3038511550258358,45.45,74.4
9541,1.0718114385961552,1.340856850649819,45.65,76.0
9542,1.0886876411576787,1.3160104600269869,45.45,76.1
9543,1.065823121167686,1.3071796306688928,45.6,75.6
9544,1.1093488988540527,1.3324300012851162,45.550000000000004,75.4
9545,1.044988373810785,1.3517320737481469,45.9,75.44999999999999
9546,1.066516614175071,1.322778302715889,45.4,75.8
9547,1.0725484809384476,1.3574947756227371,46.0,76.85
9548,1.0446516170423963,1.3383052324852815,44.35,77.14999999999999
9549,1.0457605416438651,1.2890947004694833,45.95,74.95
9550,1.0723028029336177,1.3634979174954733,45.95,76.35
9551,1.0993545523735588,1.3037783742815798,45.1,76.3
9552,1.0375982863862396,1.361383325501515,45.2,75.94999999999999
9553,1.0476018792825739,1.3533633361055102,45.45,76.0
9554,1.03789931173731,1.3090045216266235,46.0,75.0
9555,1.0480064927391186,1.300665235544949,44.95,74.5
9556,1.060650093241093,1.297630192722633,45.6,75.05
9557,1.047476564724473,1.3516519336055401,45.65,75.94999999999999
9558,1.0488475378565576,1.3311559615071635,45.2,75.25
9559,1.0413511927270083,1.3345714523531202,45.550000000000004,76.8
9560,1.0895765702739888,1.3337387185163772,46.25,76.4
9561,1.0270803914271065,1.3076268484520681,45.6,75.6
9562,1.0325759204825864,1.3347267597102814,45.6,75.7
9563,1.0274705666278552,1.2965386165634336,43.85,75.6
9564,1.0689891513012495,1.3688843281912173,44.75,75.64999999999999
9565,1.0863032342727401,1.3421168368152985,45.75,75.94999999999999
9566,1.0563308714487065,1.3499874489455648,45.15,75.0
9567,1.0433492953048271,1.3438793220115854,45.7,75.6
9568,1.024420624926823,1.3088698762840068,44.6,77.10000000000001
9569,1.0493092003957367,1.3371004469301992,44.75,76.05
9570,1.1194083223931863,1.3770936949974253,45.75,77.5
9571,1.1060335056256245,1.3212318549680733,45.4,74.65
9572,1.0396261818291779,1.3388442531702185,44.800000000000004,75.3
9573,1.0671369862086726,1.3356964994953677,45.15,75.4
9574,1.0911003051936736,1.2662162019368166,45.4,74.35000000000001
9575,1.0528278550114356,1.3464525790361617,45.4,75.0
9576,1.0730210255883785,1.3396348889871965,45.050000000000004,75.5
9577,1.030368374157099,1.299427088868188,44.15,75.5
9578,1.0816793122277204,1.3209303389412563,45.0,75.94999999999999
9579,1.0723504428623993,1.335041417337903,45.2,75.9
9580,1.0982792806019228,1.3553428165394303,45.0,75.8
9581,1.0951815538151606,1.2591015975625137,46.300000000000004,74.9
9582,1.1033477562492178,1.2896498475876141,45.95,75.35
9583,1.095787706670777,1.315414175608582,44.45,74.95
9584,1.1167879580286704,1.3206785200582498,45.25,75.0
9585,1.0839113976663626,1.2922809467891418,45.6,75.44999999999999
9586,1.046716717096678,1.2938985611676677,45.25,74.65
9587,1.0398747031150026,1.3513841928502601,45.4,76.2
9588,1.033616130450504,1.3008716925720123,44.9,75.75
9589,1.1025590409953587,1.3232381671181925,46.6,76.4
9590,1.0298110827055904,1.3187600056540214,44.85,75.6
9591,1.135675269858657,1.337262751360448,45.45,76.2
9592,1.0889510653378667,1.3492799967680635,45.800000000000004,74.95
9593,1.0376437346004823,1.3267888172045432,44.75,76.6
9594,1.072346543304564,1.3509004128951683,44.800000000000004,75.1
9595,1.1047659461473123,1.3253009713157997,46.0,75.9
9596,1.126535468462536,1.3234950022634129,46.050000000000004,75.05
9597,1.0675190616873973,1.3348789651338997,44.800000000000004,75.55
9598,1.1025357681047152,1.2955517902393119,45.5,74.4
9599,1.0972059509343661,1.341687843798019,45.6,74.85000000000001
9600,1.046787110813889,1.3774218809585959,45.15,75.55
9601,1.083951414190462,1.282666723239789,45.2,75.5
9602,1.0487595204558475,1.3110351685330157,44.55,75.1
9603,1.0593731260048445,1.3081731626161146,45.25,76.05
9604,1.055531081628976,1.378851621851235,44.95,76.2
9605,1.0514424715027053,1.3471629624888055,44.45,75.64999999999999
9606,1.0323165588058218,1.34707902733953,44.800000000000004,75.85
9607,1.1294086836094226,1.3091834852885063,44.55,75.5
9608,1.0776062721942785,1.314409524354199,45.1,76.05
9609,1.0814930749166334,1.3258301955165184,44.75,75.7
9610,1.0809103170772627,1.3411048058718185,45.1,76.44999999999999
9611,1.0545703756191374,1.2537853970265396,45.9,73.65
9612,1.0915698983624584,1.3127790946282276,44.7,74.35000000000001
9613,1.0674350081191626,1.3410497976862739,45.1,75.55
9614,1.0639337078397781,1.3623353905368203,45.25,75.7
9615,1.0600712425587708,1.373594481905826,45.15,76.14999999999999
9616,1.0819543152229032,1.327598271768712,45.050000000000004,75.85
9617,1.0665815798533367,1.3307762148988718,45.0,75.2
9618,1.034278163145653,1.3344293683658413,43.95,76.0
9619,1.0541328298092714,1.3211553933149018,45.0,75.44999999999999
9620,1.1130276208563037,1.3448001027994876,44.800000000000004,76.1
9621,1.1155255255278127,1.3620236205400689,44.25,74.9
9622,1.0921815360235692,1.3421741474369477,44.65,75.35
9623,1.0941335679367172,1.322633696106182,44.75,74.25
9624,1.0807769053106917,1.3105997732659465,44.6,75.2
9625,1.0668712533608322,1.3430818679428622,44.7,75.25
9626,1.0743150241673998,1.358585495621003,44.55,75.64999999999999
9627,1.0562777526469358,1.3808411117575738,43.75,75.94999999999999
9628,1.0440771212657582,1.356712362239664,44.5,74.8
9629,1.0645381066105644,1.3344326088101863,45.5,75.94999999999999
9630,1.1066225076591194,1.3103583161836359,44.25,74.25
9631,1.0662922855418124,1.3218350998731871,44.75,74.35000000000001
9632,1.078460506542222,1.3686612712516306,45.35,75.3
9633,1.0633578321682466,1.323464617119064,45.300000000000004,74.45
9634,1.0570915106911496,1.325093457652789,45.550000000000004,75.1
9635,1.0931620625069631,1.3696595657547113,45.25,75.85
9636,1.0522372193205771,1.3482829569159402,43.95,75.14999999999999
9637,1.0789954901294687,1.3432810443337566,44.25,75.14999999999999
9638,1.0388479958860553,1.3151817655237592,45.15,76.14999999999999
9639,1.025764147821402,1.350230890232508,44.65,74.85000000000001
9640,1.0781213998773092,1.355940321418081,44.75,75.64999999999999
9641,1.0299674069279101,1.3336087272112986,44.05,75.75
9642,1.1111532371228552,1.3410803436253136,44.9,75.14999999999999
9643,1.0622911968069306,1.3504391045033535,44.6,76.1
9644,1.0760035233055114,1.3253807844824212,45.0,74.8
9645,1.0727239474274501,1.3640650173732352,45.550000000000004,76.2
9646,1.0670304361070897,1.3098764197536108,45.7,74.95
9647,1.1114243561525858,1.3289843699676762,46.1,75.25
9648,1.0612258895360178,1.309299974073951,45.1,75.9
9649,1.0760926122524845,1.3038509336849686,45.300000000000004,75.0
9650,1.0589453238621314,1.36415199320471,45.1,75.8
9651,1.1433310137541595,1.3687631721088438,45.85,75.75
9652,1.072042700942132,1.302022732198781,45.4,75.75
9653,1.076456474015365,1.3204896997459736,45.800000000000004,75.85
9654,1.1166747217564335,1.3215345882156808,45.1,75.5
9655,1.0372976781734222,1.2946960834698766,45.1,75.25
9656,1.0789809778657606,1.2794217459711221,45.15,75.8
9657,1.0864632046918994,1.3543798554780706,45.4,75.05
9658,1.080913117963311,1.3180606007824027,45.6,76.05
9659,1.0729753073135821,1.306102747674296,44.5,74.8
9660,1.073385515693735,1.3360866163815925,45.75,75.44999999999999
9661,1.0599460216013343,1.3445005850624918,45.4,75.6
9662,1.081622283917487,1.3539004053984858,44.3,75.9
9663,1.0628909386207248,1.3788436902740735,45.800000000000004,76.14999999999999
9664,1.1311609135599154,1.3623978267296064,46.5,76.1
9665,1.0807065552318544,1.3116657790125583,45.6,75.35
9666,1.1297354232573158,1.3326041856514534,45.5,75.4
9667,1.0803010757108178,1.300477163529451,45.1,74.8
9668,1.0559561922424228,1.3276068877034914,45.300000000000004,75.64999999999999
9669,1.0837440061979655,1.2943296822652623,44.6,74.85000000000001
9670,1.0525895015741353,1.3583824464478442,45.15,75.3
9671,1.0341770134283057,1.3291117660780152,45.25,75.64999999999999
9672,1.0992816393195117,1.3755384788684784,45.35,76.14999999999999
9673,1.062846966586779,1.2951283968951888,45.0,76.0
9674,1.070713745300971,1.3550938494920983,44.75,76.2
9675,1.0459337988868407,1.3051396237728128,45.25,75.4
9676,1.1362356617921283,1.3092483251776845,45.5,75.64999999999999
9677,1.0854650640143482,1.3555766908957891,45.050000000000004,76.9
9678,1.0646637923317253,1.3306588077055725,45.25,76.1
9679,1.1108946595433826,1.3173778653977728,45.45,76.7
9680,1.0835290310181054,1.339589849075403,45.800000000000004,76.44999999999999
9681,1.1079599129488893,1.3222985423016536,45.25,76.05
9682,1.0902629209619081,1.328873746413573,45.2,76.0
9683,1.0974406575282598,1.3167449510263798,45.7,75.44999999999999
9684,1.0940840130540146,1.2997326787241117,46.050000000000004,75.25
9685,1.0786655285257274,1.3101950922112338,45.45,76.0
9686,1.078597294228372,1.3384840540958127,44.95,76.35
9687,1.1134882148832737,1.3595171956914238,45.050000000000004,75.7
9688,1.0623455611224817,1.3260073689846308,46.0,74.95
9689,1.0499848311835742,1.3539495088213789,44.85,76.64999999999999
9690,1.0651445202264787,1.329159785288073,44.800000000000004,75.2
9691,1.0543566698647895,1.3158352128157087,45.15,76.1
9692,1.0801018493959593,1.3086257438337483,45.35,74.95
9693,1.1267036922621774,1.3274865129359446,45.65,75.85
9694,1.0455977455819576,1.3467420464289857,45.45,74.9
9695,1.134172844039858,1.3140800952914928,46.1,75.9
9696,1.07625451330278,1.3014607994799585,44.25,74.9
9697,1.095896711820766,1.3416876788152756,45.45,76.25
9698,1.0518864618154573,1.353321015894809,44.25,74.95
9699,1.0776428664395405,1.3162399116277772,45.4,75.85
9700,1.0513765806125266,1.3733129931557393,44.35,76.8
9701,1.115856357329815,1.3072177407142114,44.45,75.2
9702,1.0583591723418213,1.3307634764044887,44.7,76.35
9703,1.0825625296693464,1.3322399035635997,44.65,75.75
9704,1.0659517672325882,1.3695281185265222,44.75,76.5
9705,1.1117667949309318,1.333071505828917,44.6,75.6
9706,1.060282468326871,1.35042326902802,44.5,76.75
9707,1.0374957553317752,1.3457605609296797,44.9,75.55
9708,1.1186533509506784,1.3097668954216302,45.35,75.14999999999999
9709,1.10447763929482,1.381487298828879,44.65,76.7
9710,1.0496434060455662,1.319233373583145,45.15,76.2
9711,1.099975606820386,1.3693390351426615,45.550000000000004,76.64999999999999
9712,1.0868398173897809,1.3848226205948786,45.45,76.8
9713,1.0241338362751584,1.321256973086087,44.45,74.95
9714,1.0642482500672008,1.4288062755836264,45.35,76.64999999999999
9715,1.102105439117288,1.3272184513367502,45.5,75.8
9716,1.0944062959305307,1.3380099074380738,45.4,76.8
9717,1.0534137537560297,1.3713350108258997,45.4,76.7
9718,1.090178372533588,1.3537934739597222,44.65,76.3
9719,1.1128309990845613,1.3465037463557197,45.75,75.7
9720,1.0454870250401775,1.320213990883958,44.65,76.2
9721,1.0862172204622793,1.369330948670562,45.550000000000004,76.0
9722,1.0614729208075822,1.3566193682728946,45.550000000000004,76.05
9723,1.0614608290596812,1.3370705907148912,45.0,75.3
9724,1.0701302443738514,1.3745885716070778,45.0,75.25
9725,1.1034367224433144,1.3490649094452998,44.85,76.1
9726,1.0757116961333235,1.3554628361206078,45.5,76.35
9727,1.0958503931265486,1.3476402815722517,45.050000000000004,76.95
9728,1.1091672887425421,1.3539774640515436,44.85,75.05
9729,1.0624557094626745,1.3201651526759834,44.25,74.7
9730,1.0966262780344391,1.3191645810178931,45.6,75.5
9731,1.0892443952092894,1.3093757650996305,45.1,75.9
9732,1.077527886705071,1.3274081752444977,45.45,75.2
9733,1.0855610557286108,1.3325019449186781,45.7,75.5
9734,1.0441834948203288,1.322251379318579,44.9,75.9
9735,1.0515541528668764,1.3479803702033224,45.800000000000004,76.85
9736,1.0527187730931329,1.3230006141779587,45.2,73.9
9737,1.0719900938551497,1.2835247686582854,45.25,74.9
9738,1.0765605085332222,1.346563283600014,46.150000000000006,76.5
9739,1.0664563850270565,1.3502901864562136,46.25,75.64999999999999
9740,1.0812819283309918,1.3439917671077448,45.25,75.75
9741,1.04285214024787,1.360986976196402,45.1,76.35
9742,1.1214683156010423,1.3840868264833566,46.7,76.3
9743,1.1118879275795965,1.2786815380872378,45.6,76.75
9744,1.0877232927765708,1.3066917714904425,45.35,74.9
9745,1.0718557780696751,1.3369352440839295,44.9,76.64999999999999
9746,1.0970948972939665,1.3506672407678324,45.4,76.25
9747,1.0859329825212531,1.3184222893980553,46.45,75.0
9748,1.083287611367529,1.3281004548561524,46.45,75.6
9749,1.0528025167188744,1.3382933548904257,45.45,76.5
9750,1.0502598755713506,1.339398244810081,45.550000000000004,75.94999999999999
9751,1.0616917043931562,1.3216453485246302,45.050000000000004,75.94999999999999
9752,1.103943825593909,1.3577256346036217,45.5,75.85
9753,1.0794339913584292,1.3548455733859928,46.1,75.64999999999999
9754,1.1029209350398086,1.321229607867419,45.7,75.55
9755,1.0871033615930994,1.3009590290337305,45.45,74.8
9756,1.08033890021347,1.3521204124445807,45.15,76.3
9757,1.0550737334438283,1.344949715606302,45.2,76.9
9758,1.099106160985405,1.3756124795221185,46.35,77.10000000000001
9759,1.0746275383659036,1.266687508990433,45.800000000000004,75.55
9760,1.0831873361956885,1.301513081969237,46.35,74.9
9761,1.0938873744891575,1.2760223749590633,45.5,74.75
9762,1.0691187139689677,1.3814910483792813,45.25,75.85
9763,1.0585450588516212,1.316112141905604,45.65,75.5
9764,1.0850674653811168,1.337350132529897,45.65,74.8
9765,1.0740999656773473,1.3452489529287457,45.45,74.4
9766,1.077225892631904,1.3237215324722325,46.050000000000004,75.9
9767,1.0522090800618595,1.368355296658396,45.25,75.1
9768,1.099603525454194,1.338204218278619,45.9,74.85000000000001
9769,1.0407633169231376,1.3313407218844213,45.4,75.05
9770,1.0760607887407765,1.3878745506314867,45.95,76.4
9771,1.0887977054687752,1.3054097006746845,45.95,74.55000000000001
9772,1.0800719312283926,1.376908927123358,46.949999999999996,74.7
9773,1.061311938649388,1.3556552062991236,44.800000000000004,75.44999999999999
9774,1.0688410325345143,1.349156799712387,45.85,75.6
9775,1.058169097529561,1.3956273771193637,45.85,76.1
9776,1.0539506965196328,1.3812578839129546,45.800000000000004,76.3
9777,1.082141612594358,1.3274414238088683,45.9,75.14999999999999
9778,1.114468362809038,1.3269228782974969,44.7,75.3
9779,1.1223105228349255,1.3438267719847565,45.85,76.2
9780,1.067607649767014,1.3385397563375574,44.75,75.75
9781,1.0775382947459926,1.3416160640033812,45.4,75.4
9782,1.0452503598295264,1.3482154282635197,45.050000000000004,75.7
9783,1.1271012539693006,1.297167154268332,44.75,75.1
9784,1.066179414720702,1.3095742680881253,45.1,73.95
9785,1.0758470580280382,1.327849370257481,44.9,76.2
9786,1.060015237509379,1.3237145645020656,45.2,76.0
9787,1.070831929506128,1.3782993130613366,45.35,76.75
9788,1.0655971658185708,1.2842979259914886,44.75,76.25
9789,1.053886527844033,1.3864741379211885,44.75,75.64999999999999
9790,1.0766387071563304,1.3605254279588879,44.95,77.3
9791,1.0962972470807946,1.3282103833327092,45.15,76.7
9792,1.0499803815296005,1.2789982875053851,44.95,74.85000000000001
9793,1.0556345825432485,1.3582689930521292,45.15,76.35
9794,1.071076095338696,1.3879099472737482,45.65,77.05
9795,1.0421758818612896,1.3346368929664925,45.15,75.44999999999999
9796,1.0808146617542724,1.3769328094988245,45.5,75.85
9797,1.0900266712786542,1.348039074256703,44.800000000000004,76.5
9798,1.0691901457308204,1.3212219392917688,46.300000000000004,75.05
9799,1.0567591832571497,1.3210727362531962,44.7,75.94999999999999
9800,1.056107520754318,1.3167399250438325,45.0,75.6
9801,1.078238760887366,1.352345825237482,45.550000000000004,75.94999999999999
9802,1.0740032714291823,1.3043871173676385,44.85,74.45
9803,1.0824637102369117,1.3603632386838862,45.0,75.8
9804,1.1236547355614253,1.3287513112729943,45.4,76.44999999999999
9805,1.0543179816120574,1.4109127815495053,44.9,76.9
9806,1.050096124949997,1.3554764102482295,44.85,75.8
9807,1.0919074660998163,1.356204606538847,45.5,76.0
9808,1.1003052117159575,1.3534482091165956,45.050000000000004,75.4
9809,1.073162467723561,1.3915169084443677,44.800000000000004,77.0
9810,1.0871371735987323,1.3009363586156386,45.300000000000004,75.75
9811,1.0908951879699698,1.33032930064705,45.5,76.25
9812,1.0730655910813207,1.398577668957514,46.2,76.8
9813,1.0984416039798262,1.319406297932023,46.45,75.85
9814,1.0894240050517743,1.3489778937486996,45.35,76.9
9815,1.1002079418885156,1.2959760525386905,45.4,76.5
9816,1.0844874903721398,1.3607634264188107,45.6,77.10000000000001
9817,1.1125533554165286,1.3814554412837183,45.9,76.7
9818,1.081442082613858,1.3208823826631995,46.0,75.35
9819,1.06510120120372,1.3183255365203854,45.4,74.75
9820,1.0782469963095374,1.3449682455929983,45.35,75.75
9821,1.098351401033974,1.3408342131767268,45.25,76.3
9822,1.084296343023024,1.319678371041441,45.800000000000004,75.85
9823,1.066503752577541,1.3322355192106594,45.5,75.55
9824,1.0855122540630164,1.3341596443776695,44.7,76.3
9825,1.0794533677643234,1.3726095878988254,45.2,76.3
9826,1.0939984150462978,1.3252654037672187,45.15,74.8
9827,1.056844596002892,1.3200084450402925,44.05,75.9
9828,1.0864280846693892,1.3373769782250655,45.5,75.7
9829,1.1254302924789013,1.3716374897283723,45.95,76.5
9830,1.091275376083012,1.3187812716707135,46.300000000000004,76.14999999999999
9831,1.0751484955051487,1.313125192329559,46.2,74.65
9832,1.1026584255707996,1.3310130805194202,45.65,75.9
9833,1.0792149726748685,1.3196957691497295,44.25,75.4
9834,1.0794205027840515,1.3256842298903246,45.1,76.44999999999999
9835,1.1267062812516568,1.3545989981594069,44.5,76.0
9836,1.1155862652854585,1.3528840159557507,45.45,77.10000000000001
9837,1.081669800791732,1.3102721454133621,45.050000000000004,76.55
9838,1.058419315389142,1.3214201973682143,45.050000000000004,74.75
9839,1.0866227026530222,1.349320941151762,44.3,76.5
9840,1.08808808155406,1.281058187075036,46.050000000000004,76.35
9841,1.0713784730471123,1.348123135406757,44.65,76.75
9842,1.1052478928522866,1.3276232616555936,46.0,75.7
9843,1.088117357366792,1.3487441163303031,45.0,76.0
9844,1.0992001278353012,1.3398362050810957,46.2,74.65
9845,1.0575182658499764,1.347184893136688,44.3,74.9
9846,1.0719930482507245,1.3771343191371066,44.55,76.1
9847,1.0805230940396717,1.3273039236196222,46.050000000000004,74.75
9848,1.101701717583815,1.3485677760883186,46.300000000000004,75.75
9849,1.096738465547332,1.3378668692560287,44.800000000000004,75.35
9850,1.0743862469109218,1.351012296206289,46.0,75.85
9851,1.1060626371065292,1.3165993717831417,45.9,76.0
9852,1.118326212628787,1.3194683040150286,45.050000000000004,75.9
9853,1.0908542632394047,1.3425758516143913,44.7,76.14999999999999
9854,1.100618988890213,1.3561652311262868,45.2,75.64999999999999
9855,1.1098592298620888,1.3893452603083192,45.7,75.85
9856,1.0447914511652596,1.4130642636963333,44.800000000000004,76.4
9857,1.1056771674031993,1.3313111250357863,45.45,76.05
9858,1.0672616197658633,1.344878037815981,45.4,76.05
9859,1.0566637733926034,1.3633211284139375,44.1,75.7
9860,1.0953587693803157,1.3255338691208691,45.15,75.7
9861,1.082159726026491,1.3189593902611778,45.550000000000004,75.44999999999999
9862,1.0830854166170356,1.3332686958861222,44.9,75.25
9863,1.0606091795788724,1.3434403026372588,44.7,74.85000000000001
9864,1.0661231534978386,1.328644519472878,44.6,75.2
9865,1.0824929368206515,1.3552498339009678,44.75,76.2
9866,1.0543405222178162,1.3494400085769427,45.25,75.44999999999999
9867,1.0925814404847165,1.3495484178408736,45.15,76.1
9868,1.0843196895498444,1.374869429111173,45.35,75.1
9869,1.120501822492317,1.3227166073223104,45.5,74.9
9870,1.0635610754776443,1.311299425888529,44.7,74.6
9871,1.0537175345384513,1.3175704513865703,45.95,75.0
9872,1.0887372015420573,1.3344392303327768,45.2,76.05
9873,1.094972660951647,1.3384387758616019,45.1,76.5
9874,1.070334319770268,1.3440959574644435,45.95,76.14999999999999
9875,1.0848825588743916,1.3418834669890276,45.15,74.95
9876,1.1086018691364141,1.344939744427871,45.2,75.94999999999999
9877,1.0646760037685052,1.3792116540082449,45.75,77.55
9878,1.0839004850680676,1.3245722161322087,45.15,76.4
9879,1.0226165937018632,1.3693367144440403,45.4,76.2
9880,1.086888500418112,1.372453280323281,44.800000000000004,76.3
9881,1.0797062275740843,1.3179266219856671,45.35,74.85000000000001
9882,1.1150026050683233,1.303428142969533,45.050000000000004,75.14999999999999
9883,1.1187009935759598,1.3325156116480332,45.4,75.44999999999999
9884,1.0859985522559754,1.3658138799808397,45.75,77.2
9885,1.1235730284991983,1.3369878356765896,45.2,76.05
9886,1.1124519206036625,1.3573912100909222,45.550000000000004,76.64999999999999
9887,1.0621797888023456,1.3288509338661383,45.050000000000004,75.6
9888,1.062851910097309,1.3708701238597827,45.300000000000004,76.1
9889,1.1382166105934874,1.3774000222663134,45.300000000000004,76.44999999999999
9890,1.0999447726497977,1.359947915488809,45.800000000000004,76.14999999999999
9891,1.1162202519179045,1.3399017332167151,45.1,76.85
9892,1.0516890864289845,1.3486292933394814,45.35,75.5
9893,1.0722475761794188,1.3371314849245166,45.4,75.7
9894,1.0704901497114943,1.3553591700036394,45.050000000000004,76.8
9895,1.0671835820428661,1.3837842976907984,45.25,76.25
9896,1.07280700133654,1.3540492828879385,46.0,76.4
9897,1.0631528010737274,1.3073312251453533,45.35,77.4
9898,1.0908737145202856,1.35373832843425,44.85,76.55
9899,1.0981829621417827,1.35887319558454,45.4,75.44999999999999
9900,1.0656984101712275,1.376444502358482,45.4,76.25
9901,1.1016353171957756,1.379013849702549,45.65,76.95
9902,1.0738754659519552,1.368018799841301,44.65,76.3
9903,1.1134750193703478,1.3713109853384888,46.35,75.8
9904,1.0622376535157827,1.3876029151756064,45.85,76.8
9905,1.0872282227409833,1.3484920981488422,45.5,75.35
9906,1.1150966503735518,1.3174403203048337,45.4,75.0
9907,1.1299468953704481,1.3360189003572058,45.75,76.05
9908,1.074593268322521,1.3902806249479602,45.6,75.25
9909,1.078626825947689,1.3475082868293038,45.6,76.14999999999999
9910,1.0553206655309821,1.3341800938031823,45.1,75.85
9911,1.1117182712102793,1.3356029832917093,45.75,75.75
9912,1.051811011441875,1.363233883465069,45.2,76.6
9913,1.0747297813360521,1.3600777974224374,45.45,75.44999999999999
9914,1.0918382356031258,1.3487118565767533,44.6,76.0
9915,1.107033876599306,1.3459991357243024,46.6,74.6
9916,1.077186141102914,1.350049190899351,45.15,75.64999999999999
9917,1.108557028014677,1.2965248985484572,45.25,74.45
9918,1.0323385387914692,1.3578205945516983,44.45,75.9
9919,1.1114857073781763,1.2919803234993952,45.300000000000004,74.7
9920,1.046833704010332,1.3091683139665349,44.800000000000004,75.55
9921,1.1035166350398216,1.3428081624021106,45.25,74.2
9922,1.0923692050777805,1.335981929557773,45.2,74.95
9923,1.1038124629660806,1.3200931265407363,46.2,74.65
9924,1.1020927607297786,1.3336431664165935,45.25,75.05
9925,1.0440738242883052,1.3935674109643128,45.0,76.4
9926,1.0719118246098245,1.333585889011699,44.3,75.44999999999999
9927,1.0981698435224754,1.330087111975357,46.0,75.5
9928,1.094541257748456,1.3361374625165818,44.9,75.6
9929,1.0816495600579514,1.3305076647433025,44.95,75.8
9930,1.181812407644835,1.3743232655905253,45.800000000000004,76.85
9931,1.0255828578850772,1.4179961209699956,44.65,77.9
9932,1.1056309378864326,1.3663092744757888,45.85,76.44999999999999
9933,1.1004036067899237,1.355064870374887,45.35,75.8
9934,1.097003149319371,1.3567688774551452,46.150000000000006,76.95
9935,1.1137445622806772,1.3577480705769605,45.800000000000004,77.5
9936,1.1631766898146103,1.318257155607509,46.0,76.35
9937,1.0686400254616393,1.4190539696769315,44.7,78.0
9938,1.0742797567941056,1.3477884775574143,45.2,76.7
9939,1.0950821659339254,1.3578393335634065,45.25,77.35
9940,1.05478333901009,1.360974350963148,44.95,77.0
9941,1.094066816959064,1.3285742889205534,44.9,75.85
9942,1.0737600940291476,1.389260382141424,45.300000000000004,76.0
9943,1.0928474445163643,1.2965289126802384,44.75,76.05
9944,1.085798153743245,1.3246864815224109,45.2,75.94999999999999
9945,1.0700553310943401,1.3128395294991697,44.95,76.35
9946,1.0842641781188016,1.3907252676016277,45.0,76.1
9947,1.0909054963075069,1.377518478633649,44.95,76.5
9948,1.1392308580379291,1.3471168586462585,45.85,75.75
9949,1.095217547967786,1.3162384098542783,45.65,75.4
9950,1.0907704790677533,1.3430070423596658,45.4,75.1
9951,1.1175779083605197,1.373446696969117,45.65,75.35
9952,1.0676374772318091,1.3380783545616057,45.2,75.44999999999999
9953,1.0857713947609293,1.292567512318959,45.25,75.7
9954,1.101171152387789,1.3638252524065178,45.25,75.85
9955,1.0870338262122188,1.3617567229443006,45.4,75.7
9956,1.0872934034625936,1.3891556423209883,44.95,76.75
9957,1.1043570499960733,1.3558210135187045,45.15,76.25
9958,1.0660371648806428,1.3403908675103602,45.75,76.35
9959,1.05512145556017,1.4091271241840708,44.6,76.8
9960,1.063010673215444,1.377133435263336,44.65,76.75
9961,1.0922707289635851,1.3693180628187043,45.0,76.7
9962,1.1193846063385722,1.3646166561653885,45.300000000000004,75.44999999999999
9963,1.0997544588716628,1.3667684826022317,44.0,75.94999999999999
9964,1.1181879901603673,1.3642255092556583,44.75,76.05
9965,1.063572977583597,1.3890217338990778,45.0,77.14999999999999
9966,1.0885740239602755,1.3228529067470056,45.6,76.75
9967,1.1085983106518111,1.3713045337843721,45.25,75.94999999999999
9968,1.1295783173416376,1.3801104025871014,46.35,76.7
9969,1.0899605402990291,1.3456619050177059,45.9,76.0
9970,1.087349793257211,1.3708148998015235,45.9,76.4
9971,1.0768794881025587,1.3200179461163593,45.45,76.05
9972,1.095674454898885,1.3495581486845758,45.45,76.8
9973,1.080101266533472,1.361567018375587,46.050000000000004,75.94999999999999
9974,1.090832637757749,1.3993426120277728,45.6,77.14999999999999
9975,1.0803946072935915,1.3570501468359313,45.0,75.05
9976,1.0945271685243616,1.3673555261649035,45.75,76.85
9977,1.0855397230450898,1.3306407405614618,45.7,75.7
9978,1.0893752604563984,1.3066210416399167,44.25,75.3
9979,1.1226110446557214,1.3961815399907105,46.75,76.6
9980,1.1151343200479273,1.3840408215925268,45.5,76.55
9981,1.1122497476001363,1.3437152566065032,45.5,75.64999999999999
9982,1.0671323572832188,1.35651422828446,45.25,75.75
9983,1.0742139727756772,1.3833687067255442,45.300000000000004,76.1
9984,1.035711316034158,1.3618097208055724,45.65,75.6
9985,1.0933713608549533,1.3721360977552548,45.15,75.4
9986,1.1186368339834183,1.3325971718306295,45.2,75.3
9987,1.1265244514036514,1.4080806402923371,46.050000000000004,76.7
9988,1.0838702924826065,1.3278829748337602,46.150000000000006,75.2
9989,1.1064078343742323,1.36627034842875,44.4,76.05
9990,1.1126092777810404,1.3997299819068185,45.550000000000004,77.14999999999999
9991,1.0906231189836777,1.3475164742581678,45.550000000000004,76.25
9992,1.0666021011640263,1.3422588746094781,45.300000000000004,77.0
9993,1.1033404518039693,1.3539381510331727,44.85,76.95
9994,1.091921471422304,1.3570168113824679,44.55,77.05
9995,1.091249839298326,1.365982850526796,44.65,77.05
9996,1.1015371701881307,1.3886156466529014,46.0,76.8
9997,1.0897781995568119,1.3724339916386918,44.85,75.5
9998,1.0624679031272384,1.3409557109335875,45.35,77.35
9999,1.0851237597764953,1.3212983830267218,45.15,75.8
10000,1.0746239525668788,1.3393123265181621,44.95,75.8
